2026-06-12T09:19:39.679+09:00  INFO 2596 --- [quality-service] [main] com.aims.quality.QualityApplication      : Starting QualityApplication using Java 17.0.12 with PID 2596 (C:\Final_PJT\quality_service\build\classes\java\main started by SK in C:\Final_PJT\quality_service)
2026-06-12T09:19:39.690+09:00  INFO 2596 --- [quality-service] [main] com.aims.quality.QualityApplication      : The following 1 profile is active: "local"
2026-06-12T09:19:40.953+09:00  INFO 2596 --- [quality-service] [main] .s.d.r.c.RepositoryConfigurationDelegate : Multiple Spring Data modules found, entering strict repository configuration mode
2026-06-12T09:19:40.953+09:00  INFO 2596 --- [quality-service] [main] .s.d.r.c.RepositoryConfigurationDelegate : Bootstrapping Spring Data JPA repositories in DEFAULT mode.
2026-06-12T09:19:41.159+09:00  INFO 2596 --- [quality-service] [main] .s.d.r.c.RepositoryConfigurationDelegate : Finished Spring Data repository scanning in 181 ms. Found 6 JPA repository interfaces.
2026-06-12T09:19:41.160+09:00  INFO 2596 --- [quality-service] [main] .s.d.r.c.RepositoryConfigurationDelegate : Multiple Spring Data modules found, entering strict repository configuration mode
2026-06-12T09:19:41.162+09:00  INFO 2596 --- [quality-service] [main] .s.d.r.c.RepositoryConfigurationDelegate : Bootstrapping Spring Data JPA repositories in DEFAULT mode.
2026-06-12T09:19:41.192+09:00  INFO 2596 --- [quality-service] [main] .s.d.r.c.RepositoryConfigurationDelegate : Finished Spring Data repository scanning in 31 ms. Found 5 JPA repository interfaces.
2026-06-12T09:19:41.728+09:00  INFO 2596 --- [quality-service] [main] .s.d.r.c.RepositoryConfigurationDelegate : Multiple Spring Data modules found, entering strict repository configuration mode
2026-06-12T09:19:41.728+09:00  INFO 2596 --- [quality-service] [main] .s.d.r.c.RepositoryConfigurationDelegate : Bootstrapping Spring Data Redis repositories in DEFAULT mode.
2026-06-12T09:19:41.781+09:00  INFO 2596 --- [quality-service] [main] .RepositoryConfigurationExtensionSupport : Spring Data Redis - Could not safely identify store assignment for repository candidate interface com.aims.quality.main_db.repository.InspectionDriveDetailRepository; If you want this repository to be a Redis repository, consider annotating your entities with one of these annotations: org.springframework.data.redis.core.RedisHash (preferred), or consider extending one of the following types with your repository: org.springframework.data.keyvalue.repository.KeyValueRepository
2026-06-12T09:19:41.781+09:00  INFO 2596 --- [quality-service] [main] .RepositoryConfigurationExtensionSupport : Spring Data Redis - Could not safely identify store assignment for repository candidate interface com.aims.quality.main_db.repository.InspectionProcessRepository; If you want this repository to be a Redis repository, consider annotating your entities with one of these annotations: org.springframework.data.redis.core.RedisHash (preferred), or consider extending one of the following types with your repository: org.springframework.data.keyvalue.repository.KeyValueRepository
2026-06-12T09:19:41.781+09:00  INFO 2596 --- [quality-service] [main] .RepositoryConfigurationExtensionSupport : Spring Data Redis - Could not safely identify store assignment for repository candidate interface com.aims.quality.main_db.repository.InspectionRiskHistoryRepository; If you want this repository to be a Redis repository, consider annotating your entities with one of these annotations: org.springframework.data.redis.core.RedisHash (preferred), or consider extending one of the following types with your repository: org.springframework.data.keyvalue.repository.KeyValueRepository
2026-06-12T09:19:41.781+09:00  INFO 2596 --- [quality-service] [main] .RepositoryConfigurationExtensionSupport : Spring Data Redis - Could not safely identify store assignment for repository candidate interface com.aims.quality.main_db.repository.InspectionRiskTrendRepository; If you want this repository to be a Redis repository, consider annotating your entities with one of these annotations: org.springframework.data.redis.core.RedisHash (preferred), or consider extending one of the following types with your repository: org.springframework.data.keyvalue.repository.KeyValueRepository
2026-06-12T09:19:41.783+09:00  INFO 2596 --- [quality-service] [main] .RepositoryConfigurationExtensionSupport : Spring Data Redis - Could not safely identify store assignment for repository candidate interface com.aims.quality.main_db.repository.InspectionStatusDetailRepository; If you want this repository to be a Redis repository, consider annotating your entities with one of these annotations: org.springframework.data.redis.core.RedisHash (preferred), or consider extending one of the following types with your repository: org.springframework.data.keyvalue.repository.KeyValueRepository
2026-06-12T09:19:41.783+09:00  INFO 2596 --- [quality-service] [main] .RepositoryConfigurationExtensionSupport : Spring Data Redis - Could not safely identify store assignment for repository candidate interface com.aims.quality.main_db.repository.InspectionSummaryRepository; If you want this repository to be a Redis repository, consider annotating your entities with one of these annotations: org.springframework.data.redis.core.RedisHash (preferred), or consider extending one of the following types with your repository: org.springframework.data.keyvalue.repository.KeyValueRepository
2026-06-12T09:19:41.783+09:00  INFO 2596 --- [quality-service] [main] .RepositoryConfigurationExtensionSupport : Spring Data Redis - Could not safely identify store assignment for repository candidate interface com.aims.quality.sample_db.repository.CarControlRepository; If you want this repository to be a Redis repository, consider annotating your entities with one of these annotations: org.springframework.data.redis.core.RedisHash (preferred), or consider extending one of the following types with your repository: org.springframework.data.keyvalue.repository.KeyValueRepository
2026-06-12T09:19:41.783+09:00  INFO 2596 --- [quality-service] [main] .RepositoryConfigurationExtensionSupport : Spring Data Redis - Could not safely identify store assignment for repository candidate interface com.aims.quality.sample_db.repository.CarDriveRepository; If you want this repository to be a Redis repository, consider annotating your entities with one of these annotations: org.springframework.data.redis.core.RedisHash (preferred), or consider extending one of the following types with your repository: org.springframework.data.keyvalue.repository.KeyValueRepository
2026-06-12T09:19:41.783+09:00  INFO 2596 --- [quality-service] [main] .RepositoryConfigurationExtensionSupport : Spring Data Redis - Could not safely identify store assignment for repository candidate interface com.aims.quality.sample_db.repository.CarDynamicsRepository; If you want this repository to be a Redis repository, consider annotating your entities with one of these annotations: org.springframework.data.redis.core.RedisHash (preferred), or consider extending one of the following types with your repository: org.springframework.data.keyvalue.repository.KeyValueRepository
2026-06-12T09:19:41.783+09:00  INFO 2596 --- [quality-service] [main] .RepositoryConfigurationExtensionSupport : Spring Data Redis - Could not safely identify store assignment for repository candidate interface com.aims.quality.sample_db.repository.CarMasterRepository; If you want this repository to be a Redis repository, consider annotating your entities with one of these annotations: org.springframework.data.redis.core.RedisHash (preferred), or consider extending one of the following types with your repository: org.springframework.data.keyvalue.repository.KeyValueRepository
2026-06-12T09:19:41.783+09:00  INFO 2596 --- [quality-service] [main] .RepositoryConfigurationExtensionSupport : Spring Data Redis - Could not safely identify store assignment for repository candidate interface com.aims.quality.sample_db.repository.CarStatusRepository; If you want this repository to be a Redis repository, consider annotating your entities with one of these annotations: org.springframework.data.redis.core.RedisHash (preferred), or consider extending one of the following types with your repository: org.springframework.data.keyvalue.repository.KeyValueRepository
2026-06-12T09:19:41.783+09:00  INFO 2596 --- [quality-service] [main] .s.d.r.c.RepositoryConfigurationDelegate : Finished Spring Data repository scanning in 26 ms. Found 0 Redis repository interfaces.
2026-06-12T09:19:42.902+09:00  INFO 2596 --- [quality-service] [main] o.s.b.w.embedded.tomcat.TomcatWebServer  : Tomcat initialized with port 8080 (http)
2026-06-12T09:19:42.920+09:00  INFO 2596 --- [quality-service] [main] o.apache.catalina.core.StandardService   : Starting service [Tomcat]
2026-06-12T09:19:42.920+09:00  INFO 2596 --- [quality-service] [main] o.apache.catalina.core.StandardEngine    : Starting Servlet engine: [Apache Tomcat/10.1.41]
2026-06-12T09:19:43.056+09:00  INFO 2596 --- [quality-service] [main] o.a.c.c.C.[Tomcat].[localhost].[/]       : Initializing Spring embedded WebApplicationContext
2026-06-12T09:19:43.056+09:00  INFO 2596 --- [quality-service] [main] w.s.c.ServletWebServerApplicationContext : Root WebApplicationContext: initialization completed in 3281 ms
2026-06-12T09:19:43.421+09:00  INFO 2596 --- [quality-service] [main] o.hibernate.jpa.internal.util.LogHelper  : HHH000204: Processing PersistenceUnitInfo [name: main]
2026-06-12T09:19:43.557+09:00  INFO 2596 --- [quality-service] [main] org.hibernate.Version                    : HHH000412: Hibernate ORM core version 6.5.3.Final
2026-06-12T09:19:43.636+09:00  INFO 2596 --- [quality-service] [main] o.h.c.internal.RegionFactoryInitiator    : HHH000026: Second-level cache disabled
2026-06-12T09:19:44.292+09:00  INFO 2596 --- [quality-service] [main] o.s.o.j.p.SpringPersistenceUnitInfo      : No LoadTimeWeaver setup: ignoring JPA class transformer
2026-06-12T09:19:44.341+09:00  INFO 2596 --- [quality-service] [main] com.zaxxer.hikari.HikariDataSource       : HikariPool-1 - Starting...
2026-06-12T09:19:45.122+09:00  INFO 2596 --- [quality-service] [main] com.zaxxer.hikari.pool.HikariPool        : HikariPool-1 - Added connection com.mysql.cj.jdbc.ConnectionImpl@587f6634
2026-06-12T09:19:45.138+09:00  INFO 2596 --- [quality-service] [main] com.zaxxer.hikari.HikariDataSource       : HikariPool-1 - Start completed.
2026-06-12T09:19:46.477+09:00  INFO 2596 --- [quality-service] [main] o.h.e.t.j.p.i.JtaPlatformInitiator       : HHH000489: No JTA platform available (set 'hibernate.transaction.jta.platform' to enable JTA platform integration)
2026-06-12T09:19:46.477+09:00  INFO 2596 --- [quality-service] [main] j.LocalContainerEntityManagerFactoryBean : Initialized JPA EntityManagerFactory for persistence unit 'main'
2026-06-12T09:19:46.510+09:00  INFO 2596 --- [quality-service] [main] o.hibernate.jpa.internal.util.LogHelper  : HHH000204: Processing PersistenceUnitInfo [name: sample]
2026-06-12T09:19:46.516+09:00  INFO 2596 --- [quality-service] [main] o.h.c.internal.RegionFactoryInitiator    : HHH000026: Second-level cache disabled
2026-06-12T09:19:46.605+09:00  INFO 2596 --- [quality-service] [main] o.s.o.j.p.SpringPersistenceUnitInfo      : No LoadTimeWeaver setup: ignoring JPA class transformer
2026-06-12T09:19:46.605+09:00  INFO 2596 --- [quality-service] [main] com.zaxxer.hikari.HikariDataSource       : HikariPool-2 - Starting...
2026-06-12T09:19:46.732+09:00  INFO 2596 --- [quality-service] [main] com.zaxxer.hikari.pool.HikariPool        : HikariPool-2 - Added connection com.mysql.cj.jdbc.ConnectionImpl@3d3e9163
2026-06-12T09:19:46.732+09:00  INFO 2596 --- [quality-service] [main] com.zaxxer.hikari.HikariDataSource       : HikariPool-2 - Start completed.
2026-06-12T09:19:46.919+09:00  INFO 2596 --- [quality-service] [main] o.h.e.t.j.p.i.JtaPlatformInitiator       : HHH000489: No JTA platform available (set 'hibernate.transaction.jta.platform' to enable JTA platform integration)
2026-06-12T09:19:46.919+09:00  INFO 2596 --- [quality-service] [main] j.LocalContainerEntityManagerFactoryBean : Initialized JPA EntityManagerFactory for persistence unit 'sample'
2026-06-12T09:19:47.498+09:00  WARN 2596 --- [quality-service] [main] .s.s.UserDetailsServiceAutoConfiguration : 

Using generated security password: 1cfde25a-2a6c-456c-97b0-dbdf6c15ef01

This generated password is for development use only. Your security configuration must be updated before running your application in production.

2026-06-12T09:19:47.524+09:00  INFO 2596 --- [quality-service] [main] r$InitializeUserDetailsManagerConfigurer : Global AuthenticationManager configured with UserDetailsService bean with name inMemoryUserDetailsManager
2026-06-12T09:19:49.018+09:00  INFO 2596 --- [quality-service] [main] o.s.b.a.e.web.EndpointLinksResolver      : Exposing 1 endpoint beneath base path '/actuator'
2026-06-12T09:19:49.192+09:00  INFO 2596 --- [quality-service] [main] o.s.b.w.embedded.tomcat.TomcatWebServer  : Tomcat started on port 8080 (http) with context path '/'
2026-06-12T09:19:49.208+09:00  INFO 2596 --- [quality-service] [main] com.aims.quality.QualityApplication      : Started QualityApplication in 10.337 seconds (process running for 10.926)
2026-06-12T09:30:02.193+09:00  INFO 17428 --- [quality-service] [main] com.aims.quality.QualityApplication      : Starting QualityApplication using Java 17.0.12 with PID 17428 (C:\Final_PJT\quality_service\build\classes\java\main started by SK in C:\Final_PJT\quality_service)
2026-06-12T09:30:02.193+09:00  INFO 17428 --- [quality-service] [main] com.aims.quality.QualityApplication      : The following 1 profile is active: "local"
2026-06-12T09:30:36.785+09:00  INFO 17984 --- [quality-service] [main] com.aims.quality.QualityApplication      : Starting QualityApplication using Java 17.0.12 with PID 17984 (C:\Final_PJT\quality_service\build\classes\java\main started by SK in C:\Final_PJT\quality_service)
2026-06-12T09:30:36.793+09:00  INFO 17984 --- [quality-service] [main] com.aims.quality.QualityApplication      : The following 1 profile is active: "local"
2026-06-12T09:30:38.108+09:00  INFO 17984 --- [quality-service] [main] .s.d.r.c.RepositoryConfigurationDelegate : Multiple Spring Data modules found, entering strict repository configuration mode
2026-06-12T09:30:38.109+09:00  INFO 17984 --- [quality-service] [main] .s.d.r.c.RepositoryConfigurationDelegate : Bootstrapping Spring Data JPA repositories in DEFAULT mode.
2026-06-12T09:30:38.280+09:00  INFO 17984 --- [quality-service] [main] .s.d.r.c.RepositoryConfigurationDelegate : Finished Spring Data repository scanning in 157 ms. Found 6 JPA repository interfaces.
2026-06-12T09:30:38.282+09:00  INFO 17984 --- [quality-service] [main] .s.d.r.c.RepositoryConfigurationDelegate : Multiple Spring Data modules found, entering strict repository configuration mode
2026-06-12T09:30:38.282+09:00  INFO 17984 --- [quality-service] [main] .s.d.r.c.RepositoryConfigurationDelegate : Bootstrapping Spring Data JPA repositories in DEFAULT mode.
2026-06-12T09:30:38.305+09:00  INFO 17984 --- [quality-service] [main] .s.d.r.c.RepositoryConfigurationDelegate : Finished Spring Data repository scanning in 23 ms. Found 5 JPA repository interfaces.
2026-06-12T09:30:38.971+09:00  INFO 17984 --- [quality-service] [main] .s.d.r.c.RepositoryConfigurationDelegate : Multiple Spring Data modules found, entering strict repository configuration mode
2026-06-12T09:30:38.972+09:00  INFO 17984 --- [quality-service] [main] .s.d.r.c.RepositoryConfigurationDelegate : Bootstrapping Spring Data Redis repositories in DEFAULT mode.
2026-06-12T09:30:39.022+09:00  INFO 17984 --- [quality-service] [main] .RepositoryConfigurationExtensionSupport : Spring Data Redis - Could not safely identify store assignment for repository candidate interface com.aims.quality.main_db.repository.InspectionDriveDetailRepository; If you want this repository to be a Redis repository, consider annotating your entities with one of these annotations: org.springframework.data.redis.core.RedisHash (preferred), or consider extending one of the following types with your repository: org.springframework.data.keyvalue.repository.KeyValueRepository
2026-06-12T09:30:39.022+09:00  INFO 17984 --- [quality-service] [main] .RepositoryConfigurationExtensionSupport : Spring Data Redis - Could not safely identify store assignment for repository candidate interface com.aims.quality.main_db.repository.InspectionProcessRepository; If you want this repository to be a Redis repository, consider annotating your entities with one of these annotations: org.springframework.data.redis.core.RedisHash (preferred), or consider extending one of the following types with your repository: org.springframework.data.keyvalue.repository.KeyValueRepository
2026-06-12T09:30:39.022+09:00  INFO 17984 --- [quality-service] [main] .RepositoryConfigurationExtensionSupport : Spring Data Redis - Could not safely identify store assignment for repository candidate interface com.aims.quality.main_db.repository.InspectionRiskHistoryRepository; If you want this repository to be a Redis repository, consider annotating your entities with one of these annotations: org.springframework.data.redis.core.RedisHash (preferred), or consider extending one of the following types with your repository: org.springframework.data.keyvalue.repository.KeyValueRepository
2026-06-12T09:30:39.022+09:00  INFO 17984 --- [quality-service] [main] .RepositoryConfigurationExtensionSupport : Spring Data Redis - Could not safely identify store assignment for repository candidate interface com.aims.quality.main_db.repository.InspectionRiskTrendRepository; If you want this repository to be a Redis repository, consider annotating your entities with one of these annotations: org.springframework.data.redis.core.RedisHash (preferred), or consider extending one of the following types with your repository: org.springframework.data.keyvalue.repository.KeyValueRepository
2026-06-12T09:30:39.022+09:00  INFO 17984 --- [quality-service] [main] .RepositoryConfigurationExtensionSupport : Spring Data Redis - Could not safely identify store assignment for repository candidate interface com.aims.quality.main_db.repository.InspectionStatusDetailRepository; If you want this repository to be a Redis repository, consider annotating your entities with one of these annotations: org.springframework.data.redis.core.RedisHash (preferred), or consider extending one of the following types with your repository: org.springframework.data.keyvalue.repository.KeyValueRepository
2026-06-12T09:30:39.022+09:00  INFO 17984 --- [quality-service] [main] .RepositoryConfigurationExtensionSupport : Spring Data Redis - Could not safely identify store assignment for repository candidate interface com.aims.quality.main_db.repository.InspectionSummaryRepository; If you want this repository to be a Redis repository, consider annotating your entities with one of these annotations: org.springframework.data.redis.core.RedisHash (preferred), or consider extending one of the following types with your repository: org.springframework.data.keyvalue.repository.KeyValueRepository
2026-06-12T09:30:39.022+09:00  INFO 17984 --- [quality-service] [main] .RepositoryConfigurationExtensionSupport : Spring Data Redis - Could not safely identify store assignment for repository candidate interface com.aims.quality.sample_db.repository.CarControlRepository; If you want this repository to be a Redis repository, consider annotating your entities with one of these annotations: org.springframework.data.redis.core.RedisHash (preferred), or consider extending one of the following types with your repository: org.springframework.data.keyvalue.repository.KeyValueRepository
2026-06-12T09:30:39.022+09:00  INFO 17984 --- [quality-service] [main] .RepositoryConfigurationExtensionSupport : Spring Data Redis - Could not safely identify store assignment for repository candidate interface com.aims.quality.sample_db.repository.CarDriveRepository; If you want this repository to be a Redis repository, consider annotating your entities with one of these annotations: org.springframework.data.redis.core.RedisHash (preferred), or consider extending one of the following types with your repository: org.springframework.data.keyvalue.repository.KeyValueRepository
2026-06-12T09:30:39.022+09:00  INFO 17984 --- [quality-service] [main] .RepositoryConfigurationExtensionSupport : Spring Data Redis - Could not safely identify store assignment for repository candidate interface com.aims.quality.sample_db.repository.CarDynamicsRepository; If you want this repository to be a Redis repository, consider annotating your entities with one of these annotations: org.springframework.data.redis.core.RedisHash (preferred), or consider extending one of the following types with your repository: org.springframework.data.keyvalue.repository.KeyValueRepository
2026-06-12T09:30:39.022+09:00  INFO 17984 --- [quality-service] [main] .RepositoryConfigurationExtensionSupport : Spring Data Redis - Could not safely identify store assignment for repository candidate interface com.aims.quality.sample_db.repository.CarMasterRepository; If you want this repository to be a Redis repository, consider annotating your entities with one of these annotations: org.springframework.data.redis.core.RedisHash (preferred), or consider extending one of the following types with your repository: org.springframework.data.keyvalue.repository.KeyValueRepository
2026-06-12T09:30:39.022+09:00  INFO 17984 --- [quality-service] [main] .RepositoryConfigurationExtensionSupport : Spring Data Redis - Could not safely identify store assignment for repository candidate interface com.aims.quality.sample_db.repository.CarStatusRepository; If you want this repository to be a Redis repository, consider annotating your entities with one of these annotations: org.springframework.data.redis.core.RedisHash (preferred), or consider extending one of the following types with your repository: org.springframework.data.keyvalue.repository.KeyValueRepository
2026-06-12T09:30:39.022+09:00  INFO 17984 --- [quality-service] [main] .s.d.r.c.RepositoryConfigurationDelegate : Finished Spring Data repository scanning in 40 ms. Found 0 Redis repository interfaces.
2026-06-12T09:30:40.777+09:00  INFO 17984 --- [quality-service] [main] o.s.b.w.embedded.tomcat.TomcatWebServer  : Tomcat initialized with port 8083 (http)
2026-06-12T09:30:40.820+09:00  INFO 17984 --- [quality-service] [main] o.apache.catalina.core.StandardService   : Starting service [Tomcat]
2026-06-12T09:30:40.820+09:00  INFO 17984 --- [quality-service] [main] o.apache.catalina.core.StandardEngine    : Starting Servlet engine: [Apache Tomcat/10.1.41]
2026-06-12T09:30:41.011+09:00  INFO 17984 --- [quality-service] [main] o.a.c.c.C.[Tomcat].[localhost].[/]       : Initializing Spring embedded WebApplicationContext
2026-06-12T09:30:41.012+09:00  INFO 17984 --- [quality-service] [main] w.s.c.ServletWebServerApplicationContext : Root WebApplicationContext: initialization completed in 4157 ms
2026-06-12T09:30:41.457+09:00  INFO 17984 --- [quality-service] [main] o.hibernate.jpa.internal.util.LogHelper  : HHH000204: Processing PersistenceUnitInfo [name: main]
2026-06-12T09:30:41.581+09:00  INFO 17984 --- [quality-service] [main] org.hibernate.Version                    : HHH000412: Hibernate ORM core version 6.5.3.Final
2026-06-12T09:30:41.654+09:00  INFO 17984 --- [quality-service] [main] o.h.c.internal.RegionFactoryInitiator    : HHH000026: Second-level cache disabled
2026-06-12T09:30:42.831+09:00  INFO 17984 --- [quality-service] [main] o.s.o.j.p.SpringPersistenceUnitInfo      : No LoadTimeWeaver setup: ignoring JPA class transformer
2026-06-12T09:30:42.906+09:00  INFO 17984 --- [quality-service] [main] com.zaxxer.hikari.HikariDataSource       : HikariPool-1 - Starting...
2026-06-12T09:30:43.769+09:00  INFO 17984 --- [quality-service] [main] com.zaxxer.hikari.pool.HikariPool        : HikariPool-1 - Added connection com.mysql.cj.jdbc.ConnectionImpl@73ff7a54
2026-06-12T09:30:43.776+09:00  INFO 17984 --- [quality-service] [main] com.zaxxer.hikari.HikariDataSource       : HikariPool-1 - Start completed.
2026-06-12T09:30:45.695+09:00  INFO 17984 --- [quality-service] [main] o.h.e.t.j.p.i.JtaPlatformInitiator       : HHH000489: No JTA platform available (set 'hibernate.transaction.jta.platform' to enable JTA platform integration)
2026-06-12T09:30:45.705+09:00  INFO 17984 --- [quality-service] [main] j.LocalContainerEntityManagerFactoryBean : Initialized JPA EntityManagerFactory for persistence unit 'main'
2026-06-12T09:30:45.722+09:00  INFO 17984 --- [quality-service] [main] o.hibernate.jpa.internal.util.LogHelper  : HHH000204: Processing PersistenceUnitInfo [name: sample]
2026-06-12T09:30:45.729+09:00  INFO 17984 --- [quality-service] [main] o.h.c.internal.RegionFactoryInitiator    : HHH000026: Second-level cache disabled
2026-06-12T09:30:45.819+09:00  INFO 17984 --- [quality-service] [main] o.s.o.j.p.SpringPersistenceUnitInfo      : No LoadTimeWeaver setup: ignoring JPA class transformer
2026-06-12T09:30:45.819+09:00  INFO 17984 --- [quality-service] [main] com.zaxxer.hikari.HikariDataSource       : HikariPool-2 - Starting...
2026-06-12T09:30:46.008+09:00  INFO 17984 --- [quality-service] [main] com.zaxxer.hikari.pool.HikariPool        : HikariPool-2 - Added connection com.mysql.cj.jdbc.ConnectionImpl@3a9a12a1
2026-06-12T09:30:46.011+09:00  INFO 17984 --- [quality-service] [main] com.zaxxer.hikari.HikariDataSource       : HikariPool-2 - Start completed.
2026-06-12T09:30:46.207+09:00  INFO 17984 --- [quality-service] [main] o.h.e.t.j.p.i.JtaPlatformInitiator       : HHH000489: No JTA platform available (set 'hibernate.transaction.jta.platform' to enable JTA platform integration)
2026-06-12T09:30:46.213+09:00  INFO 17984 --- [quality-service] [main] j.LocalContainerEntityManagerFactoryBean : Initialized JPA EntityManagerFactory for persistence unit 'sample'
2026-06-12T09:30:47.034+09:00  WARN 17984 --- [quality-service] [main] .s.s.UserDetailsServiceAutoConfiguration : 

Using generated security password: 0c7589bd-9ec5-409d-a5c8-8af4a85623ce

This generated password is for development use only. Your security configuration must be updated before running your application in production.

2026-06-12T09:30:47.081+09:00  INFO 17984 --- [quality-service] [main] r$InitializeUserDetailsManagerConfigurer : Global AuthenticationManager configured with UserDetailsService bean with name inMemoryUserDetailsManager
2026-06-12T09:30:49.029+09:00  INFO 17984 --- [quality-service] [main] o.s.b.a.e.web.EndpointLinksResolver      : Exposing 1 endpoint beneath base path '/actuator'
2026-06-12T09:30:49.237+09:00  INFO 17984 --- [quality-service] [main] o.s.b.w.embedded.tomcat.TomcatWebServer  : Tomcat started on port 8083 (http) with context path '/'
2026-06-12T09:30:49.265+09:00  INFO 17984 --- [quality-service] [main] com.aims.quality.QualityApplication      : Started QualityApplication in 13.221 seconds (process running for 13.69)
2026-06-12T09:32:16.677+09:00  INFO 17984 --- [quality-service] [http-nio-8083-exec-1] o.a.c.c.C.[Tomcat].[localhost].[/]       : Initializing Spring DispatcherServlet 'dispatcherServlet'
2026-06-12T09:32:16.678+09:00  INFO 17984 --- [quality-service] [http-nio-8083-exec-1] o.s.web.servlet.DispatcherServlet        : Initializing Servlet 'dispatcherServlet'
2026-06-12T09:32:16.686+09:00  INFO 17984 --- [quality-service] [http-nio-8083-exec-1] o.s.web.servlet.DispatcherServlet        : Completed initialization in 7 ms
2026-06-12T09:32:17.145+09:00 DEBUG 17984 --- [quality-service] [http-nio-8083-exec-1] org.hibernate.SQL                        : select is1_0.id,is1_0.abnormal_count,is1_0.abnormal_rate,is1_0.created_at,is1_0.normal_count,is1_0.normal_rate,is1_0.stanby_count,is1_0.total_count from inspection_summary is1_0
2026-06-12T09:32:40.125+09:00 DEBUG 17984 --- [quality-service] [http-nio-8083-exec-3] org.hibernate.SQL                        : select is1_0.id,is1_0.abnormal_count,is1_0.abnormal_rate,is1_0.created_at,is1_0.normal_count,is1_0.normal_rate,is1_0.stanby_count,is1_0.total_count from inspection_summary is1_0
2026-06-12T09:32:40.132+09:00 DEBUG 17984 --- [quality-service] [http-nio-8083-exec-9] org.hibernate.SQL                        : select irh1_0.id,irh1_0.inspection_type,irh1_0.record_time,irh1_0.risk_score from inspection_risk_history irh1_0
2026-06-12T09:32:40.132+09:00 DEBUG 17984 --- [quality-service] [http-nio-8083-exec-6] org.hibernate.SQL                        : select idd1_0.id,idd1_0.brake_pressure,idd1_0.car_code,idd1_0.created_at,idd1_0.drive_score,idd1_0.driving_pattern,idd1_0.inspection_no,idd1_0.inspection_result,idd1_0.issue_message,idd1_0.steering_angle,idd1_0.throttle_position,idd1_0.vehicle_id from inspection_drive_detail idd1_0
2026-06-12T09:32:40.133+09:00 DEBUG 17984 --- [quality-service] [http-nio-8083-exec-8] org.hibernate.SQL                        : select isd1_0.id,isd1_0.att,isd1_0.battery_voltage,isd1_0.car_code,isd1_0.created_at,isd1_0.fuel_rate,isd1_0.gear,isd1_0.inspection_no,isd1_0.inspection_result,isd1_0.issue_message,isd1_0.speed,isd1_0.status_score,isd1_0.vehicle_id from inspection_status_detail isd1_0
2026-06-12T09:32:40.135+09:00 DEBUG 17984 --- [quality-service] [http-nio-8083-exec-10] org.hibernate.SQL                        : select irt1_0.id,irt1_0.created_at,irt1_0.risk_count,irt1_0.risk_level,irt1_0.risk_ratio from inspection_risk_trend irt1_0
2026-06-12T09:32:40.135+09:00 DEBUG 17984 --- [quality-service] [http-nio-8083-exec-2] org.hibernate.SQL                        : select ip1_0.id,ip1_0.completed_count,ip1_0.created_at,ip1_0.process_name,ip1_0.process_status,ip1_0.progress_rate,ip1_0.total_vehicle_count,ip1_0.waiting_count from inspection_process ip1_0
2026-06-12T09:32:40.348+09:00 DEBUG 17984 --- [quality-service] [http-nio-8083-exec-5] org.hibernate.SQL                        : select irh1_0.id,irh1_0.inspection_type,irh1_0.record_time,irh1_0.risk_score from inspection_risk_history irh1_0
2026-06-12T09:32:40.351+09:00 DEBUG 17984 --- [quality-service] [http-nio-8083-exec-7] org.hibernate.SQL                        : select ip1_0.id,ip1_0.completed_count,ip1_0.created_at,ip1_0.process_name,ip1_0.process_status,ip1_0.progress_rate,ip1_0.total_vehicle_count,ip1_0.waiting_count from inspection_process ip1_0
2026-06-12T09:32:40.367+09:00 DEBUG 17984 --- [quality-service] [http-nio-8083-exec-3] org.hibernate.SQL                        : select is1_0.id,is1_0.abnormal_count,is1_0.abnormal_rate,is1_0.created_at,is1_0.normal_count,is1_0.normal_rate,is1_0.stanby_count,is1_0.total_count from inspection_summary is1_0
2026-06-12T09:32:40.383+09:00 DEBUG 17984 --- [quality-service] [http-nio-8083-exec-4] org.hibernate.SQL                        : select irt1_0.id,irt1_0.created_at,irt1_0.risk_count,irt1_0.risk_level,irt1_0.risk_ratio from inspection_risk_trend irt1_0
2026-06-12T09:32:40.400+09:00 DEBUG 17984 --- [quality-service] [http-nio-8083-exec-1] org.hibernate.SQL                        : select isd1_0.id,isd1_0.att,isd1_0.battery_voltage,isd1_0.car_code,isd1_0.created_at,isd1_0.fuel_rate,isd1_0.gear,isd1_0.inspection_no,isd1_0.inspection_result,isd1_0.issue_message,isd1_0.speed,isd1_0.status_score,isd1_0.vehicle_id from inspection_status_detail isd1_0
2026-06-12T09:32:40.436+09:00 DEBUG 17984 --- [quality-service] [http-nio-8083-exec-6] org.hibernate.SQL                        : select idd1_0.id,idd1_0.brake_pressure,idd1_0.car_code,idd1_0.created_at,idd1_0.drive_score,idd1_0.driving_pattern,idd1_0.inspection_no,idd1_0.inspection_result,idd1_0.issue_message,idd1_0.steering_angle,idd1_0.throttle_position,idd1_0.vehicle_id from inspection_drive_detail idd1_0
2026-06-12T09:39:46.003+09:00 DEBUG 17984 --- [quality-service] [http-nio-8083-exec-3] org.hibernate.SQL                        : select irt1_0.id,irt1_0.created_at,irt1_0.risk_count,irt1_0.risk_level,irt1_0.risk_ratio from inspection_risk_trend irt1_0
2026-06-12T09:39:47.838+09:00 DEBUG 17984 --- [quality-service] [http-nio-8083-exec-6] org.hibernate.SQL                        : select irt1_0.id,irt1_0.created_at,irt1_0.risk_count,irt1_0.risk_level,irt1_0.risk_ratio from inspection_risk_trend irt1_0
2026-06-12T09:39:49.597+09:00 DEBUG 17984 --- [quality-service] [http-nio-8083-exec-1] org.hibernate.SQL                        : select irt1_0.id,irt1_0.created_at,irt1_0.risk_count,irt1_0.risk_level,irt1_0.risk_ratio from inspection_risk_trend irt1_0
2026-06-12T09:39:50.616+09:00 DEBUG 17984 --- [quality-service] [http-nio-8083-exec-2] org.hibernate.SQL                        : select irt1_0.id,irt1_0.created_at,irt1_0.risk_count,irt1_0.risk_level,irt1_0.risk_ratio from inspection_risk_trend irt1_0
2026-06-12T09:39:51.325+09:00 DEBUG 17984 --- [quality-service] [http-nio-8083-exec-7] org.hibernate.SQL                        : select irt1_0.id,irt1_0.created_at,irt1_0.risk_count,irt1_0.risk_level,irt1_0.risk_ratio from inspection_risk_trend irt1_0
2026-06-12T09:40:33.029+09:00 DEBUG 17984 --- [quality-service] [http-nio-8083-exec-8] org.hibernate.SQL                        : select irh1_0.id,irh1_0.inspection_type,irh1_0.record_time,irh1_0.risk_score from inspection_risk_history irh1_0
2026-06-12T09:40:33.029+09:00 DEBUG 17984 --- [quality-service] [http-nio-8083-exec-3] org.hibernate.SQL                        : select irt1_0.id,irt1_0.created_at,irt1_0.risk_count,irt1_0.risk_level,irt1_0.risk_ratio from inspection_risk_trend irt1_0
2026-06-12T09:40:33.030+09:00 DEBUG 17984 --- [quality-service] [http-nio-8083-exec-5] org.hibernate.SQL                        : select isd1_0.id,isd1_0.att,isd1_0.battery_voltage,isd1_0.car_code,isd1_0.created_at,isd1_0.fuel_rate,isd1_0.gear,isd1_0.inspection_no,isd1_0.inspection_result,isd1_0.issue_message,isd1_0.speed,isd1_0.status_score,isd1_0.vehicle_id from inspection_status_detail isd1_0
2026-06-12T09:40:33.030+09:00 DEBUG 17984 --- [quality-service] [http-nio-8083-exec-9] org.hibernate.SQL                        : select ip1_0.id,ip1_0.completed_count,ip1_0.created_at,ip1_0.process_name,ip1_0.process_status,ip1_0.progress_rate,ip1_0.total_vehicle_count,ip1_0.waiting_count from inspection_process ip1_0
2026-06-12T09:40:33.031+09:00 DEBUG 17984 --- [quality-service] [http-nio-8083-exec-10] org.hibernate.SQL                        : select is1_0.id,is1_0.abnormal_count,is1_0.abnormal_rate,is1_0.created_at,is1_0.normal_count,is1_0.normal_rate,is1_0.stanby_count,is1_0.total_count from inspection_summary is1_0
2026-06-12T09:40:33.032+09:00 DEBUG 17984 --- [quality-service] [http-nio-8083-exec-4] org.hibernate.SQL                        : select idd1_0.id,idd1_0.brake_pressure,idd1_0.car_code,idd1_0.created_at,idd1_0.drive_score,idd1_0.driving_pattern,idd1_0.inspection_no,idd1_0.inspection_result,idd1_0.issue_message,idd1_0.steering_angle,idd1_0.throttle_position,idd1_0.vehicle_id from inspection_drive_detail idd1_0
2026-06-12T09:40:33.143+09:00 DEBUG 17984 --- [quality-service] [http-nio-8083-exec-6] org.hibernate.SQL                        : select ip1_0.id,ip1_0.completed_count,ip1_0.created_at,ip1_0.process_name,ip1_0.process_status,ip1_0.progress_rate,ip1_0.total_vehicle_count,ip1_0.waiting_count from inspection_process ip1_0
2026-06-12T09:40:33.154+09:00 DEBUG 17984 --- [quality-service] [http-nio-8083-exec-8] org.hibernate.SQL                        : select irh1_0.id,irh1_0.inspection_type,irh1_0.record_time,irh1_0.risk_score from inspection_risk_history irh1_0
2026-06-12T09:40:33.154+09:00 DEBUG 17984 --- [quality-service] [http-nio-8083-exec-1] org.hibernate.SQL                        : select irt1_0.id,irt1_0.created_at,irt1_0.risk_count,irt1_0.risk_level,irt1_0.risk_ratio from inspection_risk_trend irt1_0
2026-06-12T09:40:33.162+09:00 DEBUG 17984 --- [quality-service] [http-nio-8083-exec-7] org.hibernate.SQL                        : select isd1_0.id,isd1_0.att,isd1_0.battery_voltage,isd1_0.car_code,isd1_0.created_at,isd1_0.fuel_rate,isd1_0.gear,isd1_0.inspection_no,isd1_0.inspection_result,isd1_0.issue_message,isd1_0.speed,isd1_0.status_score,isd1_0.vehicle_id from inspection_status_detail isd1_0
2026-06-12T09:40:33.162+09:00 DEBUG 17984 --- [quality-service] [http-nio-8083-exec-2] org.hibernate.SQL                        : select is1_0.id,is1_0.abnormal_count,is1_0.abnormal_rate,is1_0.created_at,is1_0.normal_count,is1_0.normal_rate,is1_0.stanby_count,is1_0.total_count from inspection_summary is1_0
2026-06-12T09:40:33.172+09:00 DEBUG 17984 --- [quality-service] [http-nio-8083-exec-9] org.hibernate.SQL                        : select idd1_0.id,idd1_0.brake_pressure,idd1_0.car_code,idd1_0.created_at,idd1_0.drive_score,idd1_0.driving_pattern,idd1_0.inspection_no,idd1_0.inspection_result,idd1_0.issue_message,idd1_0.steering_angle,idd1_0.throttle_position,idd1_0.vehicle_id from inspection_drive_detail idd1_0
2026-06-12T09:40:35.705+09:00 DEBUG 17984 --- [quality-service] [http-nio-8083-exec-6] org.hibernate.SQL                        : select idd1_0.id,idd1_0.brake_pressure,idd1_0.car_code,idd1_0.created_at,idd1_0.drive_score,idd1_0.driving_pattern,idd1_0.inspection_no,idd1_0.inspection_result,idd1_0.issue_message,idd1_0.steering_angle,idd1_0.throttle_position,idd1_0.vehicle_id from inspection_drive_detail idd1_0
2026-06-12T09:40:35.706+09:00 DEBUG 17984 --- [quality-service] [http-nio-8083-exec-4] org.hibernate.SQL                        : select isd1_0.id,isd1_0.att,isd1_0.battery_voltage,isd1_0.car_code,isd1_0.created_at,isd1_0.fuel_rate,isd1_0.gear,isd1_0.inspection_no,isd1_0.inspection_result,isd1_0.issue_message,isd1_0.speed,isd1_0.status_score,isd1_0.vehicle_id from inspection_status_detail isd1_0
2026-06-12T09:40:35.705+09:00 DEBUG 17984 --- [quality-service] [http-nio-8083-exec-5] org.hibernate.SQL                        : select irh1_0.id,irh1_0.inspection_type,irh1_0.record_time,irh1_0.risk_score from inspection_risk_history irh1_0
2026-06-12T09:40:35.706+09:00 DEBUG 17984 --- [quality-service] [http-nio-8083-exec-8] org.hibernate.SQL                        : select irt1_0.id,irt1_0.created_at,irt1_0.risk_count,irt1_0.risk_level,irt1_0.risk_ratio from inspection_risk_trend irt1_0
2026-06-12T09:40:35.705+09:00 DEBUG 17984 --- [quality-service] [http-nio-8083-exec-3] org.hibernate.SQL                        : select ip1_0.id,ip1_0.completed_count,ip1_0.created_at,ip1_0.process_name,ip1_0.process_status,ip1_0.progress_rate,ip1_0.total_vehicle_count,ip1_0.waiting_count from inspection_process ip1_0
2026-06-12T09:40:35.709+09:00 DEBUG 17984 --- [quality-service] [http-nio-8083-exec-10] org.hibernate.SQL                        : select is1_0.id,is1_0.abnormal_count,is1_0.abnormal_rate,is1_0.created_at,is1_0.normal_count,is1_0.normal_rate,is1_0.stanby_count,is1_0.total_count from inspection_summary is1_0
2026-06-12T09:40:35.825+09:00 DEBUG 17984 --- [quality-service] [http-nio-8083-exec-1] org.hibernate.SQL                        : select ip1_0.id,ip1_0.completed_count,ip1_0.created_at,ip1_0.process_name,ip1_0.process_status,ip1_0.progress_rate,ip1_0.total_vehicle_count,ip1_0.waiting_count from inspection_process ip1_0
2026-06-12T09:40:35.839+09:00 DEBUG 17984 --- [quality-service] [http-nio-8083-exec-2] org.hibernate.SQL                        : select irt1_0.id,irt1_0.created_at,irt1_0.risk_count,irt1_0.risk_level,irt1_0.risk_ratio from inspection_risk_trend irt1_0
2026-06-12T09:40:35.839+09:00 DEBUG 17984 --- [quality-service] [http-nio-8083-exec-7] org.hibernate.SQL                        : select irh1_0.id,irh1_0.inspection_type,irh1_0.record_time,irh1_0.risk_score from inspection_risk_history irh1_0
2026-06-12T09:40:35.850+09:00 DEBUG 17984 --- [quality-service] [http-nio-8083-exec-10] org.hibernate.SQL                        : select is1_0.id,is1_0.abnormal_count,is1_0.abnormal_rate,is1_0.created_at,is1_0.normal_count,is1_0.normal_rate,is1_0.stanby_count,is1_0.total_count from inspection_summary is1_0
2026-06-12T09:40:35.850+09:00 DEBUG 17984 --- [quality-service] [http-nio-8083-exec-9] org.hibernate.SQL                        : select isd1_0.id,isd1_0.att,isd1_0.battery_voltage,isd1_0.car_code,isd1_0.created_at,isd1_0.fuel_rate,isd1_0.gear,isd1_0.inspection_no,isd1_0.inspection_result,isd1_0.issue_message,isd1_0.speed,isd1_0.status_score,isd1_0.vehicle_id from inspection_status_detail isd1_0
2026-06-12T09:40:35.884+09:00 DEBUG 17984 --- [quality-service] [http-nio-8083-exec-3] org.hibernate.SQL                        : select idd1_0.id,idd1_0.brake_pressure,idd1_0.car_code,idd1_0.created_at,idd1_0.drive_score,idd1_0.driving_pattern,idd1_0.inspection_no,idd1_0.inspection_result,idd1_0.issue_message,idd1_0.steering_angle,idd1_0.throttle_position,idd1_0.vehicle_id from inspection_drive_detail idd1_0
2026-06-12T10:01:04.514+09:00 DEBUG 17984 --- [quality-service] [http-nio-8083-exec-9] org.hibernate.SQL                        : select is1_0.id,is1_0.abnormal_count,is1_0.abnormal_rate,is1_0.created_at,is1_0.normal_count,is1_0.normal_rate,is1_0.stanby_count,is1_0.total_count from inspection_summary is1_0
2026-06-12T10:01:04.514+09:00 DEBUG 17984 --- [quality-service] [http-nio-8083-exec-2] org.hibernate.SQL                        : select ip1_0.id,ip1_0.completed_count,ip1_0.created_at,ip1_0.process_name,ip1_0.process_status,ip1_0.progress_rate,ip1_0.total_vehicle_count,ip1_0.waiting_count from inspection_process ip1_0
2026-06-12T10:01:04.514+09:00 DEBUG 17984 --- [quality-service] [http-nio-8083-exec-3] org.hibernate.SQL                        : select irh1_0.id,irh1_0.inspection_type,irh1_0.record_time,irh1_0.risk_score from inspection_risk_history irh1_0
2026-06-12T10:01:04.516+09:00 DEBUG 17984 --- [quality-service] [http-nio-8083-exec-5] org.hibernate.SQL                        : select idd1_0.id,idd1_0.brake_pressure,idd1_0.car_code,idd1_0.created_at,idd1_0.drive_score,idd1_0.driving_pattern,idd1_0.inspection_no,idd1_0.inspection_result,idd1_0.issue_message,idd1_0.steering_angle,idd1_0.throttle_position,idd1_0.vehicle_id from inspection_drive_detail idd1_0
2026-06-12T10:01:04.516+09:00 DEBUG 17984 --- [quality-service] [http-nio-8083-exec-10] org.hibernate.SQL                        : select isd1_0.id,isd1_0.att,isd1_0.battery_voltage,isd1_0.car_code,isd1_0.created_at,isd1_0.fuel_rate,isd1_0.gear,isd1_0.inspection_no,isd1_0.inspection_result,isd1_0.issue_message,isd1_0.speed,isd1_0.status_score,isd1_0.vehicle_id from inspection_status_detail isd1_0
2026-06-12T10:01:04.563+09:00  WARN 17984 --- [quality-service] [http-nio-8083-exec-3] o.h.engine.jdbc.spi.SqlExceptionHelper   : SQL Error: 0, SQLState: 22018
2026-06-12T10:01:04.563+09:00 ERROR 17984 --- [quality-service] [http-nio-8083-exec-3] o.h.engine.jdbc.spi.SqlExceptionHelper   : Cannot convert string '2026-06-01 1:00' to java.sql.Timestamp value
2026-06-12T10:01:04.624+09:00 DEBUG 17984 --- [quality-service] [http-nio-8083-exec-8] org.hibernate.SQL                        : select is1_0.id,is1_0.abnormal_count,is1_0.abnormal_rate,is1_0.created_at,is1_0.normal_count,is1_0.normal_rate,is1_0.stanby_count,is1_0.total_count from inspection_summary is1_0
2026-06-12T10:01:04.624+09:00 DEBUG 17984 --- [quality-service] [http-nio-8083-exec-9] org.hibernate.SQL                        : select isd1_0.id,isd1_0.att,isd1_0.battery_voltage,isd1_0.car_code,isd1_0.created_at,isd1_0.fuel_rate,isd1_0.gear,isd1_0.inspection_no,isd1_0.inspection_result,isd1_0.issue_message,isd1_0.speed,isd1_0.status_score,isd1_0.vehicle_id from inspection_status_detail isd1_0
2026-06-12T10:01:04.624+09:00 DEBUG 17984 --- [quality-service] [http-nio-8083-exec-6] org.hibernate.SQL                        : select ip1_0.id,ip1_0.completed_count,ip1_0.created_at,ip1_0.process_name,ip1_0.process_status,ip1_0.progress_rate,ip1_0.total_vehicle_count,ip1_0.waiting_count from inspection_process ip1_0
2026-06-12T10:01:04.629+09:00 DEBUG 17984 --- [quality-service] [http-nio-8083-exec-4] org.hibernate.SQL                        : select idd1_0.id,idd1_0.brake_pressure,idd1_0.car_code,idd1_0.created_at,idd1_0.drive_score,idd1_0.driving_pattern,idd1_0.inspection_no,idd1_0.inspection_result,idd1_0.issue_message,idd1_0.steering_angle,idd1_0.throttle_position,idd1_0.vehicle_id from inspection_drive_detail idd1_0
2026-06-12T10:01:04.622+09:00 ERROR 17984 --- [quality-service] [http-nio-8083-exec-3] o.a.c.c.C.[.[.[/].[dispatcherServlet]    : Servlet.service() for servlet [dispatcherServlet] in context with path [] threw exception [Request processing failed: org.springframework.dao.DataIntegrityViolationException: Could not extract column [3] from JDBC ResultSet [Cannot convert string '2026-06-01 1:00' to java.sql.Timestamp value] [n/a]; SQL [n/a]] with root cause

com.mysql.cj.exceptions.DataConversionException: Cannot convert string '2026-06-01 1:00' to java.sql.Timestamp value
	at com.mysql.cj.result.AbstractDateTimeValueFactory.createFromBytes(AbstractDateTimeValueFactory.java:139) ~[mysql-connector-j-8.3.0.jar:8.3.0]
	at com.mysql.cj.protocol.a.MysqlTextValueDecoder.decodeByteArray(MysqlTextValueDecoder.java:159) ~[mysql-connector-j-8.3.0.jar:8.3.0]
	at com.mysql.cj.protocol.result.AbstractResultsetRow.decodeAndCreateReturnValue(AbstractResultsetRow.java:136) ~[mysql-connector-j-8.3.0.jar:8.3.0]
	at com.mysql.cj.protocol.result.AbstractResultsetRow.getValueFromBytes(AbstractResultsetRow.java:244) ~[mysql-connector-j-8.3.0.jar:8.3.0]
	at com.mysql.cj.protocol.a.result.ByteArrayRow.getValue(ByteArrayRow.java:91) ~[mysql-connector-j-8.3.0.jar:8.3.0]
	at com.mysql.cj.jdbc.result.ResultSetImpl.getTimestamp(ResultSetImpl.java:943) ~[mysql-connector-j-8.3.0.jar:8.3.0]
	at com.zaxxer.hikari.pool.HikariProxyResultSet.getTimestamp(HikariProxyResultSet.java) ~[HikariCP-5.1.0.jar:na]
	at org.hibernate.type.descriptor.jdbc.TimestampJdbcType$2.doExtract(TimestampJdbcType.java:111) ~[hibernate-core-6.5.3.Final.jar:6.5.3.Final]
	at org.hibernate.type.descriptor.jdbc.BasicExtractor.extract(BasicExtractor.java:44) ~[hibernate-core-6.5.3.Final.jar:6.5.3.Final]
	at org.hibernate.sql.results.jdbc.internal.JdbcValuesResultSetImpl.getCurrentRowValue(JdbcValuesResultSetImpl.java:379) ~[hibernate-core-6.5.3.Final.jar:6.5.3.Final]
	at org.hibernate.sql.results.internal.RowProcessingStateStandardImpl.getJdbcValue(RowProcessingStateStandardImpl.java:120) ~[hibernate-core-6.5.3.Final.jar:6.5.3.Final]
	at org.hibernate.sql.results.graph.basic.BasicResultAssembler.extractRawValue(BasicResultAssembler.java:52) ~[hibernate-core-6.5.3.Final.jar:6.5.3.Final]
	at org.hibernate.sql.results.graph.basic.BasicResultAssembler.assemble(BasicResultAssembler.java:59) ~[hibernate-core-6.5.3.Final.jar:6.5.3.Final]
	at org.hibernate.sql.results.graph.DomainResultAssembler.assemble(DomainResultAssembler.java:35) ~[hibernate-core-6.5.3.Final.jar:6.5.3.Final]
	at org.hibernate.sql.results.graph.entity.AbstractEntityInitializer.extractConcreteTypeStateValues(AbstractEntityInitializer.java:1038) ~[hibernate-core-6.5.3.Final.jar:6.5.3.Final]
	at org.hibernate.sql.results.graph.entity.AbstractEntityInitializer.initializeEntityInstance(AbstractEntityInitializer.java:795) ~[hibernate-core-6.5.3.Final.jar:6.5.3.Final]
	at org.hibernate.sql.results.graph.entity.AbstractEntityInitializer.initializeEntity(AbstractEntityInitializer.java:770) ~[hibernate-core-6.5.3.Final.jar:6.5.3.Final]
	at org.hibernate.sql.results.graph.entity.AbstractEntityInitializer.initializeInstance(AbstractEntityInitializer.java:762) ~[hibernate-core-6.5.3.Final.jar:6.5.3.Final]
	at org.hibernate.sql.results.internal.InitializersList.initializeInstance(InitializersList.java:73) ~[hibernate-core-6.5.3.Final.jar:6.5.3.Final]
	at org.hibernate.sql.results.internal.StandardRowReader.coordinateInitializers(StandardRowReader.java:113) ~[hibernate-core-6.5.3.Final.jar:6.5.3.Final]
	at org.hibernate.sql.results.internal.StandardRowReader.readRow(StandardRowReader.java:87) ~[hibernate-core-6.5.3.Final.jar:6.5.3.Final]
	at org.hibernate.sql.results.spi.ListResultsConsumer.consume(ListResultsConsumer.java:205) ~[hibernate-core-6.5.3.Final.jar:6.5.3.Final]
	at org.hibernate.sql.results.spi.ListResultsConsumer.consume(ListResultsConsumer.java:33) ~[hibernate-core-6.5.3.Final.jar:6.5.3.Final]
	at org.hibernate.sql.exec.internal.JdbcSelectExecutorStandardImpl.doExecuteQuery(JdbcSelectExecutorStandardImpl.java:211) ~[hibernate-core-6.5.3.Final.jar:6.5.3.Final]
	at org.hibernate.sql.exec.internal.JdbcSelectExecutorStandardImpl.executeQuery(JdbcSelectExecutorStandardImpl.java:83) ~[hibernate-core-6.5.3.Final.jar:6.5.3.Final]
	at org.hibernate.sql.exec.spi.JdbcSelectExecutor.list(JdbcSelectExecutor.java:76) ~[hibernate-core-6.5.3.Final.jar:6.5.3.Final]
	at org.hibernate.sql.exec.spi.JdbcSelectExecutor.list(JdbcSelectExecutor.java:65) ~[hibernate-core-6.5.3.Final.jar:6.5.3.Final]
	at org.hibernate.query.sqm.internal.ConcreteSqmSelectQueryPlan.lambda$new$2(ConcreteSqmSelectQueryPlan.java:139) ~[hibernate-core-6.5.3.Final.jar:6.5.3.Final]
	at org.hibernate.query.sqm.internal.ConcreteSqmSelectQueryPlan.withCacheableSqmInterpretation(ConcreteSqmSelectQueryPlan.java:382) ~[hibernate-core-6.5.3.Final.jar:6.5.3.Final]
	at org.hibernate.query.sqm.internal.ConcreteSqmSelectQueryPlan.performList(ConcreteSqmSelectQueryPlan.java:302) ~[hibernate-core-6.5.3.Final.jar:6.5.3.Final]
	at org.hibernate.query.sqm.internal.QuerySqmImpl.doList(QuerySqmImpl.java:526) ~[hibernate-core-6.5.3.Final.jar:6.5.3.Final]
	at org.hibernate.query.spi.AbstractSelectionQuery.list(AbstractSelectionQuery.java:423) ~[hibernate-core-6.5.3.Final.jar:6.5.3.Final]
	at org.hibernate.query.Query.getResultList(Query.java:120) ~[hibernate-core-6.5.3.Final.jar:6.5.3.Final]
	at org.springframework.data.jpa.repository.support.SimpleJpaRepository.findAll(SimpleJpaRepository.java:395) ~[spring-data-jpa-3.3.12.jar:3.3.12]
	at jdk.internal.reflect.GeneratedMethodAccessor110.invoke(Unknown Source) ~[na:na]
	at java.base/jdk.internal.reflect.DelegatingMethodAccessorImpl.invoke(DelegatingMethodAccessorImpl.java:43) ~[na:na]
	at java.base/java.lang.reflect.Method.invoke(Method.java:568) ~[na:na]
	at org.springframework.aop.support.AopUtils.invokeJoinpointUsingReflection(AopUtils.java:355) ~[spring-aop-6.1.20.jar:6.1.20]
	at org.springframework.data.repository.core.support.RepositoryMethodInvoker$RepositoryFragmentMethodInvoker.lambda$new$0(RepositoryMethodInvoker.java:277) ~[spring-data-commons-3.3.12.jar:3.3.12]
	at org.springframework.data.repository.core.support.RepositoryMethodInvoker.doInvoke(RepositoryMethodInvoker.java:170) ~[spring-data-commons-3.3.12.jar:3.3.12]
	at org.springframework.data.repository.core.support.RepositoryMethodInvoker.invoke(RepositoryMethodInvoker.java:158) ~[spring-data-commons-3.3.12.jar:3.3.12]
	at org.springframework.data.repository.core.support.RepositoryComposition$RepositoryFragments.invoke(RepositoryComposition.java:516) ~[spring-data-commons-3.3.12.jar:3.3.12]
	at org.springframework.data.repository.core.support.RepositoryComposition.invoke(RepositoryComposition.java:285) ~[spring-data-commons-3.3.12.jar:3.3.12]
	at org.springframework.data.repository.core.support.RepositoryFactorySupport$ImplementationMethodExecutionInterceptor.invoke(RepositoryFactorySupport.java:628) ~[spring-data-commons-3.3.12.jar:3.3.12]
	at org.springframework.aop.framework.ReflectiveMethodInvocation.proceed(ReflectiveMethodInvocation.java:184) ~[spring-aop-6.1.20.jar:6.1.20]
	at org.springframework.data.repository.core.support.QueryExecutorMethodInterceptor.doInvoke(QueryExecutorMethodInterceptor.java:173) ~[spring-data-commons-3.3.12.jar:3.3.12]
	at org.springframework.data.repository.core.support.QueryExecutorMethodInterceptor.invoke(QueryExecutorMethodInterceptor.java:148) ~[spring-data-commons-3.3.12.jar:3.3.12]
	at org.springframework.aop.framework.ReflectiveMethodInvocation.proceed(ReflectiveMethodInvocation.java:184) ~[spring-aop-6.1.20.jar:6.1.20]
	at org.springframework.data.projection.DefaultMethodInvokingMethodInterceptor.invoke(DefaultMethodInvokingMethodInterceptor.java:70) ~[spring-data-commons-3.3.12.jar:3.3.12]
	at org.springframework.aop.framework.ReflectiveMethodInvocation.proceed(ReflectiveMethodInvocation.java:184) ~[spring-aop-6.1.20.jar:6.1.20]
	at org.springframework.transaction.interceptor.TransactionAspectSupport.invokeWithinTransaction(TransactionAspectSupport.java:379) ~[spring-tx-6.1.20.jar:6.1.20]
	at org.springframework.transaction.interceptor.TransactionInterceptor.invoke(TransactionInterceptor.java:119) ~[spring-tx-6.1.20.jar:6.1.20]
	at org.springframework.aop.framework.ReflectiveMethodInvocation.proceed(ReflectiveMethodInvocation.java:184) ~[spring-aop-6.1.20.jar:6.1.20]
	at org.springframework.dao.support.PersistenceExceptionTranslationInterceptor.invoke(PersistenceExceptionTranslationInterceptor.java:138) ~[spring-tx-6.1.20.jar:6.1.20]
	at org.springframework.aop.framework.ReflectiveMethodInvocation.proceed(ReflectiveMethodInvocation.java:184) ~[spring-aop-6.1.20.jar:6.1.20]
	at org.springframework.data.jpa.repository.support.CrudMethodMetadataPostProcessor$CrudMethodMetadataPopulatingMethodInterceptor.invoke(CrudMethodMetadataPostProcessor.java:165) ~[spring-data-jpa-3.3.12.jar:3.3.12]
	at org.springframework.aop.framework.ReflectiveMethodInvocation.proceed(ReflectiveMethodInvocation.java:184) ~[spring-aop-6.1.20.jar:6.1.20]
	at org.springframework.aop.interceptor.ExposeInvocationInterceptor.invoke(ExposeInvocationInterceptor.java:97) ~[spring-aop-6.1.20.jar:6.1.20]
	at org.springframework.aop.framework.ReflectiveMethodInvocation.proceed(ReflectiveMethodInvocation.java:184) ~[spring-aop-6.1.20.jar:6.1.20]
	at org.springframework.aop.framework.JdkDynamicAopProxy.invoke(JdkDynamicAopProxy.java:223) ~[spring-aop-6.1.20.jar:6.1.20]
	at jdk.proxy2/jdk.proxy2.$Proxy141.findAll(Unknown Source) ~[na:na]
	at com.aims.quality.main_db.controller.InspectionRiskHistoryController.getRiskHistoryList(InspectionRiskHistoryController.java:22) ~[main/:na]
	at java.base/jdk.internal.reflect.NativeMethodAccessorImpl.invoke0(Native Method) ~[na:na]
	at java.base/jdk.internal.reflect.NativeMethodAccessorImpl.invoke(NativeMethodAccessorImpl.java:77) ~[na:na]
	at java.base/jdk.internal.reflect.DelegatingMethodAccessorImpl.invoke(DelegatingMethodAccessorImpl.java:43) ~[na:na]
	at java.base/java.lang.reflect.Method.invoke(Method.java:568) ~[na:na]
	at org.springframework.web.method.support.InvocableHandlerMethod.doInvoke(InvocableHandlerMethod.java:255) ~[spring-web-6.1.20.jar:6.1.20]
	at org.springframework.web.method.support.InvocableHandlerMethod.invokeForRequest(InvocableHandlerMethod.java:188) ~[spring-web-6.1.20.jar:6.1.20]
	at org.springframework.web.servlet.mvc.method.annotation.ServletInvocableHandlerMethod.invokeAndHandle(ServletInvocableHandlerMethod.java:118) ~[spring-webmvc-6.1.20.jar:6.1.20]
	at org.springframework.web.servlet.mvc.method.annotation.RequestMappingHandlerAdapter.invokeHandlerMethod(RequestMappingHandlerAdapter.java:926) ~[spring-webmvc-6.1.20.jar:6.1.20]
	at org.springframework.web.servlet.mvc.method.annotation.RequestMappingHandlerAdapter.handleInternal(RequestMappingHandlerAdapter.java:831) ~[spring-webmvc-6.1.20.jar:6.1.20]
	at org.springframework.web.servlet.mvc.method.AbstractHandlerMethodAdapter.handle(AbstractHandlerMethodAdapter.java:87) ~[spring-webmvc-6.1.20.jar:6.1.20]
	at org.springframework.web.servlet.DispatcherServlet.doDispatch(DispatcherServlet.java:1089) ~[spring-webmvc-6.1.20.jar:6.1.20]
	at org.springframework.web.servlet.DispatcherServlet.doService(DispatcherServlet.java:979) ~[spring-webmvc-6.1.20.jar:6.1.20]
	at org.springframework.web.servlet.FrameworkServlet.processRequest(FrameworkServlet.java:1014) ~[spring-webmvc-6.1.20.jar:6.1.20]
	at org.springframework.web.servlet.FrameworkServlet.doGet(FrameworkServlet.java:903) ~[spring-webmvc-6.1.20.jar:6.1.20]
	at jakarta.servlet.http.HttpServlet.service(HttpServlet.java:564) ~[tomcat-embed-core-10.1.41.jar:6.0]
	at org.springframework.web.servlet.FrameworkServlet.service(FrameworkServlet.java:885) ~[spring-webmvc-6.1.20.jar:6.1.20]
	at jakarta.servlet.http.HttpServlet.service(HttpServlet.java:658) ~[tomcat-embed-core-10.1.41.jar:6.0]
	at org.apache.catalina.core.ApplicationFilterChain.internalDoFilter(ApplicationFilterChain.java:195) ~[tomcat-embed-core-10.1.41.jar:10.1.41]
	at org.apache.catalina.core.ApplicationFilterChain.doFilter(ApplicationFilterChain.java:140) ~[tomcat-embed-core-10.1.41.jar:10.1.41]
	at org.apache.tomcat.websocket.server.WsFilter.doFilter(WsFilter.java:51) ~[tomcat-embed-websocket-10.1.41.jar:10.1.41]
	at org.apache.catalina.core.ApplicationFilterChain.internalDoFilter(ApplicationFilterChain.java:164) ~[tomcat-embed-core-10.1.41.jar:10.1.41]
	at org.apache.catalina.core.ApplicationFilterChain.doFilter(ApplicationFilterChain.java:140) ~[tomcat-embed-core-10.1.41.jar:10.1.41]
	at org.springframework.web.filter.OncePerRequestFilter.doFilter(OncePerRequestFilter.java:110) ~[spring-web-6.1.20.jar:6.1.20]
	at org.apache.catalina.core.ApplicationFilterChain.internalDoFilter(ApplicationFilterChain.java:164) ~[tomcat-embed-core-10.1.41.jar:10.1.41]
	at org.apache.catalina.core.ApplicationFilterChain.doFilter(ApplicationFilterChain.java:140) ~[tomcat-embed-core-10.1.41.jar:10.1.41]
	at org.springframework.web.filter.CompositeFilter$VirtualFilterChain.doFilter(CompositeFilter.java:108) ~[spring-web-6.1.20.jar:6.1.20]
	at org.springframework.security.web.FilterChainProxy.lambda$doFilterInternal$3(FilterChainProxy.java:231) ~[spring-security-web-6.3.9.jar:6.3.9]
	at org.springframework.security.web.ObservationFilterChainDecorator$FilterObservation$SimpleFilterObservation.lambda$wrap$1(ObservationFilterChainDecorator.java:479) ~[spring-security-web-6.3.9.jar:6.3.9]
	at org.springframework.security.web.ObservationFilterChainDecorator$AroundFilterObservation$SimpleAroundFilterObservation.lambda$wrap$1(ObservationFilterChainDecorator.java:340) ~[spring-security-web-6.3.9.jar:6.3.9]
	at org.springframework.security.web.ObservationFilterChainDecorator.lambda$wrapSecured$0(ObservationFilterChainDecorator.java:82) ~[spring-security-web-6.3.9.jar:6.3.9]
	at org.springframework.security.web.ObservationFilterChainDecorator$VirtualFilterChain.doFilter(ObservationFilterChainDecorator.java:128) ~[spring-security-web-6.3.9.jar:6.3.9]
	at org.springframework.security.web.access.intercept.AuthorizationFilter.doFilter(AuthorizationFilter.java:100) ~[spring-security-web-6.3.9.jar:6.3.9]
	at org.springframework.security.web.ObservationFilterChainDecorator$ObservationFilter.wrapFilter(ObservationFilterChainDecorator.java:240) ~[spring-security-web-6.3.9.jar:6.3.9]
	at org.springframework.security.web.ObservationFilterChainDecorator$ObservationFilter.doFilter(ObservationFilterChainDecorator.java:227) ~[spring-security-web-6.3.9.jar:6.3.9]
	at org.springframework.security.web.ObservationFilterChainDecorator$VirtualFilterChain.doFilter(ObservationFilterChainDecorator.java:137) ~[spring-security-web-6.3.9.jar:6.3.9]
	at org.springframework.security.web.access.ExceptionTranslationFilter.doFilter(ExceptionTranslationFilter.java:126) ~[spring-security-web-6.3.9.jar:6.3.9]
	at org.springframework.security.web.access.ExceptionTranslationFilter.doFilter(ExceptionTranslationFilter.java:120) ~[spring-security-web-6.3.9.jar:6.3.9]
	at org.springframework.security.web.ObservationFilterChainDecorator$ObservationFilter.wrapFilter(ObservationFilterChainDecorator.java:240) ~[spring-security-web-6.3.9.jar:6.3.9]
	at org.springframework.security.web.ObservationFilterChainDecorator$ObservationFilter.doFilter(ObservationFilterChainDecorator.java:227) ~[spring-security-web-6.3.9.jar:6.3.9]
	at org.springframework.security.web.ObservationFilterChainDecorator$VirtualFilterChain.doFilter(ObservationFilterChainDecorator.java:137) ~[spring-security-web-6.3.9.jar:6.3.9]
	at org.springframework.security.web.authentication.AnonymousAuthenticationFilter.doFilter(AnonymousAuthenticationFilter.java:100) ~[spring-security-web-6.3.9.jar:6.3.9]
	at org.springframework.security.web.ObservationFilterChainDecorator$ObservationFilter.wrapFilter(ObservationFilterChainDecorator.java:240) ~[spring-security-web-6.3.9.jar:6.3.9]
	at org.springframework.security.web.ObservationFilterChainDecorator$ObservationFilter.doFilter(ObservationFilterChainDecorator.java:227) ~[spring-security-web-6.3.9.jar:6.3.9]
	at org.springframework.security.web.ObservationFilterChainDecorator$VirtualFilterChain.doFilter(ObservationFilterChainDecorator.java:137) ~[spring-security-web-6.3.9.jar:6.3.9]
	at org.springframework.security.web.servletapi.SecurityContextHolderAwareRequestFilter.doFilter(SecurityContextHolderAwareRequestFilter.java:179) ~[spring-security-web-6.3.9.jar:6.3.9]
	at org.springframework.security.web.ObservationFilterChainDecorator$ObservationFilter.wrapFilter(ObservationFilterChainDecorator.java:240) ~[spring-security-web-6.3.9.jar:6.3.9]
	at org.springframework.security.web.ObservationFilterChainDecorator$ObservationFilter.doFilter(ObservationFilterChainDecorator.java:227) ~[spring-security-web-6.3.9.jar:6.3.9]
	at org.springframework.security.web.ObservationFilterChainDecorator$VirtualFilterChain.doFilter(ObservationFilterChainDecorator.java:137) ~[spring-security-web-6.3.9.jar:6.3.9]
	at org.springframework.security.web.savedrequest.RequestCacheAwareFilter.doFilter(RequestCacheAwareFilter.java:63) ~[spring-security-web-6.3.9.jar:6.3.9]
	at org.springframework.security.web.ObservationFilterChainDecorator$ObservationFilter.wrapFilter(ObservationFilterChainDecorator.java:240) ~[spring-security-web-6.3.9.jar:6.3.9]
	at org.springframework.security.web.ObservationFilterChainDecorator$ObservationFilter.doFilter(ObservationFilterChainDecorator.java:227) ~[spring-security-web-6.3.9.jar:6.3.9]
	at org.springframework.security.web.ObservationFilterChainDecorator$VirtualFilterChain.doFilter(ObservationFilterChainDecorator.java:137) ~[spring-security-web-6.3.9.jar:6.3.9]
	at org.springframework.security.web.authentication.logout.LogoutFilter.doFilter(LogoutFilter.java:107) ~[spring-security-web-6.3.9.jar:6.3.9]
	at org.springframework.security.web.authentication.logout.LogoutFilter.doFilter(LogoutFilter.java:93) ~[spring-security-web-6.3.9.jar:6.3.9]
	at org.springframework.security.web.ObservationFilterChainDecorator$ObservationFilter.wrapFilter(ObservationFilterChainDecorator.java:240) ~[spring-security-web-6.3.9.jar:6.3.9]
	at org.springframework.security.web.ObservationFilterChainDecorator$ObservationFilter.doFilter(ObservationFilterChainDecorator.java:227) ~[spring-security-web-6.3.9.jar:6.3.9]
	at org.springframework.security.web.ObservationFilterChainDecorator$VirtualFilterChain.doFilter(ObservationFilterChainDecorator.java:137) ~[spring-security-web-6.3.9.jar:6.3.9]
	at org.springframework.web.filter.CorsFilter.doFilterInternal(CorsFilter.java:91) ~[spring-web-6.1.20.jar:6.1.20]
	at org.springframework.web.filter.OncePerRequestFilter.doFilter(OncePerRequestFilter.java:116) ~[spring-web-6.1.20.jar:6.1.20]
	at org.springframework.security.web.ObservationFilterChainDecorator$ObservationFilter.wrapFilter(ObservationFilterChainDecorator.java:240) ~[spring-security-web-6.3.9.jar:6.3.9]
	at org.springframework.security.web.ObservationFilterChainDecorator$ObservationFilter.doFilter(ObservationFilterChainDecorator.java:227) ~[spring-security-web-6.3.9.jar:6.3.9]
	at org.springframework.security.web.ObservationFilterChainDecorator$VirtualFilterChain.doFilter(ObservationFilterChainDecorator.java:137) ~[spring-security-web-6.3.9.jar:6.3.9]
	at org.springframework.security.web.header.HeaderWriterFilter.doHeadersAfter(HeaderWriterFilter.java:90) ~[spring-security-web-6.3.9.jar:6.3.9]
	at org.springframework.security.web.header.HeaderWriterFilter.doFilterInternal(HeaderWriterFilter.java:75) ~[spring-security-web-6.3.9.jar:6.3.9]
	at org.springframework.web.filter.OncePerRequestFilter.doFilter(OncePerRequestFilter.java:116) ~[spring-web-6.1.20.jar:6.1.20]
	at org.springframework.security.web.ObservationFilterChainDecorator$ObservationFilter.wrapFilter(ObservationFilterChainDecorator.java:240) ~[spring-security-web-6.3.9.jar:6.3.9]
	at org.springframework.security.web.ObservationFilterChainDecorator$ObservationFilter.doFilter(ObservationFilterChainDecorator.java:227) ~[spring-security-web-6.3.9.jar:6.3.9]
	at org.springframework.security.web.ObservationFilterChainDecorator$VirtualFilterChain.doFilter(ObservationFilterChainDecorator.java:137) ~[spring-security-web-6.3.9.jar:6.3.9]
	at org.springframework.security.web.context.SecurityContextHolderFilter.doFilter(SecurityContextHolderFilter.java:82) ~[spring-security-web-6.3.9.jar:6.3.9]
	at org.springframework.security.web.context.SecurityContextHolderFilter.doFilter(SecurityContextHolderFilter.java:69) ~[spring-security-web-6.3.9.jar:6.3.9]
	at org.springframework.security.web.ObservationFilterChainDecorator$ObservationFilter.wrapFilter(ObservationFilterChainDecorator.java:240) ~[spring-security-web-6.3.9.jar:6.3.9]
	at org.springframework.security.web.ObservationFilterChainDecorator$ObservationFilter.doFilter(ObservationFilterChainDecorator.java:227) ~[spring-security-web-6.3.9.jar:6.3.9]
	at org.springframework.security.web.ObservationFilterChainDecorator$VirtualFilterChain.doFilter(ObservationFilterChainDecorator.java:137) ~[spring-security-web-6.3.9.jar:6.3.9]
	at org.springframework.security.web.context.request.async.WebAsyncManagerIntegrationFilter.doFilterInternal(WebAsyncManagerIntegrationFilter.java:62) ~[spring-security-web-6.3.9.jar:6.3.9]
	at org.springframework.web.filter.OncePerRequestFilter.doFilter(OncePerRequestFilter.java:116) ~[spring-web-6.1.20.jar:6.1.20]
	at org.springframework.security.web.ObservationFilterChainDecorator$ObservationFilter.wrapFilter(ObservationFilterChainDecorator.java:240) ~[spring-security-web-6.3.9.jar:6.3.9]
	at org.springframework.security.web.ObservationFilterChainDecorator$ObservationFilter.doFilter(ObservationFilterChainDecorator.java:227) ~[spring-security-web-6.3.9.jar:6.3.9]
	at org.springframework.security.web.ObservationFilterChainDecorator$VirtualFilterChain.doFilter(ObservationFilterChainDecorator.java:137) ~[spring-security-web-6.3.9.jar:6.3.9]
	at org.springframework.security.web.session.DisableEncodeUrlFilter.doFilterInternal(DisableEncodeUrlFilter.java:42) ~[spring-security-web-6.3.9.jar:6.3.9]
	at org.springframework.web.filter.OncePerRequestFilter.doFilter(OncePerRequestFilter.java:116) ~[spring-web-6.1.20.jar:6.1.20]
	at org.springframework.security.web.ObservationFilterChainDecorator$ObservationFilter.wrapFilter(ObservationFilterChainDecorator.java:240) ~[spring-security-web-6.3.9.jar:6.3.9]
	at org.springframework.security.web.ObservationFilterChainDecorator$AroundFilterObservation$SimpleAroundFilterObservation.lambda$wrap$0(ObservationFilterChainDecorator.java:323) ~[spring-security-web-6.3.9.jar:6.3.9]
	at org.springframework.security.web.ObservationFilterChainDecorator$ObservationFilter.doFilter(ObservationFilterChainDecorator.java:224) ~[spring-security-web-6.3.9.jar:6.3.9]
	at org.springframework.security.web.ObservationFilterChainDecorator$VirtualFilterChain.doFilter(ObservationFilterChainDecorator.java:137) ~[spring-security-web-6.3.9.jar:6.3.9]
	at org.springframework.security.web.FilterChainProxy.doFilterInternal(FilterChainProxy.java:233) ~[spring-security-web-6.3.9.jar:6.3.9]
	at org.springframework.security.web.FilterChainProxy.doFilter(FilterChainProxy.java:191) ~[spring-security-web-6.3.9.jar:6.3.9]
	at org.springframework.web.filter.CompositeFilter$VirtualFilterChain.doFilter(CompositeFilter.java:113) ~[spring-web-6.1.20.jar:6.1.20]
	at org.springframework.web.servlet.handler.HandlerMappingIntrospector.lambda$createCacheFilter$3(HandlerMappingIntrospector.java:195) ~[spring-webmvc-6.1.20.jar:6.1.20]
	at org.springframework.web.filter.CompositeFilter$VirtualFilterChain.doFilter(CompositeFilter.java:113) ~[spring-web-6.1.20.jar:6.1.20]
	at org.springframework.web.filter.CompositeFilter.doFilter(CompositeFilter.java:74) ~[spring-web-6.1.20.jar:6.1.20]
	at org.springframework.security.config.annotation.web.configuration.WebMvcSecurityConfiguration$CompositeFilterChainProxy.doFilter(WebMvcSecurityConfiguration.java:230) ~[spring-security-config-6.3.9.jar:6.3.9]
	at org.springframework.web.filter.DelegatingFilterProxy.invokeDelegate(DelegatingFilterProxy.java:362) ~[spring-web-6.1.20.jar:6.1.20]
	at org.springframework.web.filter.DelegatingFilterProxy.doFilter(DelegatingFilterProxy.java:278) ~[spring-web-6.1.20.jar:6.1.20]
	at org.apache.catalina.core.ApplicationFilterChain.internalDoFilter(ApplicationFilterChain.java:164) ~[tomcat-embed-core-10.1.41.jar:10.1.41]
	at org.apache.catalina.core.ApplicationFilterChain.doFilter(ApplicationFilterChain.java:140) ~[tomcat-embed-core-10.1.41.jar:10.1.41]
	at org.springframework.web.filter.RequestContextFilter.doFilterInternal(RequestContextFilter.java:100) ~[spring-web-6.1.20.jar:6.1.20]
	at org.springframework.web.filter.OncePerRequestFilter.doFilter(OncePerRequestFilter.java:116) ~[spring-web-6.1.20.jar:6.1.20]
	at org.apache.catalina.core.ApplicationFilterChain.internalDoFilter(ApplicationFilterChain.java:164) ~[tomcat-embed-core-10.1.41.jar:10.1.41]
	at org.apache.catalina.core.ApplicationFilterChain.doFilter(ApplicationFilterChain.java:140) ~[tomcat-embed-core-10.1.41.jar:10.1.41]
	at org.springframework.web.filter.FormContentFilter.doFilterInternal(FormContentFilter.java:93) ~[spring-web-6.1.20.jar:6.1.20]
	at org.springframework.web.filter.OncePerRequestFilter.doFilter(OncePerRequestFilter.java:116) ~[spring-web-6.1.20.jar:6.1.20]
	at org.apache.catalina.core.ApplicationFilterChain.internalDoFilter(ApplicationFilterChain.java:164) ~[tomcat-embed-core-10.1.41.jar:10.1.41]
	at org.apache.catalina.core.ApplicationFilterChain.doFilter(ApplicationFilterChain.java:140) ~[tomcat-embed-core-10.1.41.jar:10.1.41]
	at org.springframework.web.filter.ServerHttpObservationFilter.doFilterInternal(ServerHttpObservationFilter.java:113) ~[spring-web-6.1.20.jar:6.1.20]
	at org.springframework.web.filter.OncePerRequestFilter.doFilter(OncePerRequestFilter.java:116) ~[spring-web-6.1.20.jar:6.1.20]
	at org.apache.catalina.core.ApplicationFilterChain.internalDoFilter(ApplicationFilterChain.java:164) ~[tomcat-embed-core-10.1.41.jar:10.1.41]
	at org.apache.catalina.core.ApplicationFilterChain.doFilter(ApplicationFilterChain.java:140) ~[tomcat-embed-core-10.1.41.jar:10.1.41]
	at org.springframework.web.filter.CharacterEncodingFilter.doFilterInternal(CharacterEncodingFilter.java:201) ~[spring-web-6.1.20.jar:6.1.20]
	at org.springframework.web.filter.OncePerRequestFilter.doFilter(OncePerRequestFilter.java:116) ~[spring-web-6.1.20.jar:6.1.20]
	at org.apache.catalina.core.ApplicationFilterChain.internalDoFilter(ApplicationFilterChain.java:164) ~[tomcat-embed-core-10.1.41.jar:10.1.41]
	at org.apache.catalina.core.ApplicationFilterChain.doFilter(ApplicationFilterChain.java:140) ~[tomcat-embed-core-10.1.41.jar:10.1.41]
	at org.apache.catalina.core.StandardWrapperValve.invoke(StandardWrapperValve.java:167) ~[tomcat-embed-core-10.1.41.jar:10.1.41]
	at org.apache.catalina.core.StandardContextValve.invoke(StandardContextValve.java:90) ~[tomcat-embed-core-10.1.41.jar:10.1.41]
	at org.apache.catalina.authenticator.AuthenticatorBase.invoke(AuthenticatorBase.java:483) ~[tomcat-embed-core-10.1.41.jar:10.1.41]
	at org.apache.catalina.core.StandardHostValve.invoke(StandardHostValve.java:116) ~[tomcat-embed-core-10.1.41.jar:10.1.41]
	at org.apache.catalina.valves.ErrorReportValve.invoke(ErrorReportValve.java:93) ~[tomcat-embed-core-10.1.41.jar:10.1.41]
	at org.apache.catalina.core.StandardEngineValve.invoke(StandardEngineValve.java:74) ~[tomcat-embed-core-10.1.41.jar:10.1.41]
	at org.apache.catalina.connector.CoyoteAdapter.service(CoyoteAdapter.java:344) ~[tomcat-embed-core-10.1.41.jar:10.1.41]
	at org.apache.coyote.http11.Http11Processor.service(Http11Processor.java:398) ~[tomcat-embed-core-10.1.41.jar:10.1.41]
	at org.apache.coyote.AbstractProcessorLight.process(AbstractProcessorLight.java:63) ~[tomcat-embed-core-10.1.41.jar:10.1.41]
	at org.apache.coyote.AbstractProtocol$ConnectionHandler.process(AbstractProtocol.java:903) ~[tomcat-embed-core-10.1.41.jar:10.1.41]
	at org.apache.tomcat.util.net.NioEndpoint$SocketProcessor.doRun(NioEndpoint.java:1740) ~[tomcat-embed-core-10.1.41.jar:10.1.41]
	at org.apache.tomcat.util.net.SocketProcessorBase.run(SocketProcessorBase.java:52) ~[tomcat-embed-core-10.1.41.jar:10.1.41]
	at org.apache.tomcat.util.threads.ThreadPoolExecutor.runWorker(ThreadPoolExecutor.java:1189) ~[tomcat-embed-core-10.1.41.jar:10.1.41]
	at org.apache.tomcat.util.threads.ThreadPoolExecutor$Worker.run(ThreadPoolExecutor.java:658) ~[tomcat-embed-core-10.1.41.jar:10.1.41]
	at org.apache.tomcat.util.threads.TaskThread$WrappingRunnable.run(TaskThread.java:63) ~[tomcat-embed-core-10.1.41.jar:10.1.41]
	at java.base/java.lang.Thread.run(Thread.java:842) ~[na:na]

2026-06-12T10:01:04.752+09:00 DEBUG 17984 --- [quality-service] [http-nio-8083-exec-1] org.hibernate.SQL                        : select irh1_0.id,irh1_0.inspection_type,irh1_0.record_time,irh1_0.risk_score from inspection_risk_history irh1_0
2026-06-12T10:01:04.790+09:00  WARN 17984 --- [quality-service] [http-nio-8083-exec-1] o.h.engine.jdbc.spi.SqlExceptionHelper   : SQL Error: 0, SQLState: 22018
2026-06-12T10:01:04.790+09:00 ERROR 17984 --- [quality-service] [http-nio-8083-exec-1] o.h.engine.jdbc.spi.SqlExceptionHelper   : Cannot convert string '2026-06-01 1:00' to java.sql.Timestamp value
2026-06-12T10:01:04.888+09:00 ERROR 17984 --- [quality-service] [http-nio-8083-exec-1] o.a.c.c.C.[.[.[/].[dispatcherServlet]    : Servlet.service() for servlet [dispatcherServlet] in context with path [] threw exception [Request processing failed: org.springframework.dao.DataIntegrityViolationException: Could not extract column [3] from JDBC ResultSet [Cannot convert string '2026-06-01 1:00' to java.sql.Timestamp value] [n/a]; SQL [n/a]] with root cause

com.mysql.cj.exceptions.DataConversionException: Cannot convert string '2026-06-01 1:00' to java.sql.Timestamp value
	at com.mysql.cj.result.AbstractDateTimeValueFactory.createFromBytes(AbstractDateTimeValueFactory.java:139) ~[mysql-connector-j-8.3.0.jar:8.3.0]
	at com.mysql.cj.protocol.a.MysqlTextValueDecoder.decodeByteArray(MysqlTextValueDecoder.java:159) ~[mysql-connector-j-8.3.0.jar:8.3.0]
	at com.mysql.cj.protocol.result.AbstractResultsetRow.decodeAndCreateReturnValue(AbstractResultsetRow.java:136) ~[mysql-connector-j-8.3.0.jar:8.3.0]
	at com.mysql.cj.protocol.result.AbstractResultsetRow.getValueFromBytes(AbstractResultsetRow.java:244) ~[mysql-connector-j-8.3.0.jar:8.3.0]
	at com.mysql.cj.protocol.a.result.ByteArrayRow.getValue(ByteArrayRow.java:91) ~[mysql-connector-j-8.3.0.jar:8.3.0]
	at com.mysql.cj.jdbc.result.ResultSetImpl.getTimestamp(ResultSetImpl.java:943) ~[mysql-connector-j-8.3.0.jar:8.3.0]
	at com.zaxxer.hikari.pool.HikariProxyResultSet.getTimestamp(HikariProxyResultSet.java) ~[HikariCP-5.1.0.jar:na]
	at org.hibernate.type.descriptor.jdbc.TimestampJdbcType$2.doExtract(TimestampJdbcType.java:111) ~[hibernate-core-6.5.3.Final.jar:6.5.3.Final]
	at org.hibernate.type.descriptor.jdbc.BasicExtractor.extract(BasicExtractor.java:44) ~[hibernate-core-6.5.3.Final.jar:6.5.3.Final]
	at org.hibernate.sql.results.jdbc.internal.JdbcValuesResultSetImpl.getCurrentRowValue(JdbcValuesResultSetImpl.java:379) ~[hibernate-core-6.5.3.Final.jar:6.5.3.Final]
	at org.hibernate.sql.results.internal.RowProcessingStateStandardImpl.getJdbcValue(RowProcessingStateStandardImpl.java:120) ~[hibernate-core-6.5.3.Final.jar:6.5.3.Final]
	at org.hibernate.sql.results.graph.basic.BasicResultAssembler.extractRawValue(BasicResultAssembler.java:52) ~[hibernate-core-6.5.3.Final.jar:6.5.3.Final]
	at org.hibernate.sql.results.graph.basic.BasicResultAssembler.assemble(BasicResultAssembler.java:59) ~[hibernate-core-6.5.3.Final.jar:6.5.3.Final]
	at org.hibernate.sql.results.graph.DomainResultAssembler.assemble(DomainResultAssembler.java:35) ~[hibernate-core-6.5.3.Final.jar:6.5.3.Final]
	at org.hibernate.sql.results.graph.entity.AbstractEntityInitializer.extractConcreteTypeStateValues(AbstractEntityInitializer.java:1038) ~[hibernate-core-6.5.3.Final.jar:6.5.3.Final]
	at org.hibernate.sql.results.graph.entity.AbstractEntityInitializer.initializeEntityInstance(AbstractEntityInitializer.java:795) ~[hibernate-core-6.5.3.Final.jar:6.5.3.Final]
	at org.hibernate.sql.results.graph.entity.AbstractEntityInitializer.initializeEntity(AbstractEntityInitializer.java:770) ~[hibernate-core-6.5.3.Final.jar:6.5.3.Final]
	at org.hibernate.sql.results.graph.entity.AbstractEntityInitializer.initializeInstance(AbstractEntityInitializer.java:762) ~[hibernate-core-6.5.3.Final.jar:6.5.3.Final]
	at org.hibernate.sql.results.internal.InitializersList.initializeInstance(InitializersList.java:73) ~[hibernate-core-6.5.3.Final.jar:6.5.3.Final]
	at org.hibernate.sql.results.internal.StandardRowReader.coordinateInitializers(StandardRowReader.java:113) ~[hibernate-core-6.5.3.Final.jar:6.5.3.Final]
	at org.hibernate.sql.results.internal.StandardRowReader.readRow(StandardRowReader.java:87) ~[hibernate-core-6.5.3.Final.jar:6.5.3.Final]
	at org.hibernate.sql.results.spi.ListResultsConsumer.consume(ListResultsConsumer.java:205) ~[hibernate-core-6.5.3.Final.jar:6.5.3.Final]
	at org.hibernate.sql.results.spi.ListResultsConsumer.consume(ListResultsConsumer.java:33) ~[hibernate-core-6.5.3.Final.jar:6.5.3.Final]
	at org.hibernate.sql.exec.internal.JdbcSelectExecutorStandardImpl.doExecuteQuery(JdbcSelectExecutorStandardImpl.java:211) ~[hibernate-core-6.5.3.Final.jar:6.5.3.Final]
	at org.hibernate.sql.exec.internal.JdbcSelectExecutorStandardImpl.executeQuery(JdbcSelectExecutorStandardImpl.java:83) ~[hibernate-core-6.5.3.Final.jar:6.5.3.Final]
	at org.hibernate.sql.exec.spi.JdbcSelectExecutor.list(JdbcSelectExecutor.java:76) ~[hibernate-core-6.5.3.Final.jar:6.5.3.Final]
	at org.hibernate.sql.exec.spi.JdbcSelectExecutor.list(JdbcSelectExecutor.java:65) ~[hibernate-core-6.5.3.Final.jar:6.5.3.Final]
	at org.hibernate.query.sqm.internal.ConcreteSqmSelectQueryPlan.lambda$new$2(ConcreteSqmSelectQueryPlan.java:139) ~[hibernate-core-6.5.3.Final.jar:6.5.3.Final]
	at org.hibernate.query.sqm.internal.ConcreteSqmSelectQueryPlan.withCacheableSqmInterpretation(ConcreteSqmSelectQueryPlan.java:382) ~[hibernate-core-6.5.3.Final.jar:6.5.3.Final]
	at org.hibernate.query.sqm.internal.ConcreteSqmSelectQueryPlan.performList(ConcreteSqmSelectQueryPlan.java:302) ~[hibernate-core-6.5.3.Final.jar:6.5.3.Final]
	at org.hibernate.query.sqm.internal.QuerySqmImpl.doList(QuerySqmImpl.java:526) ~[hibernate-core-6.5.3.Final.jar:6.5.3.Final]
	at org.hibernate.query.spi.AbstractSelectionQuery.list(AbstractSelectionQuery.java:423) ~[hibernate-core-6.5.3.Final.jar:6.5.3.Final]
	at org.hibernate.query.Query.getResultList(Query.java:120) ~[hibernate-core-6.5.3.Final.jar:6.5.3.Final]
	at org.springframework.data.jpa.repository.support.SimpleJpaRepository.findAll(SimpleJpaRepository.java:395) ~[spring-data-jpa-3.3.12.jar:3.3.12]
	at jdk.internal.reflect.GeneratedMethodAccessor110.invoke(Unknown Source) ~[na:na]
	at java.base/jdk.internal.reflect.DelegatingMethodAccessorImpl.invoke(DelegatingMethodAccessorImpl.java:43) ~[na:na]
	at java.base/java.lang.reflect.Method.invoke(Method.java:568) ~[na:na]
	at org.springframework.aop.support.AopUtils.invokeJoinpointUsingReflection(AopUtils.java:355) ~[spring-aop-6.1.20.jar:6.1.20]
	at org.springframework.data.repository.core.support.RepositoryMethodInvoker$RepositoryFragmentMethodInvoker.lambda$new$0(RepositoryMethodInvoker.java:277) ~[spring-data-commons-3.3.12.jar:3.3.12]
	at org.springframework.data.repository.core.support.RepositoryMethodInvoker.doInvoke(RepositoryMethodInvoker.java:170) ~[spring-data-commons-3.3.12.jar:3.3.12]
	at org.springframework.data.repository.core.support.RepositoryMethodInvoker.invoke(RepositoryMethodInvoker.java:158) ~[spring-data-commons-3.3.12.jar:3.3.12]
	at org.springframework.data.repository.core.support.RepositoryComposition$RepositoryFragments.invoke(RepositoryComposition.java:516) ~[spring-data-commons-3.3.12.jar:3.3.12]
	at org.springframework.data.repository.core.support.RepositoryComposition.invoke(RepositoryComposition.java:285) ~[spring-data-commons-3.3.12.jar:3.3.12]
	at org.springframework.data.repository.core.support.RepositoryFactorySupport$ImplementationMethodExecutionInterceptor.invoke(RepositoryFactorySupport.java:628) ~[spring-data-commons-3.3.12.jar:3.3.12]
	at org.springframework.aop.framework.ReflectiveMethodInvocation.proceed(ReflectiveMethodInvocation.java:184) ~[spring-aop-6.1.20.jar:6.1.20]
	at org.springframework.data.repository.core.support.QueryExecutorMethodInterceptor.doInvoke(QueryExecutorMethodInterceptor.java:173) ~[spring-data-commons-3.3.12.jar:3.3.12]
	at org.springframework.data.repository.core.support.QueryExecutorMethodInterceptor.invoke(QueryExecutorMethodInterceptor.java:148) ~[spring-data-commons-3.3.12.jar:3.3.12]
	at org.springframework.aop.framework.ReflectiveMethodInvocation.proceed(ReflectiveMethodInvocation.java:184) ~[spring-aop-6.1.20.jar:6.1.20]
	at org.springframework.data.projection.DefaultMethodInvokingMethodInterceptor.invoke(DefaultMethodInvokingMethodInterceptor.java:70) ~[spring-data-commons-3.3.12.jar:3.3.12]
	at org.springframework.aop.framework.ReflectiveMethodInvocation.proceed(ReflectiveMethodInvocation.java:184) ~[spring-aop-6.1.20.jar:6.1.20]
	at org.springframework.transaction.interceptor.TransactionAspectSupport.invokeWithinTransaction(TransactionAspectSupport.java:379) ~[spring-tx-6.1.20.jar:6.1.20]
	at org.springframework.transaction.interceptor.TransactionInterceptor.invoke(TransactionInterceptor.java:119) ~[spring-tx-6.1.20.jar:6.1.20]
	at org.springframework.aop.framework.ReflectiveMethodInvocation.proceed(ReflectiveMethodInvocation.java:184) ~[spring-aop-6.1.20.jar:6.1.20]
	at org.springframework.dao.support.PersistenceExceptionTranslationInterceptor.invoke(PersistenceExceptionTranslationInterceptor.java:138) ~[spring-tx-6.1.20.jar:6.1.20]
	at org.springframework.aop.framework.ReflectiveMethodInvocation.proceed(ReflectiveMethodInvocation.java:184) ~[spring-aop-6.1.20.jar:6.1.20]
	at org.springframework.data.jpa.repository.support.CrudMethodMetadataPostProcessor$CrudMethodMetadataPopulatingMethodInterceptor.invoke(CrudMethodMetadataPostProcessor.java:165) ~[spring-data-jpa-3.3.12.jar:3.3.12]
	at org.springframework.aop.framework.ReflectiveMethodInvocation.proceed(ReflectiveMethodInvocation.java:184) ~[spring-aop-6.1.20.jar:6.1.20]
	at org.springframework.aop.interceptor.ExposeInvocationInterceptor.invoke(ExposeInvocationInterceptor.java:97) ~[spring-aop-6.1.20.jar:6.1.20]
	at org.springframework.aop.framework.ReflectiveMethodInvocation.proceed(ReflectiveMethodInvocation.java:184) ~[spring-aop-6.1.20.jar:6.1.20]
	at org.springframework.aop.framework.JdkDynamicAopProxy.invoke(JdkDynamicAopProxy.java:223) ~[spring-aop-6.1.20.jar:6.1.20]
	at jdk.proxy2/jdk.proxy2.$Proxy141.findAll(Unknown Source) ~[na:na]
	at com.aims.quality.main_db.controller.InspectionRiskHistoryController.getRiskHistoryList(InspectionRiskHistoryController.java:22) ~[main/:na]
	at java.base/jdk.internal.reflect.NativeMethodAccessorImpl.invoke0(Native Method) ~[na:na]
	at java.base/jdk.internal.reflect.NativeMethodAccessorImpl.invoke(NativeMethodAccessorImpl.java:77) ~[na:na]
	at java.base/jdk.internal.reflect.DelegatingMethodAccessorImpl.invoke(DelegatingMethodAccessorImpl.java:43) ~[na:na]
	at java.base/java.lang.reflect.Method.invoke(Method.java:568) ~[na:na]
	at org.springframework.web.method.support.InvocableHandlerMethod.doInvoke(InvocableHandlerMethod.java:255) ~[spring-web-6.1.20.jar:6.1.20]
	at org.springframework.web.method.support.InvocableHandlerMethod.invokeForRequest(InvocableHandlerMethod.java:188) ~[spring-web-6.1.20.jar:6.1.20]
	at org.springframework.web.servlet.mvc.method.annotation.ServletInvocableHandlerMethod.invokeAndHandle(ServletInvocableHandlerMethod.java:118) ~[spring-webmvc-6.1.20.jar:6.1.20]
	at org.springframework.web.servlet.mvc.method.annotation.RequestMappingHandlerAdapter.invokeHandlerMethod(RequestMappingHandlerAdapter.java:926) ~[spring-webmvc-6.1.20.jar:6.1.20]
	at org.springframework.web.servlet.mvc.method.annotation.RequestMappingHandlerAdapter.handleInternal(RequestMappingHandlerAdapter.java:831) ~[spring-webmvc-6.1.20.jar:6.1.20]
	at org.springframework.web.servlet.mvc.method.AbstractHandlerMethodAdapter.handle(AbstractHandlerMethodAdapter.java:87) ~[spring-webmvc-6.1.20.jar:6.1.20]
	at org.springframework.web.servlet.DispatcherServlet.doDispatch(DispatcherServlet.java:1089) ~[spring-webmvc-6.1.20.jar:6.1.20]
	at org.springframework.web.servlet.DispatcherServlet.doService(DispatcherServlet.java:979) ~[spring-webmvc-6.1.20.jar:6.1.20]
	at org.springframework.web.servlet.FrameworkServlet.processRequest(FrameworkServlet.java:1014) ~[spring-webmvc-6.1.20.jar:6.1.20]
	at org.springframework.web.servlet.FrameworkServlet.doGet(FrameworkServlet.java:903) ~[spring-webmvc-6.1.20.jar:6.1.20]
	at jakarta.servlet.http.HttpServlet.service(HttpServlet.java:564) ~[tomcat-embed-core-10.1.41.jar:6.0]
	at org.springframework.web.servlet.FrameworkServlet.service(FrameworkServlet.java:885) ~[spring-webmvc-6.1.20.jar:6.1.20]
	at jakarta.servlet.http.HttpServlet.service(HttpServlet.java:658) ~[tomcat-embed-core-10.1.41.jar:6.0]
	at org.apache.catalina.core.ApplicationFilterChain.internalDoFilter(ApplicationFilterChain.java:195) ~[tomcat-embed-core-10.1.41.jar:10.1.41]
	at org.apache.catalina.core.ApplicationFilterChain.doFilter(ApplicationFilterChain.java:140) ~[tomcat-embed-core-10.1.41.jar:10.1.41]
	at org.apache.tomcat.websocket.server.WsFilter.doFilter(WsFilter.java:51) ~[tomcat-embed-websocket-10.1.41.jar:10.1.41]
	at org.apache.catalina.core.ApplicationFilterChain.internalDoFilter(ApplicationFilterChain.java:164) ~[tomcat-embed-core-10.1.41.jar:10.1.41]
	at org.apache.catalina.core.ApplicationFilterChain.doFilter(ApplicationFilterChain.java:140) ~[tomcat-embed-core-10.1.41.jar:10.1.41]
	at org.springframework.web.filter.OncePerRequestFilter.doFilter(OncePerRequestFilter.java:110) ~[spring-web-6.1.20.jar:6.1.20]
	at org.apache.catalina.core.ApplicationFilterChain.internalDoFilter(ApplicationFilterChain.java:164) ~[tomcat-embed-core-10.1.41.jar:10.1.41]
	at org.apache.catalina.core.ApplicationFilterChain.doFilter(ApplicationFilterChain.java:140) ~[tomcat-embed-core-10.1.41.jar:10.1.41]
	at org.springframework.web.filter.CompositeFilter$VirtualFilterChain.doFilter(CompositeFilter.java:108) ~[spring-web-6.1.20.jar:6.1.20]
	at org.springframework.security.web.FilterChainProxy.lambda$doFilterInternal$3(FilterChainProxy.java:231) ~[spring-security-web-6.3.9.jar:6.3.9]
	at org.springframework.security.web.ObservationFilterChainDecorator$FilterObservation$SimpleFilterObservation.lambda$wrap$1(ObservationFilterChainDecorator.java:479) ~[spring-security-web-6.3.9.jar:6.3.9]
	at org.springframework.security.web.ObservationFilterChainDecorator$AroundFilterObservation$SimpleAroundFilterObservation.lambda$wrap$1(ObservationFilterChainDecorator.java:340) ~[spring-security-web-6.3.9.jar:6.3.9]
	at org.springframework.security.web.ObservationFilterChainDecorator.lambda$wrapSecured$0(ObservationFilterChainDecorator.java:82) ~[spring-security-web-6.3.9.jar:6.3.9]
	at org.springframework.security.web.ObservationFilterChainDecorator$VirtualFilterChain.doFilter(ObservationFilterChainDecorator.java:128) ~[spring-security-web-6.3.9.jar:6.3.9]
	at org.springframework.security.web.access.intercept.AuthorizationFilter.doFilter(AuthorizationFilter.java:100) ~[spring-security-web-6.3.9.jar:6.3.9]
	at org.springframework.security.web.ObservationFilterChainDecorator$ObservationFilter.wrapFilter(ObservationFilterChainDecorator.java:240) ~[spring-security-web-6.3.9.jar:6.3.9]
	at org.springframework.security.web.ObservationFilterChainDecorator$ObservationFilter.doFilter(ObservationFilterChainDecorator.java:227) ~[spring-security-web-6.3.9.jar:6.3.9]
	at org.springframework.security.web.ObservationFilterChainDecorator$VirtualFilterChain.doFilter(ObservationFilterChainDecorator.java:137) ~[spring-security-web-6.3.9.jar:6.3.9]
	at org.springframework.security.web.access.ExceptionTranslationFilter.doFilter(ExceptionTranslationFilter.java:126) ~[spring-security-web-6.3.9.jar:6.3.9]
	at org.springframework.security.web.access.ExceptionTranslationFilter.doFilter(ExceptionTranslationFilter.java:120) ~[spring-security-web-6.3.9.jar:6.3.9]
	at org.springframework.security.web.ObservationFilterChainDecorator$ObservationFilter.wrapFilter(ObservationFilterChainDecorator.java:240) ~[spring-security-web-6.3.9.jar:6.3.9]
	at org.springframework.security.web.ObservationFilterChainDecorator$ObservationFilter.doFilter(ObservationFilterChainDecorator.java:227) ~[spring-security-web-6.3.9.jar:6.3.9]
	at org.springframework.security.web.ObservationFilterChainDecorator$VirtualFilterChain.doFilter(ObservationFilterChainDecorator.java:137) ~[spring-security-web-6.3.9.jar:6.3.9]
	at org.springframework.security.web.authentication.AnonymousAuthenticationFilter.doFilter(AnonymousAuthenticationFilter.java:100) ~[spring-security-web-6.3.9.jar:6.3.9]
	at org.springframework.security.web.ObservationFilterChainDecorator$ObservationFilter.wrapFilter(ObservationFilterChainDecorator.java:240) ~[spring-security-web-6.3.9.jar:6.3.9]
	at org.springframework.security.web.ObservationFilterChainDecorator$ObservationFilter.doFilter(ObservationFilterChainDecorator.java:227) ~[spring-security-web-6.3.9.jar:6.3.9]
	at org.springframework.security.web.ObservationFilterChainDecorator$VirtualFilterChain.doFilter(ObservationFilterChainDecorator.java:137) ~[spring-security-web-6.3.9.jar:6.3.9]
	at org.springframework.security.web.servletapi.SecurityContextHolderAwareRequestFilter.doFilter(SecurityContextHolderAwareRequestFilter.java:179) ~[spring-security-web-6.3.9.jar:6.3.9]
	at org.springframework.security.web.ObservationFilterChainDecorator$ObservationFilter.wrapFilter(ObservationFilterChainDecorator.java:240) ~[spring-security-web-6.3.9.jar:6.3.9]
	at org.springframework.security.web.ObservationFilterChainDecorator$ObservationFilter.doFilter(ObservationFilterChainDecorator.java:227) ~[spring-security-web-6.3.9.jar:6.3.9]
	at org.springframework.security.web.ObservationFilterChainDecorator$VirtualFilterChain.doFilter(ObservationFilterChainDecorator.java:137) ~[spring-security-web-6.3.9.jar:6.3.9]
	at org.springframework.security.web.savedrequest.RequestCacheAwareFilter.doFilter(RequestCacheAwareFilter.java:63) ~[spring-security-web-6.3.9.jar:6.3.9]
	at org.springframework.security.web.ObservationFilterChainDecorator$ObservationFilter.wrapFilter(ObservationFilterChainDecorator.java:240) ~[spring-security-web-6.3.9.jar:6.3.9]
	at org.springframework.security.web.ObservationFilterChainDecorator$ObservationFilter.doFilter(ObservationFilterChainDecorator.java:227) ~[spring-security-web-6.3.9.jar:6.3.9]
	at org.springframework.security.web.ObservationFilterChainDecorator$VirtualFilterChain.doFilter(ObservationFilterChainDecorator.java:137) ~[spring-security-web-6.3.9.jar:6.3.9]
	at org.springframework.security.web.authentication.logout.LogoutFilter.doFilter(LogoutFilter.java:107) ~[spring-security-web-6.3.9.jar:6.3.9]
	at org.springframework.security.web.authentication.logout.LogoutFilter.doFilter(LogoutFilter.java:93) ~[spring-security-web-6.3.9.jar:6.3.9]
	at org.springframework.security.web.ObservationFilterChainDecorator$ObservationFilter.wrapFilter(ObservationFilterChainDecorator.java:240) ~[spring-security-web-6.3.9.jar:6.3.9]
	at org.springframework.security.web.ObservationFilterChainDecorator$ObservationFilter.doFilter(ObservationFilterChainDecorator.java:227) ~[spring-security-web-6.3.9.jar:6.3.9]
	at org.springframework.security.web.ObservationFilterChainDecorator$VirtualFilterChain.doFilter(ObservationFilterChainDecorator.java:137) ~[spring-security-web-6.3.9.jar:6.3.9]
	at org.springframework.web.filter.CorsFilter.doFilterInternal(CorsFilter.java:91) ~[spring-web-6.1.20.jar:6.1.20]
	at org.springframework.web.filter.OncePerRequestFilter.doFilter(OncePerRequestFilter.java:116) ~[spring-web-6.1.20.jar:6.1.20]
	at org.springframework.security.web.ObservationFilterChainDecorator$ObservationFilter.wrapFilter(ObservationFilterChainDecorator.java:240) ~[spring-security-web-6.3.9.jar:6.3.9]
	at org.springframework.security.web.ObservationFilterChainDecorator$ObservationFilter.doFilter(ObservationFilterChainDecorator.java:227) ~[spring-security-web-6.3.9.jar:6.3.9]
	at org.springframework.security.web.ObservationFilterChainDecorator$VirtualFilterChain.doFilter(ObservationFilterChainDecorator.java:137) ~[spring-security-web-6.3.9.jar:6.3.9]
	at org.springframework.security.web.header.HeaderWriterFilter.doHeadersAfter(HeaderWriterFilter.java:90) ~[spring-security-web-6.3.9.jar:6.3.9]
	at org.springframework.security.web.header.HeaderWriterFilter.doFilterInternal(HeaderWriterFilter.java:75) ~[spring-security-web-6.3.9.jar:6.3.9]
	at org.springframework.web.filter.OncePerRequestFilter.doFilter(OncePerRequestFilter.java:116) ~[spring-web-6.1.20.jar:6.1.20]
	at org.springframework.security.web.ObservationFilterChainDecorator$ObservationFilter.wrapFilter(ObservationFilterChainDecorator.java:240) ~[spring-security-web-6.3.9.jar:6.3.9]
	at org.springframework.security.web.ObservationFilterChainDecorator$ObservationFilter.doFilter(ObservationFilterChainDecorator.java:227) ~[spring-security-web-6.3.9.jar:6.3.9]
	at org.springframework.security.web.ObservationFilterChainDecorator$VirtualFilterChain.doFilter(ObservationFilterChainDecorator.java:137) ~[spring-security-web-6.3.9.jar:6.3.9]
	at org.springframework.security.web.context.SecurityContextHolderFilter.doFilter(SecurityContextHolderFilter.java:82) ~[spring-security-web-6.3.9.jar:6.3.9]
	at org.springframework.security.web.context.SecurityContextHolderFilter.doFilter(SecurityContextHolderFilter.java:69) ~[spring-security-web-6.3.9.jar:6.3.9]
	at org.springframework.security.web.ObservationFilterChainDecorator$ObservationFilter.wrapFilter(ObservationFilterChainDecorator.java:240) ~[spring-security-web-6.3.9.jar:6.3.9]
	at org.springframework.security.web.ObservationFilterChainDecorator$ObservationFilter.doFilter(ObservationFilterChainDecorator.java:227) ~[spring-security-web-6.3.9.jar:6.3.9]
	at org.springframework.security.web.ObservationFilterChainDecorator$VirtualFilterChain.doFilter(ObservationFilterChainDecorator.java:137) ~[spring-security-web-6.3.9.jar:6.3.9]
	at org.springframework.security.web.context.request.async.WebAsyncManagerIntegrationFilter.doFilterInternal(WebAsyncManagerIntegrationFilter.java:62) ~[spring-security-web-6.3.9.jar:6.3.9]
	at org.springframework.web.filter.OncePerRequestFilter.doFilter(OncePerRequestFilter.java:116) ~[spring-web-6.1.20.jar:6.1.20]
	at org.springframework.security.web.ObservationFilterChainDecorator$ObservationFilter.wrapFilter(ObservationFilterChainDecorator.java:240) ~[spring-security-web-6.3.9.jar:6.3.9]
	at org.springframework.security.web.ObservationFilterChainDecorator$ObservationFilter.doFilter(ObservationFilterChainDecorator.java:227) ~[spring-security-web-6.3.9.jar:6.3.9]
	at org.springframework.security.web.ObservationFilterChainDecorator$VirtualFilterChain.doFilter(ObservationFilterChainDecorator.java:137) ~[spring-security-web-6.3.9.jar:6.3.9]
	at org.springframework.security.web.session.DisableEncodeUrlFilter.doFilterInternal(DisableEncodeUrlFilter.java:42) ~[spring-security-web-6.3.9.jar:6.3.9]
	at org.springframework.web.filter.OncePerRequestFilter.doFilter(OncePerRequestFilter.java:116) ~[spring-web-6.1.20.jar:6.1.20]
	at org.springframework.security.web.ObservationFilterChainDecorator$ObservationFilter.wrapFilter(ObservationFilterChainDecorator.java:240) ~[spring-security-web-6.3.9.jar:6.3.9]
	at org.springframework.security.web.ObservationFilterChainDecorator$AroundFilterObservation$SimpleAroundFilterObservation.lambda$wrap$0(ObservationFilterChainDecorator.java:323) ~[spring-security-web-6.3.9.jar:6.3.9]
	at org.springframework.security.web.ObservationFilterChainDecorator$ObservationFilter.doFilter(ObservationFilterChainDecorator.java:224) ~[spring-security-web-6.3.9.jar:6.3.9]
	at org.springframework.security.web.ObservationFilterChainDecorator$VirtualFilterChain.doFilter(ObservationFilterChainDecorator.java:137) ~[spring-security-web-6.3.9.jar:6.3.9]
	at org.springframework.security.web.FilterChainProxy.doFilterInternal(FilterChainProxy.java:233) ~[spring-security-web-6.3.9.jar:6.3.9]
	at org.springframework.security.web.FilterChainProxy.doFilter(FilterChainProxy.java:191) ~[spring-security-web-6.3.9.jar:6.3.9]
	at org.springframework.web.filter.CompositeFilter$VirtualFilterChain.doFilter(CompositeFilter.java:113) ~[spring-web-6.1.20.jar:6.1.20]
	at org.springframework.web.servlet.handler.HandlerMappingIntrospector.lambda$createCacheFilter$3(HandlerMappingIntrospector.java:195) ~[spring-webmvc-6.1.20.jar:6.1.20]
	at org.springframework.web.filter.CompositeFilter$VirtualFilterChain.doFilter(CompositeFilter.java:113) ~[spring-web-6.1.20.jar:6.1.20]
	at org.springframework.web.filter.CompositeFilter.doFilter(CompositeFilter.java:74) ~[spring-web-6.1.20.jar:6.1.20]
	at org.springframework.security.config.annotation.web.configuration.WebMvcSecurityConfiguration$CompositeFilterChainProxy.doFilter(WebMvcSecurityConfiguration.java:230) ~[spring-security-config-6.3.9.jar:6.3.9]
	at org.springframework.web.filter.DelegatingFilterProxy.invokeDelegate(DelegatingFilterProxy.java:362) ~[spring-web-6.1.20.jar:6.1.20]
	at org.springframework.web.filter.DelegatingFilterProxy.doFilter(DelegatingFilterProxy.java:278) ~[spring-web-6.1.20.jar:6.1.20]
	at org.apache.catalina.core.ApplicationFilterChain.internalDoFilter(ApplicationFilterChain.java:164) ~[tomcat-embed-core-10.1.41.jar:10.1.41]
	at org.apache.catalina.core.ApplicationFilterChain.doFilter(ApplicationFilterChain.java:140) ~[tomcat-embed-core-10.1.41.jar:10.1.41]
	at org.springframework.web.filter.RequestContextFilter.doFilterInternal(RequestContextFilter.java:100) ~[spring-web-6.1.20.jar:6.1.20]
	at org.springframework.web.filter.OncePerRequestFilter.doFilter(OncePerRequestFilter.java:116) ~[spring-web-6.1.20.jar:6.1.20]
	at org.apache.catalina.core.ApplicationFilterChain.internalDoFilter(ApplicationFilterChain.java:164) ~[tomcat-embed-core-10.1.41.jar:10.1.41]
	at org.apache.catalina.core.ApplicationFilterChain.doFilter(ApplicationFilterChain.java:140) ~[tomcat-embed-core-10.1.41.jar:10.1.41]
	at org.springframework.web.filter.FormContentFilter.doFilterInternal(FormContentFilter.java:93) ~[spring-web-6.1.20.jar:6.1.20]
	at org.springframework.web.filter.OncePerRequestFilter.doFilter(OncePerRequestFilter.java:116) ~[spring-web-6.1.20.jar:6.1.20]
	at org.apache.catalina.core.ApplicationFilterChain.internalDoFilter(ApplicationFilterChain.java:164) ~[tomcat-embed-core-10.1.41.jar:10.1.41]
	at org.apache.catalina.core.ApplicationFilterChain.doFilter(ApplicationFilterChain.java:140) ~[tomcat-embed-core-10.1.41.jar:10.1.41]
	at org.springframework.web.filter.ServerHttpObservationFilter.doFilterInternal(ServerHttpObservationFilter.java:113) ~[spring-web-6.1.20.jar:6.1.20]
	at org.springframework.web.filter.OncePerRequestFilter.doFilter(OncePerRequestFilter.java:116) ~[spring-web-6.1.20.jar:6.1.20]
	at org.apache.catalina.core.ApplicationFilterChain.internalDoFilter(ApplicationFilterChain.java:164) ~[tomcat-embed-core-10.1.41.jar:10.1.41]
	at org.apache.catalina.core.ApplicationFilterChain.doFilter(ApplicationFilterChain.java:140) ~[tomcat-embed-core-10.1.41.jar:10.1.41]
	at org.springframework.web.filter.CharacterEncodingFilter.doFilterInternal(CharacterEncodingFilter.java:201) ~[spring-web-6.1.20.jar:6.1.20]
	at org.springframework.web.filter.OncePerRequestFilter.doFilter(OncePerRequestFilter.java:116) ~[spring-web-6.1.20.jar:6.1.20]
	at org.apache.catalina.core.ApplicationFilterChain.internalDoFilter(ApplicationFilterChain.java:164) ~[tomcat-embed-core-10.1.41.jar:10.1.41]
	at org.apache.catalina.core.ApplicationFilterChain.doFilter(ApplicationFilterChain.java:140) ~[tomcat-embed-core-10.1.41.jar:10.1.41]
	at org.apache.catalina.core.StandardWrapperValve.invoke(StandardWrapperValve.java:167) ~[tomcat-embed-core-10.1.41.jar:10.1.41]
	at org.apache.catalina.core.StandardContextValve.invoke(StandardContextValve.java:90) ~[tomcat-embed-core-10.1.41.jar:10.1.41]
	at org.apache.catalina.authenticator.AuthenticatorBase.invoke(AuthenticatorBase.java:483) ~[tomcat-embed-core-10.1.41.jar:10.1.41]
	at org.apache.catalina.core.StandardHostValve.invoke(StandardHostValve.java:116) ~[tomcat-embed-core-10.1.41.jar:10.1.41]
	at org.apache.catalina.valves.ErrorReportValve.invoke(ErrorReportValve.java:93) ~[tomcat-embed-core-10.1.41.jar:10.1.41]
	at org.apache.catalina.core.StandardEngineValve.invoke(StandardEngineValve.java:74) ~[tomcat-embed-core-10.1.41.jar:10.1.41]
	at org.apache.catalina.connector.CoyoteAdapter.service(CoyoteAdapter.java:344) ~[tomcat-embed-core-10.1.41.jar:10.1.41]
	at org.apache.coyote.http11.Http11Processor.service(Http11Processor.java:398) ~[tomcat-embed-core-10.1.41.jar:10.1.41]
	at org.apache.coyote.AbstractProcessorLight.process(AbstractProcessorLight.java:63) ~[tomcat-embed-core-10.1.41.jar:10.1.41]
	at org.apache.coyote.AbstractProtocol$ConnectionHandler.process(AbstractProtocol.java:903) ~[tomcat-embed-core-10.1.41.jar:10.1.41]
	at org.apache.tomcat.util.net.NioEndpoint$SocketProcessor.doRun(NioEndpoint.java:1740) ~[tomcat-embed-core-10.1.41.jar:10.1.41]
	at org.apache.tomcat.util.net.SocketProcessorBase.run(SocketProcessorBase.java:52) ~[tomcat-embed-core-10.1.41.jar:10.1.41]
	at org.apache.tomcat.util.threads.ThreadPoolExecutor.runWorker(ThreadPoolExecutor.java:1189) ~[tomcat-embed-core-10.1.41.jar:10.1.41]
	at org.apache.tomcat.util.threads.ThreadPoolExecutor$Worker.run(ThreadPoolExecutor.java:658) ~[tomcat-embed-core-10.1.41.jar:10.1.41]
	at org.apache.tomcat.util.threads.TaskThread$WrappingRunnable.run(TaskThread.java:63) ~[tomcat-embed-core-10.1.41.jar:10.1.41]
	at java.base/java.lang.Thread.run(Thread.java:842) ~[na:na]

2026-06-12T10:03:01.567+09:00 DEBUG 17984 --- [quality-service] [http-nio-8083-exec-3] org.hibernate.SQL                        : select is1_0.id,is1_0.abnormal_count,is1_0.abnormal_rate,is1_0.created_at,is1_0.normal_count,is1_0.normal_rate,is1_0.stanby_count,is1_0.total_count from inspection_summary is1_0
2026-06-12T10:03:01.567+09:00 DEBUG 17984 --- [quality-service] [http-nio-8083-exec-9] org.hibernate.SQL                        : select isd1_0.id,isd1_0.att,isd1_0.battery_voltage,isd1_0.car_code,isd1_0.created_at,isd1_0.fuel_rate,isd1_0.gear,isd1_0.inspection_no,isd1_0.inspection_result,isd1_0.issue_message,isd1_0.speed,isd1_0.status_score,isd1_0.vehicle_id from inspection_status_detail isd1_0
2026-06-12T10:03:01.567+09:00 DEBUG 17984 --- [quality-service] [http-nio-8083-exec-4] org.hibernate.SQL                        : select idd1_0.id,idd1_0.brake_pressure,idd1_0.car_code,idd1_0.created_at,idd1_0.drive_score,idd1_0.driving_pattern,idd1_0.inspection_no,idd1_0.inspection_result,idd1_0.issue_message,idd1_0.steering_angle,idd1_0.throttle_position,idd1_0.vehicle_id from inspection_drive_detail idd1_0
2026-06-12T10:03:01.567+09:00 DEBUG 17984 --- [quality-service] [http-nio-8083-exec-8] org.hibernate.SQL                        : select irh1_0.id,irh1_0.inspection_type,irh1_0.record_time,irh1_0.risk_score from inspection_risk_history irh1_0
2026-06-12T10:03:01.567+09:00 DEBUG 17984 --- [quality-service] [http-nio-8083-exec-6] org.hibernate.SQL                        : select ip1_0.id,ip1_0.completed_count,ip1_0.created_at,ip1_0.process_name,ip1_0.process_status,ip1_0.progress_rate,ip1_0.total_vehicle_count,ip1_0.waiting_count from inspection_process ip1_0
2026-06-12T10:03:01.673+09:00  WARN 17984 --- [quality-service] [http-nio-8083-exec-8] o.h.engine.jdbc.spi.SqlExceptionHelper   : SQL Error: 0, SQLState: 22018
2026-06-12T10:03:01.673+09:00 ERROR 17984 --- [quality-service] [http-nio-8083-exec-8] o.h.engine.jdbc.spi.SqlExceptionHelper   : Cannot convert string '2026-06-01 1:00' to java.sql.Timestamp value
2026-06-12T10:03:01.721+09:00 ERROR 17984 --- [quality-service] [http-nio-8083-exec-8] o.a.c.c.C.[.[.[/].[dispatcherServlet]    : Servlet.service() for servlet [dispatcherServlet] in context with path [] threw exception [Request processing failed: org.springframework.dao.DataIntegrityViolationException: Could not extract column [3] from JDBC ResultSet [Cannot convert string '2026-06-01 1:00' to java.sql.Timestamp value] [n/a]; SQL [n/a]] with root cause

com.mysql.cj.exceptions.DataConversionException: Cannot convert string '2026-06-01 1:00' to java.sql.Timestamp value
	at com.mysql.cj.result.AbstractDateTimeValueFactory.createFromBytes(AbstractDateTimeValueFactory.java:139) ~[mysql-connector-j-8.3.0.jar:8.3.0]
	at com.mysql.cj.protocol.a.MysqlTextValueDecoder.decodeByteArray(MysqlTextValueDecoder.java:159) ~[mysql-connector-j-8.3.0.jar:8.3.0]
	at com.mysql.cj.protocol.result.AbstractResultsetRow.decodeAndCreateReturnValue(AbstractResultsetRow.java:136) ~[mysql-connector-j-8.3.0.jar:8.3.0]
	at com.mysql.cj.protocol.result.AbstractResultsetRow.getValueFromBytes(AbstractResultsetRow.java:244) ~[mysql-connector-j-8.3.0.jar:8.3.0]
	at com.mysql.cj.protocol.a.result.ByteArrayRow.getValue(ByteArrayRow.java:91) ~[mysql-connector-j-8.3.0.jar:8.3.0]
	at com.mysql.cj.jdbc.result.ResultSetImpl.getTimestamp(ResultSetImpl.java:943) ~[mysql-connector-j-8.3.0.jar:8.3.0]
	at com.zaxxer.hikari.pool.HikariProxyResultSet.getTimestamp(HikariProxyResultSet.java) ~[HikariCP-5.1.0.jar:na]
	at org.hibernate.type.descriptor.jdbc.TimestampJdbcType$2.doExtract(TimestampJdbcType.java:111) ~[hibernate-core-6.5.3.Final.jar:6.5.3.Final]
	at org.hibernate.type.descriptor.jdbc.BasicExtractor.extract(BasicExtractor.java:44) ~[hibernate-core-6.5.3.Final.jar:6.5.3.Final]
	at org.hibernate.sql.results.jdbc.internal.JdbcValuesResultSetImpl.getCurrentRowValue(JdbcValuesResultSetImpl.java:379) ~[hibernate-core-6.5.3.Final.jar:6.5.3.Final]
	at org.hibernate.sql.results.internal.RowProcessingStateStandardImpl.getJdbcValue(RowProcessingStateStandardImpl.java:120) ~[hibernate-core-6.5.3.Final.jar:6.5.3.Final]
	at org.hibernate.sql.results.graph.basic.BasicResultAssembler.extractRawValue(BasicResultAssembler.java:52) ~[hibernate-core-6.5.3.Final.jar:6.5.3.Final]
	at org.hibernate.sql.results.graph.basic.BasicResultAssembler.assemble(BasicResultAssembler.java:59) ~[hibernate-core-6.5.3.Final.jar:6.5.3.Final]
	at org.hibernate.sql.results.graph.DomainResultAssembler.assemble(DomainResultAssembler.java:35) ~[hibernate-core-6.5.3.Final.jar:6.5.3.Final]
	at org.hibernate.sql.results.graph.entity.AbstractEntityInitializer.extractConcreteTypeStateValues(AbstractEntityInitializer.java:1038) ~[hibernate-core-6.5.3.Final.jar:6.5.3.Final]
	at org.hibernate.sql.results.graph.entity.AbstractEntityInitializer.initializeEntityInstance(AbstractEntityInitializer.java:795) ~[hibernate-core-6.5.3.Final.jar:6.5.3.Final]
	at org.hibernate.sql.results.graph.entity.AbstractEntityInitializer.initializeEntity(AbstractEntityInitializer.java:770) ~[hibernate-core-6.5.3.Final.jar:6.5.3.Final]
	at org.hibernate.sql.results.graph.entity.AbstractEntityInitializer.initializeInstance(AbstractEntityInitializer.java:762) ~[hibernate-core-6.5.3.Final.jar:6.5.3.Final]
	at org.hibernate.sql.results.internal.InitializersList.initializeInstance(InitializersList.java:73) ~[hibernate-core-6.5.3.Final.jar:6.5.3.Final]
	at org.hibernate.sql.results.internal.StandardRowReader.coordinateInitializers(StandardRowReader.java:113) ~[hibernate-core-6.5.3.Final.jar:6.5.3.Final]
	at org.hibernate.sql.results.internal.StandardRowReader.readRow(StandardRowReader.java:87) ~[hibernate-core-6.5.3.Final.jar:6.5.3.Final]
	at org.hibernate.sql.results.spi.ListResultsConsumer.consume(ListResultsConsumer.java:205) ~[hibernate-core-6.5.3.Final.jar:6.5.3.Final]
	at org.hibernate.sql.results.spi.ListResultsConsumer.consume(ListResultsConsumer.java:33) ~[hibernate-core-6.5.3.Final.jar:6.5.3.Final]
	at org.hibernate.sql.exec.internal.JdbcSelectExecutorStandardImpl.doExecuteQuery(JdbcSelectExecutorStandardImpl.java:211) ~[hibernate-core-6.5.3.Final.jar:6.5.3.Final]
	at org.hibernate.sql.exec.internal.JdbcSelectExecutorStandardImpl.executeQuery(JdbcSelectExecutorStandardImpl.java:83) ~[hibernate-core-6.5.3.Final.jar:6.5.3.Final]
	at org.hibernate.sql.exec.spi.JdbcSelectExecutor.list(JdbcSelectExecutor.java:76) ~[hibernate-core-6.5.3.Final.jar:6.5.3.Final]
	at org.hibernate.sql.exec.spi.JdbcSelectExecutor.list(JdbcSelectExecutor.java:65) ~[hibernate-core-6.5.3.Final.jar:6.5.3.Final]
	at org.hibernate.query.sqm.internal.ConcreteSqmSelectQueryPlan.lambda$new$2(ConcreteSqmSelectQueryPlan.java:139) ~[hibernate-core-6.5.3.Final.jar:6.5.3.Final]
	at org.hibernate.query.sqm.internal.ConcreteSqmSelectQueryPlan.withCacheableSqmInterpretation(ConcreteSqmSelectQueryPlan.java:382) ~[hibernate-core-6.5.3.Final.jar:6.5.3.Final]
	at org.hibernate.query.sqm.internal.ConcreteSqmSelectQueryPlan.performList(ConcreteSqmSelectQueryPlan.java:302) ~[hibernate-core-6.5.3.Final.jar:6.5.3.Final]
	at org.hibernate.query.sqm.internal.QuerySqmImpl.doList(QuerySqmImpl.java:526) ~[hibernate-core-6.5.3.Final.jar:6.5.3.Final]
	at org.hibernate.query.spi.AbstractSelectionQuery.list(AbstractSelectionQuery.java:423) ~[hibernate-core-6.5.3.Final.jar:6.5.3.Final]
	at org.hibernate.query.Query.getResultList(Query.java:120) ~[hibernate-core-6.5.3.Final.jar:6.5.3.Final]
	at org.springframework.data.jpa.repository.support.SimpleJpaRepository.findAll(SimpleJpaRepository.java:395) ~[spring-data-jpa-3.3.12.jar:3.3.12]
	at jdk.internal.reflect.GeneratedMethodAccessor110.invoke(Unknown Source) ~[na:na]
	at java.base/jdk.internal.reflect.DelegatingMethodAccessorImpl.invoke(DelegatingMethodAccessorImpl.java:43) ~[na:na]
	at java.base/java.lang.reflect.Method.invoke(Method.java:568) ~[na:na]
	at org.springframework.aop.support.AopUtils.invokeJoinpointUsingReflection(AopUtils.java:355) ~[spring-aop-6.1.20.jar:6.1.20]
	at org.springframework.data.repository.core.support.RepositoryMethodInvoker$RepositoryFragmentMethodInvoker.lambda$new$0(RepositoryMethodInvoker.java:277) ~[spring-data-commons-3.3.12.jar:3.3.12]
	at org.springframework.data.repository.core.support.RepositoryMethodInvoker.doInvoke(RepositoryMethodInvoker.java:170) ~[spring-data-commons-3.3.12.jar:3.3.12]
	at org.springframework.data.repository.core.support.RepositoryMethodInvoker.invoke(RepositoryMethodInvoker.java:158) ~[spring-data-commons-3.3.12.jar:3.3.12]
	at org.springframework.data.repository.core.support.RepositoryComposition$RepositoryFragments.invoke(RepositoryComposition.java:516) ~[spring-data-commons-3.3.12.jar:3.3.12]
	at org.springframework.data.repository.core.support.RepositoryComposition.invoke(RepositoryComposition.java:285) ~[spring-data-commons-3.3.12.jar:3.3.12]
	at org.springframework.data.repository.core.support.RepositoryFactorySupport$ImplementationMethodExecutionInterceptor.invoke(RepositoryFactorySupport.java:628) ~[spring-data-commons-3.3.12.jar:3.3.12]
	at org.springframework.aop.framework.ReflectiveMethodInvocation.proceed(ReflectiveMethodInvocation.java:184) ~[spring-aop-6.1.20.jar:6.1.20]
	at org.springframework.data.repository.core.support.QueryExecutorMethodInterceptor.doInvoke(QueryExecutorMethodInterceptor.java:173) ~[spring-data-commons-3.3.12.jar:3.3.12]
	at org.springframework.data.repository.core.support.QueryExecutorMethodInterceptor.invoke(QueryExecutorMethodInterceptor.java:148) ~[spring-data-commons-3.3.12.jar:3.3.12]
	at org.springframework.aop.framework.ReflectiveMethodInvocation.proceed(ReflectiveMethodInvocation.java:184) ~[spring-aop-6.1.20.jar:6.1.20]
	at org.springframework.data.projection.DefaultMethodInvokingMethodInterceptor.invoke(DefaultMethodInvokingMethodInterceptor.java:70) ~[spring-data-commons-3.3.12.jar:3.3.12]
	at org.springframework.aop.framework.ReflectiveMethodInvocation.proceed(ReflectiveMethodInvocation.java:184) ~[spring-aop-6.1.20.jar:6.1.20]
	at org.springframework.transaction.interceptor.TransactionAspectSupport.invokeWithinTransaction(TransactionAspectSupport.java:379) ~[spring-tx-6.1.20.jar:6.1.20]
	at org.springframework.transaction.interceptor.TransactionInterceptor.invoke(TransactionInterceptor.java:119) ~[spring-tx-6.1.20.jar:6.1.20]
	at org.springframework.aop.framework.ReflectiveMethodInvocation.proceed(ReflectiveMethodInvocation.java:184) ~[spring-aop-6.1.20.jar:6.1.20]
	at org.springframework.dao.support.PersistenceExceptionTranslationInterceptor.invoke(PersistenceExceptionTranslationInterceptor.java:138) ~[spring-tx-6.1.20.jar:6.1.20]
	at org.springframework.aop.framework.ReflectiveMethodInvocation.proceed(ReflectiveMethodInvocation.java:184) ~[spring-aop-6.1.20.jar:6.1.20]
	at org.springframework.data.jpa.repository.support.CrudMethodMetadataPostProcessor$CrudMethodMetadataPopulatingMethodInterceptor.invoke(CrudMethodMetadataPostProcessor.java:165) ~[spring-data-jpa-3.3.12.jar:3.3.12]
	at org.springframework.aop.framework.ReflectiveMethodInvocation.proceed(ReflectiveMethodInvocation.java:184) ~[spring-aop-6.1.20.jar:6.1.20]
	at org.springframework.aop.interceptor.ExposeInvocationInterceptor.invoke(ExposeInvocationInterceptor.java:97) ~[spring-aop-6.1.20.jar:6.1.20]
	at org.springframework.aop.framework.ReflectiveMethodInvocation.proceed(ReflectiveMethodInvocation.java:184) ~[spring-aop-6.1.20.jar:6.1.20]
	at org.springframework.aop.framework.JdkDynamicAopProxy.invoke(JdkDynamicAopProxy.java:223) ~[spring-aop-6.1.20.jar:6.1.20]
	at jdk.proxy2/jdk.proxy2.$Proxy141.findAll(Unknown Source) ~[na:na]
	at com.aims.quality.main_db.controller.InspectionRiskHistoryController.getRiskHistoryList(InspectionRiskHistoryController.java:22) ~[main/:na]
	at java.base/jdk.internal.reflect.NativeMethodAccessorImpl.invoke0(Native Method) ~[na:na]
	at java.base/jdk.internal.reflect.NativeMethodAccessorImpl.invoke(NativeMethodAccessorImpl.java:77) ~[na:na]
	at java.base/jdk.internal.reflect.DelegatingMethodAccessorImpl.invoke(DelegatingMethodAccessorImpl.java:43) ~[na:na]
	at java.base/java.lang.reflect.Method.invoke(Method.java:568) ~[na:na]
	at org.springframework.web.method.support.InvocableHandlerMethod.doInvoke(InvocableHandlerMethod.java:255) ~[spring-web-6.1.20.jar:6.1.20]
	at org.springframework.web.method.support.InvocableHandlerMethod.invokeForRequest(InvocableHandlerMethod.java:188) ~[spring-web-6.1.20.jar:6.1.20]
	at org.springframework.web.servlet.mvc.method.annotation.ServletInvocableHandlerMethod.invokeAndHandle(ServletInvocableHandlerMethod.java:118) ~[spring-webmvc-6.1.20.jar:6.1.20]
	at org.springframework.web.servlet.mvc.method.annotation.RequestMappingHandlerAdapter.invokeHandlerMethod(RequestMappingHandlerAdapter.java:926) ~[spring-webmvc-6.1.20.jar:6.1.20]
	at org.springframework.web.servlet.mvc.method.annotation.RequestMappingHandlerAdapter.handleInternal(RequestMappingHandlerAdapter.java:831) ~[spring-webmvc-6.1.20.jar:6.1.20]
	at org.springframework.web.servlet.mvc.method.AbstractHandlerMethodAdapter.handle(AbstractHandlerMethodAdapter.java:87) ~[spring-webmvc-6.1.20.jar:6.1.20]
	at org.springframework.web.servlet.DispatcherServlet.doDispatch(DispatcherServlet.java:1089) ~[spring-webmvc-6.1.20.jar:6.1.20]
	at org.springframework.web.servlet.DispatcherServlet.doService(DispatcherServlet.java:979) ~[spring-webmvc-6.1.20.jar:6.1.20]
	at org.springframework.web.servlet.FrameworkServlet.processRequest(FrameworkServlet.java:1014) ~[spring-webmvc-6.1.20.jar:6.1.20]
	at org.springframework.web.servlet.FrameworkServlet.doGet(FrameworkServlet.java:903) ~[spring-webmvc-6.1.20.jar:6.1.20]
	at jakarta.servlet.http.HttpServlet.service(HttpServlet.java:564) ~[tomcat-embed-core-10.1.41.jar:6.0]
	at org.springframework.web.servlet.FrameworkServlet.service(FrameworkServlet.java:885) ~[spring-webmvc-6.1.20.jar:6.1.20]
	at jakarta.servlet.http.HttpServlet.service(HttpServlet.java:658) ~[tomcat-embed-core-10.1.41.jar:6.0]
	at org.apache.catalina.core.ApplicationFilterChain.internalDoFilter(ApplicationFilterChain.java:195) ~[tomcat-embed-core-10.1.41.jar:10.1.41]
	at org.apache.catalina.core.ApplicationFilterChain.doFilter(ApplicationFilterChain.java:140) ~[tomcat-embed-core-10.1.41.jar:10.1.41]
	at org.apache.tomcat.websocket.server.WsFilter.doFilter(WsFilter.java:51) ~[tomcat-embed-websocket-10.1.41.jar:10.1.41]
	at org.apache.catalina.core.ApplicationFilterChain.internalDoFilter(ApplicationFilterChain.java:164) ~[tomcat-embed-core-10.1.41.jar:10.1.41]
	at org.apache.catalina.core.ApplicationFilterChain.doFilter(ApplicationFilterChain.java:140) ~[tomcat-embed-core-10.1.41.jar:10.1.41]
	at org.springframework.web.filter.OncePerRequestFilter.doFilter(OncePerRequestFilter.java:110) ~[spring-web-6.1.20.jar:6.1.20]
	at org.apache.catalina.core.ApplicationFilterChain.internalDoFilter(ApplicationFilterChain.java:164) ~[tomcat-embed-core-10.1.41.jar:10.1.41]
	at org.apache.catalina.core.ApplicationFilterChain.doFilter(ApplicationFilterChain.java:140) ~[tomcat-embed-core-10.1.41.jar:10.1.41]
	at org.springframework.web.filter.CompositeFilter$VirtualFilterChain.doFilter(CompositeFilter.java:108) ~[spring-web-6.1.20.jar:6.1.20]
	at org.springframework.security.web.FilterChainProxy.lambda$doFilterInternal$3(FilterChainProxy.java:231) ~[spring-security-web-6.3.9.jar:6.3.9]
	at org.springframework.security.web.ObservationFilterChainDecorator$FilterObservation$SimpleFilterObservation.lambda$wrap$1(ObservationFilterChainDecorator.java:479) ~[spring-security-web-6.3.9.jar:6.3.9]
	at org.springframework.security.web.ObservationFilterChainDecorator$AroundFilterObservation$SimpleAroundFilterObservation.lambda$wrap$1(ObservationFilterChainDecorator.java:340) ~[spring-security-web-6.3.9.jar:6.3.9]
	at org.springframework.security.web.ObservationFilterChainDecorator.lambda$wrapSecured$0(ObservationFilterChainDecorator.java:82) ~[spring-security-web-6.3.9.jar:6.3.9]
	at org.springframework.security.web.ObservationFilterChainDecorator$VirtualFilterChain.doFilter(ObservationFilterChainDecorator.java:128) ~[spring-security-web-6.3.9.jar:6.3.9]
	at org.springframework.security.web.access.intercept.AuthorizationFilter.doFilter(AuthorizationFilter.java:100) ~[spring-security-web-6.3.9.jar:6.3.9]
	at org.springframework.security.web.ObservationFilterChainDecorator$ObservationFilter.wrapFilter(ObservationFilterChainDecorator.java:240) ~[spring-security-web-6.3.9.jar:6.3.9]
	at org.springframework.security.web.ObservationFilterChainDecorator$ObservationFilter.doFilter(ObservationFilterChainDecorator.java:227) ~[spring-security-web-6.3.9.jar:6.3.9]
	at org.springframework.security.web.ObservationFilterChainDecorator$VirtualFilterChain.doFilter(ObservationFilterChainDecorator.java:137) ~[spring-security-web-6.3.9.jar:6.3.9]
	at org.springframework.security.web.access.ExceptionTranslationFilter.doFilter(ExceptionTranslationFilter.java:126) ~[spring-security-web-6.3.9.jar:6.3.9]
	at org.springframework.security.web.access.ExceptionTranslationFilter.doFilter(ExceptionTranslationFilter.java:120) ~[spring-security-web-6.3.9.jar:6.3.9]
	at org.springframework.security.web.ObservationFilterChainDecorator$ObservationFilter.wrapFilter(ObservationFilterChainDecorator.java:240) ~[spring-security-web-6.3.9.jar:6.3.9]
	at org.springframework.security.web.ObservationFilterChainDecorator$ObservationFilter.doFilter(ObservationFilterChainDecorator.java:227) ~[spring-security-web-6.3.9.jar:6.3.9]
	at org.springframework.security.web.ObservationFilterChainDecorator$VirtualFilterChain.doFilter(ObservationFilterChainDecorator.java:137) ~[spring-security-web-6.3.9.jar:6.3.9]
	at org.springframework.security.web.authentication.AnonymousAuthenticationFilter.doFilter(AnonymousAuthenticationFilter.java:100) ~[spring-security-web-6.3.9.jar:6.3.9]
	at org.springframework.security.web.ObservationFilterChainDecorator$ObservationFilter.wrapFilter(ObservationFilterChainDecorator.java:240) ~[spring-security-web-6.3.9.jar:6.3.9]
	at org.springframework.security.web.ObservationFilterChainDecorator$ObservationFilter.doFilter(ObservationFilterChainDecorator.java:227) ~[spring-security-web-6.3.9.jar:6.3.9]
	at org.springframework.security.web.ObservationFilterChainDecorator$VirtualFilterChain.doFilter(ObservationFilterChainDecorator.java:137) ~[spring-security-web-6.3.9.jar:6.3.9]
	at org.springframework.security.web.servletapi.SecurityContextHolderAwareRequestFilter.doFilter(SecurityContextHolderAwareRequestFilter.java:179) ~[spring-security-web-6.3.9.jar:6.3.9]
	at org.springframework.security.web.ObservationFilterChainDecorator$ObservationFilter.wrapFilter(ObservationFilterChainDecorator.java:240) ~[spring-security-web-6.3.9.jar:6.3.9]
	at org.springframework.security.web.ObservationFilterChainDecorator$ObservationFilter.doFilter(ObservationFilterChainDecorator.java:227) ~[spring-security-web-6.3.9.jar:6.3.9]
	at org.springframework.security.web.ObservationFilterChainDecorator$VirtualFilterChain.doFilter(ObservationFilterChainDecorator.java:137) ~[spring-security-web-6.3.9.jar:6.3.9]
	at org.springframework.security.web.savedrequest.RequestCacheAwareFilter.doFilter(RequestCacheAwareFilter.java:63) ~[spring-security-web-6.3.9.jar:6.3.9]
	at org.springframework.security.web.ObservationFilterChainDecorator$ObservationFilter.wrapFilter(ObservationFilterChainDecorator.java:240) ~[spring-security-web-6.3.9.jar:6.3.9]
	at org.springframework.security.web.ObservationFilterChainDecorator$ObservationFilter.doFilter(ObservationFilterChainDecorator.java:227) ~[spring-security-web-6.3.9.jar:6.3.9]
	at org.springframework.security.web.ObservationFilterChainDecorator$VirtualFilterChain.doFilter(ObservationFilterChainDecorator.java:137) ~[spring-security-web-6.3.9.jar:6.3.9]
	at org.springframework.security.web.authentication.logout.LogoutFilter.doFilter(LogoutFilter.java:107) ~[spring-security-web-6.3.9.jar:6.3.9]
	at org.springframework.security.web.authentication.logout.LogoutFilter.doFilter(LogoutFilter.java:93) ~[spring-security-web-6.3.9.jar:6.3.9]
	at org.springframework.security.web.ObservationFilterChainDecorator$ObservationFilter.wrapFilter(ObservationFilterChainDecorator.java:240) ~[spring-security-web-6.3.9.jar:6.3.9]
	at org.springframework.security.web.ObservationFilterChainDecorator$ObservationFilter.doFilter(ObservationFilterChainDecorator.java:227) ~[spring-security-web-6.3.9.jar:6.3.9]
	at org.springframework.security.web.ObservationFilterChainDecorator$VirtualFilterChain.doFilter(ObservationFilterChainDecorator.java:137) ~[spring-security-web-6.3.9.jar:6.3.9]
	at org.springframework.web.filter.CorsFilter.doFilterInternal(CorsFilter.java:91) ~[spring-web-6.1.20.jar:6.1.20]
	at org.springframework.web.filter.OncePerRequestFilter.doFilter(OncePerRequestFilter.java:116) ~[spring-web-6.1.20.jar:6.1.20]
	at org.springframework.security.web.ObservationFilterChainDecorator$ObservationFilter.wrapFilter(ObservationFilterChainDecorator.java:240) ~[spring-security-web-6.3.9.jar:6.3.9]
	at org.springframework.security.web.ObservationFilterChainDecorator$ObservationFilter.doFilter(ObservationFilterChainDecorator.java:227) ~[spring-security-web-6.3.9.jar:6.3.9]
	at org.springframework.security.web.ObservationFilterChainDecorator$VirtualFilterChain.doFilter(ObservationFilterChainDecorator.java:137) ~[spring-security-web-6.3.9.jar:6.3.9]
	at org.springframework.security.web.header.HeaderWriterFilter.doHeadersAfter(HeaderWriterFilter.java:90) ~[spring-security-web-6.3.9.jar:6.3.9]
	at org.springframework.security.web.header.HeaderWriterFilter.doFilterInternal(HeaderWriterFilter.java:75) ~[spring-security-web-6.3.9.jar:6.3.9]
	at org.springframework.web.filter.OncePerRequestFilter.doFilter(OncePerRequestFilter.java:116) ~[spring-web-6.1.20.jar:6.1.20]
	at org.springframework.security.web.ObservationFilterChainDecorator$ObservationFilter.wrapFilter(ObservationFilterChainDecorator.java:240) ~[spring-security-web-6.3.9.jar:6.3.9]
	at org.springframework.security.web.ObservationFilterChainDecorator$ObservationFilter.doFilter(ObservationFilterChainDecorator.java:227) ~[spring-security-web-6.3.9.jar:6.3.9]
	at org.springframework.security.web.ObservationFilterChainDecorator$VirtualFilterChain.doFilter(ObservationFilterChainDecorator.java:137) ~[spring-security-web-6.3.9.jar:6.3.9]
	at org.springframework.security.web.context.SecurityContextHolderFilter.doFilter(SecurityContextHolderFilter.java:82) ~[spring-security-web-6.3.9.jar:6.3.9]
	at org.springframework.security.web.context.SecurityContextHolderFilter.doFilter(SecurityContextHolderFilter.java:69) ~[spring-security-web-6.3.9.jar:6.3.9]
	at org.springframework.security.web.ObservationFilterChainDecorator$ObservationFilter.wrapFilter(ObservationFilterChainDecorator.java:240) ~[spring-security-web-6.3.9.jar:6.3.9]
	at org.springframework.security.web.ObservationFilterChainDecorator$ObservationFilter.doFilter(ObservationFilterChainDecorator.java:227) ~[spring-security-web-6.3.9.jar:6.3.9]
	at org.springframework.security.web.ObservationFilterChainDecorator$VirtualFilterChain.doFilter(ObservationFilterChainDecorator.java:137) ~[spring-security-web-6.3.9.jar:6.3.9]
	at org.springframework.security.web.context.request.async.WebAsyncManagerIntegrationFilter.doFilterInternal(WebAsyncManagerIntegrationFilter.java:62) ~[spring-security-web-6.3.9.jar:6.3.9]
	at org.springframework.web.filter.OncePerRequestFilter.doFilter(OncePerRequestFilter.java:116) ~[spring-web-6.1.20.jar:6.1.20]
	at org.springframework.security.web.ObservationFilterChainDecorator$ObservationFilter.wrapFilter(ObservationFilterChainDecorator.java:240) ~[spring-security-web-6.3.9.jar:6.3.9]
	at org.springframework.security.web.ObservationFilterChainDecorator$ObservationFilter.doFilter(ObservationFilterChainDecorator.java:227) ~[spring-security-web-6.3.9.jar:6.3.9]
	at org.springframework.security.web.ObservationFilterChainDecorator$VirtualFilterChain.doFilter(ObservationFilterChainDecorator.java:137) ~[spring-security-web-6.3.9.jar:6.3.9]
	at org.springframework.security.web.session.DisableEncodeUrlFilter.doFilterInternal(DisableEncodeUrlFilter.java:42) ~[spring-security-web-6.3.9.jar:6.3.9]
	at org.springframework.web.filter.OncePerRequestFilter.doFilter(OncePerRequestFilter.java:116) ~[spring-web-6.1.20.jar:6.1.20]
	at org.springframework.security.web.ObservationFilterChainDecorator$ObservationFilter.wrapFilter(ObservationFilterChainDecorator.java:240) ~[spring-security-web-6.3.9.jar:6.3.9]
	at org.springframework.security.web.ObservationFilterChainDecorator$AroundFilterObservation$SimpleAroundFilterObservation.lambda$wrap$0(ObservationFilterChainDecorator.java:323) ~[spring-security-web-6.3.9.jar:6.3.9]
	at org.springframework.security.web.ObservationFilterChainDecorator$ObservationFilter.doFilter(ObservationFilterChainDecorator.java:224) ~[spring-security-web-6.3.9.jar:6.3.9]
	at org.springframework.security.web.ObservationFilterChainDecorator$VirtualFilterChain.doFilter(ObservationFilterChainDecorator.java:137) ~[spring-security-web-6.3.9.jar:6.3.9]
	at org.springframework.security.web.FilterChainProxy.doFilterInternal(FilterChainProxy.java:233) ~[spring-security-web-6.3.9.jar:6.3.9]
	at org.springframework.security.web.FilterChainProxy.doFilter(FilterChainProxy.java:191) ~[spring-security-web-6.3.9.jar:6.3.9]
	at org.springframework.web.filter.CompositeFilter$VirtualFilterChain.doFilter(CompositeFilter.java:113) ~[spring-web-6.1.20.jar:6.1.20]
	at org.springframework.web.servlet.handler.HandlerMappingIntrospector.lambda$createCacheFilter$3(HandlerMappingIntrospector.java:195) ~[spring-webmvc-6.1.20.jar:6.1.20]
	at org.springframework.web.filter.CompositeFilter$VirtualFilterChain.doFilter(CompositeFilter.java:113) ~[spring-web-6.1.20.jar:6.1.20]
	at org.springframework.web.filter.CompositeFilter.doFilter(CompositeFilter.java:74) ~[spring-web-6.1.20.jar:6.1.20]
	at org.springframework.security.config.annotation.web.configuration.WebMvcSecurityConfiguration$CompositeFilterChainProxy.doFilter(WebMvcSecurityConfiguration.java:230) ~[spring-security-config-6.3.9.jar:6.3.9]
	at org.springframework.web.filter.DelegatingFilterProxy.invokeDelegate(DelegatingFilterProxy.java:362) ~[spring-web-6.1.20.jar:6.1.20]
	at org.springframework.web.filter.DelegatingFilterProxy.doFilter(DelegatingFilterProxy.java:278) ~[spring-web-6.1.20.jar:6.1.20]
	at org.apache.catalina.core.ApplicationFilterChain.internalDoFilter(ApplicationFilterChain.java:164) ~[tomcat-embed-core-10.1.41.jar:10.1.41]
	at org.apache.catalina.core.ApplicationFilterChain.doFilter(ApplicationFilterChain.java:140) ~[tomcat-embed-core-10.1.41.jar:10.1.41]
	at org.springframework.web.filter.RequestContextFilter.doFilterInternal(RequestContextFilter.java:100) ~[spring-web-6.1.20.jar:6.1.20]
	at org.springframework.web.filter.OncePerRequestFilter.doFilter(OncePerRequestFilter.java:116) ~[spring-web-6.1.20.jar:6.1.20]
	at org.apache.catalina.core.ApplicationFilterChain.internalDoFilter(ApplicationFilterChain.java:164) ~[tomcat-embed-core-10.1.41.jar:10.1.41]
	at org.apache.catalina.core.ApplicationFilterChain.doFilter(ApplicationFilterChain.java:140) ~[tomcat-embed-core-10.1.41.jar:10.1.41]
	at org.springframework.web.filter.FormContentFilter.doFilterInternal(FormContentFilter.java:93) ~[spring-web-6.1.20.jar:6.1.20]
	at org.springframework.web.filter.OncePerRequestFilter.doFilter(OncePerRequestFilter.java:116) ~[spring-web-6.1.20.jar:6.1.20]
	at org.apache.catalina.core.ApplicationFilterChain.internalDoFilter(ApplicationFilterChain.java:164) ~[tomcat-embed-core-10.1.41.jar:10.1.41]
	at org.apache.catalina.core.ApplicationFilterChain.doFilter(ApplicationFilterChain.java:140) ~[tomcat-embed-core-10.1.41.jar:10.1.41]
	at org.springframework.web.filter.ServerHttpObservationFilter.doFilterInternal(ServerHttpObservationFilter.java:113) ~[spring-web-6.1.20.jar:6.1.20]
	at org.springframework.web.filter.OncePerRequestFilter.doFilter(OncePerRequestFilter.java:116) ~[spring-web-6.1.20.jar:6.1.20]
	at org.apache.catalina.core.ApplicationFilterChain.internalDoFilter(ApplicationFilterChain.java:164) ~[tomcat-embed-core-10.1.41.jar:10.1.41]
	at org.apache.catalina.core.ApplicationFilterChain.doFilter(ApplicationFilterChain.java:140) ~[tomcat-embed-core-10.1.41.jar:10.1.41]
	at org.springframework.web.filter.CharacterEncodingFilter.doFilterInternal(CharacterEncodingFilter.java:201) ~[spring-web-6.1.20.jar:6.1.20]
	at org.springframework.web.filter.OncePerRequestFilter.doFilter(OncePerRequestFilter.java:116) ~[spring-web-6.1.20.jar:6.1.20]
	at org.apache.catalina.core.ApplicationFilterChain.internalDoFilter(ApplicationFilterChain.java:164) ~[tomcat-embed-core-10.1.41.jar:10.1.41]
	at org.apache.catalina.core.ApplicationFilterChain.doFilter(ApplicationFilterChain.java:140) ~[tomcat-embed-core-10.1.41.jar:10.1.41]
	at org.apache.catalina.core.StandardWrapperValve.invoke(StandardWrapperValve.java:167) ~[tomcat-embed-core-10.1.41.jar:10.1.41]
	at org.apache.catalina.core.StandardContextValve.invoke(StandardContextValve.java:90) ~[tomcat-embed-core-10.1.41.jar:10.1.41]
	at org.apache.catalina.authenticator.AuthenticatorBase.invoke(AuthenticatorBase.java:483) ~[tomcat-embed-core-10.1.41.jar:10.1.41]
	at org.apache.catalina.core.StandardHostValve.invoke(StandardHostValve.java:116) ~[tomcat-embed-core-10.1.41.jar:10.1.41]
	at org.apache.catalina.valves.ErrorReportValve.invoke(ErrorReportValve.java:93) ~[tomcat-embed-core-10.1.41.jar:10.1.41]
	at org.apache.catalina.core.StandardEngineValve.invoke(StandardEngineValve.java:74) ~[tomcat-embed-core-10.1.41.jar:10.1.41]
	at org.apache.catalina.connector.CoyoteAdapter.service(CoyoteAdapter.java:344) ~[tomcat-embed-core-10.1.41.jar:10.1.41]
	at org.apache.coyote.http11.Http11Processor.service(Http11Processor.java:398) ~[tomcat-embed-core-10.1.41.jar:10.1.41]
	at org.apache.coyote.AbstractProcessorLight.process(AbstractProcessorLight.java:63) ~[tomcat-embed-core-10.1.41.jar:10.1.41]
	at org.apache.coyote.AbstractProtocol$ConnectionHandler.process(AbstractProtocol.java:903) ~[tomcat-embed-core-10.1.41.jar:10.1.41]
	at org.apache.tomcat.util.net.NioEndpoint$SocketProcessor.doRun(NioEndpoint.java:1740) ~[tomcat-embed-core-10.1.41.jar:10.1.41]
	at org.apache.tomcat.util.net.SocketProcessorBase.run(SocketProcessorBase.java:52) ~[tomcat-embed-core-10.1.41.jar:10.1.41]
	at org.apache.tomcat.util.threads.ThreadPoolExecutor.runWorker(ThreadPoolExecutor.java:1189) ~[tomcat-embed-core-10.1.41.jar:10.1.41]
	at org.apache.tomcat.util.threads.ThreadPoolExecutor$Worker.run(ThreadPoolExecutor.java:658) ~[tomcat-embed-core-10.1.41.jar:10.1.41]
	at org.apache.tomcat.util.threads.TaskThread$WrappingRunnable.run(TaskThread.java:63) ~[tomcat-embed-core-10.1.41.jar:10.1.41]
	at java.base/java.lang.Thread.run(Thread.java:842) ~[na:na]

2026-06-12T10:03:01.736+09:00 DEBUG 17984 --- [quality-service] [http-nio-8083-exec-1] org.hibernate.SQL                        : select is1_0.id,is1_0.abnormal_count,is1_0.abnormal_rate,is1_0.created_at,is1_0.normal_count,is1_0.normal_rate,is1_0.stanby_count,is1_0.total_count from inspection_summary is1_0
2026-06-12T10:03:01.767+09:00 DEBUG 17984 --- [quality-service] [http-nio-8083-exec-2] org.hibernate.SQL                        : select ip1_0.id,ip1_0.completed_count,ip1_0.created_at,ip1_0.process_name,ip1_0.process_status,ip1_0.progress_rate,ip1_0.total_vehicle_count,ip1_0.waiting_count from inspection_process ip1_0
2026-06-12T10:03:01.775+09:00 DEBUG 17984 --- [quality-service] [http-nio-8083-exec-7] org.hibernate.SQL                        : select irh1_0.id,irh1_0.inspection_type,irh1_0.record_time,irh1_0.risk_score from inspection_risk_history irh1_0
2026-06-12T10:03:01.775+09:00 DEBUG 17984 --- [quality-service] [http-nio-8083-exec-5] org.hibernate.SQL                        : select idd1_0.id,idd1_0.brake_pressure,idd1_0.car_code,idd1_0.created_at,idd1_0.drive_score,idd1_0.driving_pattern,idd1_0.inspection_no,idd1_0.inspection_result,idd1_0.issue_message,idd1_0.steering_angle,idd1_0.throttle_position,idd1_0.vehicle_id from inspection_drive_detail idd1_0
2026-06-12T10:03:01.775+09:00 DEBUG 17984 --- [quality-service] [http-nio-8083-exec-10] org.hibernate.SQL                        : select isd1_0.id,isd1_0.att,isd1_0.battery_voltage,isd1_0.car_code,isd1_0.created_at,isd1_0.fuel_rate,isd1_0.gear,isd1_0.inspection_no,isd1_0.inspection_result,isd1_0.issue_message,isd1_0.speed,isd1_0.status_score,isd1_0.vehicle_id from inspection_status_detail isd1_0
2026-06-12T10:03:01.803+09:00  WARN 17984 --- [quality-service] [http-nio-8083-exec-7] o.h.engine.jdbc.spi.SqlExceptionHelper   : SQL Error: 0, SQLState: 22018
2026-06-12T10:03:01.804+09:00 ERROR 17984 --- [quality-service] [http-nio-8083-exec-7] o.h.engine.jdbc.spi.SqlExceptionHelper   : Cannot convert string '2026-06-01 1:00' to java.sql.Timestamp value
2026-06-12T10:03:01.853+09:00 ERROR 17984 --- [quality-service] [http-nio-8083-exec-7] o.a.c.c.C.[.[.[/].[dispatcherServlet]    : Servlet.service() for servlet [dispatcherServlet] in context with path [] threw exception [Request processing failed: org.springframework.dao.DataIntegrityViolationException: Could not extract column [3] from JDBC ResultSet [Cannot convert string '2026-06-01 1:00' to java.sql.Timestamp value] [n/a]; SQL [n/a]] with root cause

com.mysql.cj.exceptions.DataConversionException: Cannot convert string '2026-06-01 1:00' to java.sql.Timestamp value
	at com.mysql.cj.result.AbstractDateTimeValueFactory.createFromBytes(AbstractDateTimeValueFactory.java:139) ~[mysql-connector-j-8.3.0.jar:8.3.0]
	at com.mysql.cj.protocol.a.MysqlTextValueDecoder.decodeByteArray(MysqlTextValueDecoder.java:159) ~[mysql-connector-j-8.3.0.jar:8.3.0]
	at com.mysql.cj.protocol.result.AbstractResultsetRow.decodeAndCreateReturnValue(AbstractResultsetRow.java:136) ~[mysql-connector-j-8.3.0.jar:8.3.0]
	at com.mysql.cj.protocol.result.AbstractResultsetRow.getValueFromBytes(AbstractResultsetRow.java:244) ~[mysql-connector-j-8.3.0.jar:8.3.0]
	at com.mysql.cj.protocol.a.result.ByteArrayRow.getValue(ByteArrayRow.java:91) ~[mysql-connector-j-8.3.0.jar:8.3.0]
	at com.mysql.cj.jdbc.result.ResultSetImpl.getTimestamp(ResultSetImpl.java:943) ~[mysql-connector-j-8.3.0.jar:8.3.0]
	at com.zaxxer.hikari.pool.HikariProxyResultSet.getTimestamp(HikariProxyResultSet.java) ~[HikariCP-5.1.0.jar:na]
	at org.hibernate.type.descriptor.jdbc.TimestampJdbcType$2.doExtract(TimestampJdbcType.java:111) ~[hibernate-core-6.5.3.Final.jar:6.5.3.Final]
	at org.hibernate.type.descriptor.jdbc.BasicExtractor.extract(BasicExtractor.java:44) ~[hibernate-core-6.5.3.Final.jar:6.5.3.Final]
	at org.hibernate.sql.results.jdbc.internal.JdbcValuesResultSetImpl.getCurrentRowValue(JdbcValuesResultSetImpl.java:379) ~[hibernate-core-6.5.3.Final.jar:6.5.3.Final]
	at org.hibernate.sql.results.internal.RowProcessingStateStandardImpl.getJdbcValue(RowProcessingStateStandardImpl.java:120) ~[hibernate-core-6.5.3.Final.jar:6.5.3.Final]
	at org.hibernate.sql.results.graph.basic.BasicResultAssembler.extractRawValue(BasicResultAssembler.java:52) ~[hibernate-core-6.5.3.Final.jar:6.5.3.Final]
	at org.hibernate.sql.results.graph.basic.BasicResultAssembler.assemble(BasicResultAssembler.java:59) ~[hibernate-core-6.5.3.Final.jar:6.5.3.Final]
	at org.hibernate.sql.results.graph.DomainResultAssembler.assemble(DomainResultAssembler.java:35) ~[hibernate-core-6.5.3.Final.jar:6.5.3.Final]
	at org.hibernate.sql.results.graph.entity.AbstractEntityInitializer.extractConcreteTypeStateValues(AbstractEntityInitializer.java:1038) ~[hibernate-core-6.5.3.Final.jar:6.5.3.Final]
	at org.hibernate.sql.results.graph.entity.AbstractEntityInitializer.initializeEntityInstance(AbstractEntityInitializer.java:795) ~[hibernate-core-6.5.3.Final.jar:6.5.3.Final]
	at org.hibernate.sql.results.graph.entity.AbstractEntityInitializer.initializeEntity(AbstractEntityInitializer.java:770) ~[hibernate-core-6.5.3.Final.jar:6.5.3.Final]
	at org.hibernate.sql.results.graph.entity.AbstractEntityInitializer.initializeInstance(AbstractEntityInitializer.java:762) ~[hibernate-core-6.5.3.Final.jar:6.5.3.Final]
	at org.hibernate.sql.results.internal.InitializersList.initializeInstance(InitializersList.java:73) ~[hibernate-core-6.5.3.Final.jar:6.5.3.Final]
	at org.hibernate.sql.results.internal.StandardRowReader.coordinateInitializers(StandardRowReader.java:113) ~[hibernate-core-6.5.3.Final.jar:6.5.3.Final]
	at org.hibernate.sql.results.internal.StandardRowReader.readRow(StandardRowReader.java:87) ~[hibernate-core-6.5.3.Final.jar:6.5.3.Final]
	at org.hibernate.sql.results.spi.ListResultsConsumer.consume(ListResultsConsumer.java:205) ~[hibernate-core-6.5.3.Final.jar:6.5.3.Final]
	at org.hibernate.sql.results.spi.ListResultsConsumer.consume(ListResultsConsumer.java:33) ~[hibernate-core-6.5.3.Final.jar:6.5.3.Final]
	at org.hibernate.sql.exec.internal.JdbcSelectExecutorStandardImpl.doExecuteQuery(JdbcSelectExecutorStandardImpl.java:211) ~[hibernate-core-6.5.3.Final.jar:6.5.3.Final]
	at org.hibernate.sql.exec.internal.JdbcSelectExecutorStandardImpl.executeQuery(JdbcSelectExecutorStandardImpl.java:83) ~[hibernate-core-6.5.3.Final.jar:6.5.3.Final]
	at org.hibernate.sql.exec.spi.JdbcSelectExecutor.list(JdbcSelectExecutor.java:76) ~[hibernate-core-6.5.3.Final.jar:6.5.3.Final]
	at org.hibernate.sql.exec.spi.JdbcSelectExecutor.list(JdbcSelectExecutor.java:65) ~[hibernate-core-6.5.3.Final.jar:6.5.3.Final]
	at org.hibernate.query.sqm.internal.ConcreteSqmSelectQueryPlan.lambda$new$2(ConcreteSqmSelectQueryPlan.java:139) ~[hibernate-core-6.5.3.Final.jar:6.5.3.Final]
	at org.hibernate.query.sqm.internal.ConcreteSqmSelectQueryPlan.withCacheableSqmInterpretation(ConcreteSqmSelectQueryPlan.java:382) ~[hibernate-core-6.5.3.Final.jar:6.5.3.Final]
	at org.hibernate.query.sqm.internal.ConcreteSqmSelectQueryPlan.performList(ConcreteSqmSelectQueryPlan.java:302) ~[hibernate-core-6.5.3.Final.jar:6.5.3.Final]
	at org.hibernate.query.sqm.internal.QuerySqmImpl.doList(QuerySqmImpl.java:526) ~[hibernate-core-6.5.3.Final.jar:6.5.3.Final]
	at org.hibernate.query.spi.AbstractSelectionQuery.list(AbstractSelectionQuery.java:423) ~[hibernate-core-6.5.3.Final.jar:6.5.3.Final]
	at org.hibernate.query.Query.getResultList(Query.java:120) ~[hibernate-core-6.5.3.Final.jar:6.5.3.Final]
	at org.springframework.data.jpa.repository.support.SimpleJpaRepository.findAll(SimpleJpaRepository.java:395) ~[spring-data-jpa-3.3.12.jar:3.3.12]
	at jdk.internal.reflect.GeneratedMethodAccessor110.invoke(Unknown Source) ~[na:na]
	at java.base/jdk.internal.reflect.DelegatingMethodAccessorImpl.invoke(DelegatingMethodAccessorImpl.java:43) ~[na:na]
	at java.base/java.lang.reflect.Method.invoke(Method.java:568) ~[na:na]
	at org.springframework.aop.support.AopUtils.invokeJoinpointUsingReflection(AopUtils.java:355) ~[spring-aop-6.1.20.jar:6.1.20]
	at org.springframework.data.repository.core.support.RepositoryMethodInvoker$RepositoryFragmentMethodInvoker.lambda$new$0(RepositoryMethodInvoker.java:277) ~[spring-data-commons-3.3.12.jar:3.3.12]
	at org.springframework.data.repository.core.support.RepositoryMethodInvoker.doInvoke(RepositoryMethodInvoker.java:170) ~[spring-data-commons-3.3.12.jar:3.3.12]
	at org.springframework.data.repository.core.support.RepositoryMethodInvoker.invoke(RepositoryMethodInvoker.java:158) ~[spring-data-commons-3.3.12.jar:3.3.12]
	at org.springframework.data.repository.core.support.RepositoryComposition$RepositoryFragments.invoke(RepositoryComposition.java:516) ~[spring-data-commons-3.3.12.jar:3.3.12]
	at org.springframework.data.repository.core.support.RepositoryComposition.invoke(RepositoryComposition.java:285) ~[spring-data-commons-3.3.12.jar:3.3.12]
	at org.springframework.data.repository.core.support.RepositoryFactorySupport$ImplementationMethodExecutionInterceptor.invoke(RepositoryFactorySupport.java:628) ~[spring-data-commons-3.3.12.jar:3.3.12]
	at org.springframework.aop.framework.ReflectiveMethodInvocation.proceed(ReflectiveMethodInvocation.java:184) ~[spring-aop-6.1.20.jar:6.1.20]
	at org.springframework.data.repository.core.support.QueryExecutorMethodInterceptor.doInvoke(QueryExecutorMethodInterceptor.java:173) ~[spring-data-commons-3.3.12.jar:3.3.12]
	at org.springframework.data.repository.core.support.QueryExecutorMethodInterceptor.invoke(QueryExecutorMethodInterceptor.java:148) ~[spring-data-commons-3.3.12.jar:3.3.12]
	at org.springframework.aop.framework.ReflectiveMethodInvocation.proceed(ReflectiveMethodInvocation.java:184) ~[spring-aop-6.1.20.jar:6.1.20]
	at org.springframework.data.projection.DefaultMethodInvokingMethodInterceptor.invoke(DefaultMethodInvokingMethodInterceptor.java:70) ~[spring-data-commons-3.3.12.jar:3.3.12]
	at org.springframework.aop.framework.ReflectiveMethodInvocation.proceed(ReflectiveMethodInvocation.java:184) ~[spring-aop-6.1.20.jar:6.1.20]
	at org.springframework.transaction.interceptor.TransactionAspectSupport.invokeWithinTransaction(TransactionAspectSupport.java:379) ~[spring-tx-6.1.20.jar:6.1.20]
	at org.springframework.transaction.interceptor.TransactionInterceptor.invoke(TransactionInterceptor.java:119) ~[spring-tx-6.1.20.jar:6.1.20]
	at org.springframework.aop.framework.ReflectiveMethodInvocation.proceed(ReflectiveMethodInvocation.java:184) ~[spring-aop-6.1.20.jar:6.1.20]
	at org.springframework.dao.support.PersistenceExceptionTranslationInterceptor.invoke(PersistenceExceptionTranslationInterceptor.java:138) ~[spring-tx-6.1.20.jar:6.1.20]
	at org.springframework.aop.framework.ReflectiveMethodInvocation.proceed(ReflectiveMethodInvocation.java:184) ~[spring-aop-6.1.20.jar:6.1.20]
	at org.springframework.data.jpa.repository.support.CrudMethodMetadataPostProcessor$CrudMethodMetadataPopulatingMethodInterceptor.invoke(CrudMethodMetadataPostProcessor.java:165) ~[spring-data-jpa-3.3.12.jar:3.3.12]
	at org.springframework.aop.framework.ReflectiveMethodInvocation.proceed(ReflectiveMethodInvocation.java:184) ~[spring-aop-6.1.20.jar:6.1.20]
	at org.springframework.aop.interceptor.ExposeInvocationInterceptor.invoke(ExposeInvocationInterceptor.java:97) ~[spring-aop-6.1.20.jar:6.1.20]
	at org.springframework.aop.framework.ReflectiveMethodInvocation.proceed(ReflectiveMethodInvocation.java:184) ~[spring-aop-6.1.20.jar:6.1.20]
	at org.springframework.aop.framework.JdkDynamicAopProxy.invoke(JdkDynamicAopProxy.java:223) ~[spring-aop-6.1.20.jar:6.1.20]
	at jdk.proxy2/jdk.proxy2.$Proxy141.findAll(Unknown Source) ~[na:na]
	at com.aims.quality.main_db.controller.InspectionRiskHistoryController.getRiskHistoryList(InspectionRiskHistoryController.java:22) ~[main/:na]
	at java.base/jdk.internal.reflect.NativeMethodAccessorImpl.invoke0(Native Method) ~[na:na]
	at java.base/jdk.internal.reflect.NativeMethodAccessorImpl.invoke(NativeMethodAccessorImpl.java:77) ~[na:na]
	at java.base/jdk.internal.reflect.DelegatingMethodAccessorImpl.invoke(DelegatingMethodAccessorImpl.java:43) ~[na:na]
	at java.base/java.lang.reflect.Method.invoke(Method.java:568) ~[na:na]
	at org.springframework.web.method.support.InvocableHandlerMethod.doInvoke(InvocableHandlerMethod.java:255) ~[spring-web-6.1.20.jar:6.1.20]
	at org.springframework.web.method.support.InvocableHandlerMethod.invokeForRequest(InvocableHandlerMethod.java:188) ~[spring-web-6.1.20.jar:6.1.20]
	at org.springframework.web.servlet.mvc.method.annotation.ServletInvocableHandlerMethod.invokeAndHandle(ServletInvocableHandlerMethod.java:118) ~[spring-webmvc-6.1.20.jar:6.1.20]
	at org.springframework.web.servlet.mvc.method.annotation.RequestMappingHandlerAdapter.invokeHandlerMethod(RequestMappingHandlerAdapter.java:926) ~[spring-webmvc-6.1.20.jar:6.1.20]
	at org.springframework.web.servlet.mvc.method.annotation.RequestMappingHandlerAdapter.handleInternal(RequestMappingHandlerAdapter.java:831) ~[spring-webmvc-6.1.20.jar:6.1.20]
	at org.springframework.web.servlet.mvc.method.AbstractHandlerMethodAdapter.handle(AbstractHandlerMethodAdapter.java:87) ~[spring-webmvc-6.1.20.jar:6.1.20]
	at org.springframework.web.servlet.DispatcherServlet.doDispatch(DispatcherServlet.java:1089) ~[spring-webmvc-6.1.20.jar:6.1.20]
	at org.springframework.web.servlet.DispatcherServlet.doService(DispatcherServlet.java:979) ~[spring-webmvc-6.1.20.jar:6.1.20]
	at org.springframework.web.servlet.FrameworkServlet.processRequest(FrameworkServlet.java:1014) ~[spring-webmvc-6.1.20.jar:6.1.20]
	at org.springframework.web.servlet.FrameworkServlet.doGet(FrameworkServlet.java:903) ~[spring-webmvc-6.1.20.jar:6.1.20]
	at jakarta.servlet.http.HttpServlet.service(HttpServlet.java:564) ~[tomcat-embed-core-10.1.41.jar:6.0]
	at org.springframework.web.servlet.FrameworkServlet.service(FrameworkServlet.java:885) ~[spring-webmvc-6.1.20.jar:6.1.20]
	at jakarta.servlet.http.HttpServlet.service(HttpServlet.java:658) ~[tomcat-embed-core-10.1.41.jar:6.0]
	at org.apache.catalina.core.ApplicationFilterChain.internalDoFilter(ApplicationFilterChain.java:195) ~[tomcat-embed-core-10.1.41.jar:10.1.41]
	at org.apache.catalina.core.ApplicationFilterChain.doFilter(ApplicationFilterChain.java:140) ~[tomcat-embed-core-10.1.41.jar:10.1.41]
	at org.apache.tomcat.websocket.server.WsFilter.doFilter(WsFilter.java:51) ~[tomcat-embed-websocket-10.1.41.jar:10.1.41]
	at org.apache.catalina.core.ApplicationFilterChain.internalDoFilter(ApplicationFilterChain.java:164) ~[tomcat-embed-core-10.1.41.jar:10.1.41]
	at org.apache.catalina.core.ApplicationFilterChain.doFilter(ApplicationFilterChain.java:140) ~[tomcat-embed-core-10.1.41.jar:10.1.41]
	at org.springframework.web.filter.OncePerRequestFilter.doFilter(OncePerRequestFilter.java:110) ~[spring-web-6.1.20.jar:6.1.20]
	at org.apache.catalina.core.ApplicationFilterChain.internalDoFilter(ApplicationFilterChain.java:164) ~[tomcat-embed-core-10.1.41.jar:10.1.41]
	at org.apache.catalina.core.ApplicationFilterChain.doFilter(ApplicationFilterChain.java:140) ~[tomcat-embed-core-10.1.41.jar:10.1.41]
	at org.springframework.web.filter.CompositeFilter$VirtualFilterChain.doFilter(CompositeFilter.java:108) ~[spring-web-6.1.20.jar:6.1.20]
	at org.springframework.security.web.FilterChainProxy.lambda$doFilterInternal$3(FilterChainProxy.java:231) ~[spring-security-web-6.3.9.jar:6.3.9]
	at org.springframework.security.web.ObservationFilterChainDecorator$FilterObservation$SimpleFilterObservation.lambda$wrap$1(ObservationFilterChainDecorator.java:479) ~[spring-security-web-6.3.9.jar:6.3.9]
	at org.springframework.security.web.ObservationFilterChainDecorator$AroundFilterObservation$SimpleAroundFilterObservation.lambda$wrap$1(ObservationFilterChainDecorator.java:340) ~[spring-security-web-6.3.9.jar:6.3.9]
	at org.springframework.security.web.ObservationFilterChainDecorator.lambda$wrapSecured$0(ObservationFilterChainDecorator.java:82) ~[spring-security-web-6.3.9.jar:6.3.9]
	at org.springframework.security.web.ObservationFilterChainDecorator$VirtualFilterChain.doFilter(ObservationFilterChainDecorator.java:128) ~[spring-security-web-6.3.9.jar:6.3.9]
	at org.springframework.security.web.access.intercept.AuthorizationFilter.doFilter(AuthorizationFilter.java:100) ~[spring-security-web-6.3.9.jar:6.3.9]
	at org.springframework.security.web.ObservationFilterChainDecorator$ObservationFilter.wrapFilter(ObservationFilterChainDecorator.java:240) ~[spring-security-web-6.3.9.jar:6.3.9]
	at org.springframework.security.web.ObservationFilterChainDecorator$ObservationFilter.doFilter(ObservationFilterChainDecorator.java:227) ~[spring-security-web-6.3.9.jar:6.3.9]
	at org.springframework.security.web.ObservationFilterChainDecorator$VirtualFilterChain.doFilter(ObservationFilterChainDecorator.java:137) ~[spring-security-web-6.3.9.jar:6.3.9]
	at org.springframework.security.web.access.ExceptionTranslationFilter.doFilter(ExceptionTranslationFilter.java:126) ~[spring-security-web-6.3.9.jar:6.3.9]
	at org.springframework.security.web.access.ExceptionTranslationFilter.doFilter(ExceptionTranslationFilter.java:120) ~[spring-security-web-6.3.9.jar:6.3.9]
	at org.springframework.security.web.ObservationFilterChainDecorator$ObservationFilter.wrapFilter(ObservationFilterChainDecorator.java:240) ~[spring-security-web-6.3.9.jar:6.3.9]
	at org.springframework.security.web.ObservationFilterChainDecorator$ObservationFilter.doFilter(ObservationFilterChainDecorator.java:227) ~[spring-security-web-6.3.9.jar:6.3.9]
	at org.springframework.security.web.ObservationFilterChainDecorator$VirtualFilterChain.doFilter(ObservationFilterChainDecorator.java:137) ~[spring-security-web-6.3.9.jar:6.3.9]
	at org.springframework.security.web.authentication.AnonymousAuthenticationFilter.doFilter(AnonymousAuthenticationFilter.java:100) ~[spring-security-web-6.3.9.jar:6.3.9]
	at org.springframework.security.web.ObservationFilterChainDecorator$ObservationFilter.wrapFilter(ObservationFilterChainDecorator.java:240) ~[spring-security-web-6.3.9.jar:6.3.9]
	at org.springframework.security.web.ObservationFilterChainDecorator$ObservationFilter.doFilter(ObservationFilterChainDecorator.java:227) ~[spring-security-web-6.3.9.jar:6.3.9]
	at org.springframework.security.web.ObservationFilterChainDecorator$VirtualFilterChain.doFilter(ObservationFilterChainDecorator.java:137) ~[spring-security-web-6.3.9.jar:6.3.9]
	at org.springframework.security.web.servletapi.SecurityContextHolderAwareRequestFilter.doFilter(SecurityContextHolderAwareRequestFilter.java:179) ~[spring-security-web-6.3.9.jar:6.3.9]
	at org.springframework.security.web.ObservationFilterChainDecorator$ObservationFilter.wrapFilter(ObservationFilterChainDecorator.java:240) ~[spring-security-web-6.3.9.jar:6.3.9]
	at org.springframework.security.web.ObservationFilterChainDecorator$ObservationFilter.doFilter(ObservationFilterChainDecorator.java:227) ~[spring-security-web-6.3.9.jar:6.3.9]
	at org.springframework.security.web.ObservationFilterChainDecorator$VirtualFilterChain.doFilter(ObservationFilterChainDecorator.java:137) ~[spring-security-web-6.3.9.jar:6.3.9]
	at org.springframework.security.web.savedrequest.RequestCacheAwareFilter.doFilter(RequestCacheAwareFilter.java:63) ~[spring-security-web-6.3.9.jar:6.3.9]
	at org.springframework.security.web.ObservationFilterChainDecorator$ObservationFilter.wrapFilter(ObservationFilterChainDecorator.java:240) ~[spring-security-web-6.3.9.jar:6.3.9]
	at org.springframework.security.web.ObservationFilterChainDecorator$ObservationFilter.doFilter(ObservationFilterChainDecorator.java:227) ~[spring-security-web-6.3.9.jar:6.3.9]
	at org.springframework.security.web.ObservationFilterChainDecorator$VirtualFilterChain.doFilter(ObservationFilterChainDecorator.java:137) ~[spring-security-web-6.3.9.jar:6.3.9]
	at org.springframework.security.web.authentication.logout.LogoutFilter.doFilter(LogoutFilter.java:107) ~[spring-security-web-6.3.9.jar:6.3.9]
	at org.springframework.security.web.authentication.logout.LogoutFilter.doFilter(LogoutFilter.java:93) ~[spring-security-web-6.3.9.jar:6.3.9]
	at org.springframework.security.web.ObservationFilterChainDecorator$ObservationFilter.wrapFilter(ObservationFilterChainDecorator.java:240) ~[spring-security-web-6.3.9.jar:6.3.9]
	at org.springframework.security.web.ObservationFilterChainDecorator$ObservationFilter.doFilter(ObservationFilterChainDecorator.java:227) ~[spring-security-web-6.3.9.jar:6.3.9]
	at org.springframework.security.web.ObservationFilterChainDecorator$VirtualFilterChain.doFilter(ObservationFilterChainDecorator.java:137) ~[spring-security-web-6.3.9.jar:6.3.9]
	at org.springframework.web.filter.CorsFilter.doFilterInternal(CorsFilter.java:91) ~[spring-web-6.1.20.jar:6.1.20]
	at org.springframework.web.filter.OncePerRequestFilter.doFilter(OncePerRequestFilter.java:116) ~[spring-web-6.1.20.jar:6.1.20]
	at org.springframework.security.web.ObservationFilterChainDecorator$ObservationFilter.wrapFilter(ObservationFilterChainDecorator.java:240) ~[spring-security-web-6.3.9.jar:6.3.9]
	at org.springframework.security.web.ObservationFilterChainDecorator$ObservationFilter.doFilter(ObservationFilterChainDecorator.java:227) ~[spring-security-web-6.3.9.jar:6.3.9]
	at org.springframework.security.web.ObservationFilterChainDecorator$VirtualFilterChain.doFilter(ObservationFilterChainDecorator.java:137) ~[spring-security-web-6.3.9.jar:6.3.9]
	at org.springframework.security.web.header.HeaderWriterFilter.doHeadersAfter(HeaderWriterFilter.java:90) ~[spring-security-web-6.3.9.jar:6.3.9]
	at org.springframework.security.web.header.HeaderWriterFilter.doFilterInternal(HeaderWriterFilter.java:75) ~[spring-security-web-6.3.9.jar:6.3.9]
	at org.springframework.web.filter.OncePerRequestFilter.doFilter(OncePerRequestFilter.java:116) ~[spring-web-6.1.20.jar:6.1.20]
	at org.springframework.security.web.ObservationFilterChainDecorator$ObservationFilter.wrapFilter(ObservationFilterChainDecorator.java:240) ~[spring-security-web-6.3.9.jar:6.3.9]
	at org.springframework.security.web.ObservationFilterChainDecorator$ObservationFilter.doFilter(ObservationFilterChainDecorator.java:227) ~[spring-security-web-6.3.9.jar:6.3.9]
	at org.springframework.security.web.ObservationFilterChainDecorator$VirtualFilterChain.doFilter(ObservationFilterChainDecorator.java:137) ~[spring-security-web-6.3.9.jar:6.3.9]
	at org.springframework.security.web.context.SecurityContextHolderFilter.doFilter(SecurityContextHolderFilter.java:82) ~[spring-security-web-6.3.9.jar:6.3.9]
	at org.springframework.security.web.context.SecurityContextHolderFilter.doFilter(SecurityContextHolderFilter.java:69) ~[spring-security-web-6.3.9.jar:6.3.9]
	at org.springframework.security.web.ObservationFilterChainDecorator$ObservationFilter.wrapFilter(ObservationFilterChainDecorator.java:240) ~[spring-security-web-6.3.9.jar:6.3.9]
	at org.springframework.security.web.ObservationFilterChainDecorator$ObservationFilter.doFilter(ObservationFilterChainDecorator.java:227) ~[spring-security-web-6.3.9.jar:6.3.9]
	at org.springframework.security.web.ObservationFilterChainDecorator$VirtualFilterChain.doFilter(ObservationFilterChainDecorator.java:137) ~[spring-security-web-6.3.9.jar:6.3.9]
	at org.springframework.security.web.context.request.async.WebAsyncManagerIntegrationFilter.doFilterInternal(WebAsyncManagerIntegrationFilter.java:62) ~[spring-security-web-6.3.9.jar:6.3.9]
	at org.springframework.web.filter.OncePerRequestFilter.doFilter(OncePerRequestFilter.java:116) ~[spring-web-6.1.20.jar:6.1.20]
	at org.springframework.security.web.ObservationFilterChainDecorator$ObservationFilter.wrapFilter(ObservationFilterChainDecorator.java:240) ~[spring-security-web-6.3.9.jar:6.3.9]
	at org.springframework.security.web.ObservationFilterChainDecorator$ObservationFilter.doFilter(ObservationFilterChainDecorator.java:227) ~[spring-security-web-6.3.9.jar:6.3.9]
	at org.springframework.security.web.ObservationFilterChainDecorator$VirtualFilterChain.doFilter(ObservationFilterChainDecorator.java:137) ~[spring-security-web-6.3.9.jar:6.3.9]
	at org.springframework.security.web.session.DisableEncodeUrlFilter.doFilterInternal(DisableEncodeUrlFilter.java:42) ~[spring-security-web-6.3.9.jar:6.3.9]
	at org.springframework.web.filter.OncePerRequestFilter.doFilter(OncePerRequestFilter.java:116) ~[spring-web-6.1.20.jar:6.1.20]
	at org.springframework.security.web.ObservationFilterChainDecorator$ObservationFilter.wrapFilter(ObservationFilterChainDecorator.java:240) ~[spring-security-web-6.3.9.jar:6.3.9]
	at org.springframework.security.web.ObservationFilterChainDecorator$AroundFilterObservation$SimpleAroundFilterObservation.lambda$wrap$0(ObservationFilterChainDecorator.java:323) ~[spring-security-web-6.3.9.jar:6.3.9]
	at org.springframework.security.web.ObservationFilterChainDecorator$ObservationFilter.doFilter(ObservationFilterChainDecorator.java:224) ~[spring-security-web-6.3.9.jar:6.3.9]
	at org.springframework.security.web.ObservationFilterChainDecorator$VirtualFilterChain.doFilter(ObservationFilterChainDecorator.java:137) ~[spring-security-web-6.3.9.jar:6.3.9]
	at org.springframework.security.web.FilterChainProxy.doFilterInternal(FilterChainProxy.java:233) ~[spring-security-web-6.3.9.jar:6.3.9]
	at org.springframework.security.web.FilterChainProxy.doFilter(FilterChainProxy.java:191) ~[spring-security-web-6.3.9.jar:6.3.9]
	at org.springframework.web.filter.CompositeFilter$VirtualFilterChain.doFilter(CompositeFilter.java:113) ~[spring-web-6.1.20.jar:6.1.20]
	at org.springframework.web.servlet.handler.HandlerMappingIntrospector.lambda$createCacheFilter$3(HandlerMappingIntrospector.java:195) ~[spring-webmvc-6.1.20.jar:6.1.20]
	at org.springframework.web.filter.CompositeFilter$VirtualFilterChain.doFilter(CompositeFilter.java:113) ~[spring-web-6.1.20.jar:6.1.20]
	at org.springframework.web.filter.CompositeFilter.doFilter(CompositeFilter.java:74) ~[spring-web-6.1.20.jar:6.1.20]
	at org.springframework.security.config.annotation.web.configuration.WebMvcSecurityConfiguration$CompositeFilterChainProxy.doFilter(WebMvcSecurityConfiguration.java:230) ~[spring-security-config-6.3.9.jar:6.3.9]
	at org.springframework.web.filter.DelegatingFilterProxy.invokeDelegate(DelegatingFilterProxy.java:362) ~[spring-web-6.1.20.jar:6.1.20]
	at org.springframework.web.filter.DelegatingFilterProxy.doFilter(DelegatingFilterProxy.java:278) ~[spring-web-6.1.20.jar:6.1.20]
	at org.apache.catalina.core.ApplicationFilterChain.internalDoFilter(ApplicationFilterChain.java:164) ~[tomcat-embed-core-10.1.41.jar:10.1.41]
	at org.apache.catalina.core.ApplicationFilterChain.doFilter(ApplicationFilterChain.java:140) ~[tomcat-embed-core-10.1.41.jar:10.1.41]
	at org.springframework.web.filter.RequestContextFilter.doFilterInternal(RequestContextFilter.java:100) ~[spring-web-6.1.20.jar:6.1.20]
	at org.springframework.web.filter.OncePerRequestFilter.doFilter(OncePerRequestFilter.java:116) ~[spring-web-6.1.20.jar:6.1.20]
	at org.apache.catalina.core.ApplicationFilterChain.internalDoFilter(ApplicationFilterChain.java:164) ~[tomcat-embed-core-10.1.41.jar:10.1.41]
	at org.apache.catalina.core.ApplicationFilterChain.doFilter(ApplicationFilterChain.java:140) ~[tomcat-embed-core-10.1.41.jar:10.1.41]
	at org.springframework.web.filter.FormContentFilter.doFilterInternal(FormContentFilter.java:93) ~[spring-web-6.1.20.jar:6.1.20]
	at org.springframework.web.filter.OncePerRequestFilter.doFilter(OncePerRequestFilter.java:116) ~[spring-web-6.1.20.jar:6.1.20]
	at org.apache.catalina.core.ApplicationFilterChain.internalDoFilter(ApplicationFilterChain.java:164) ~[tomcat-embed-core-10.1.41.jar:10.1.41]
	at org.apache.catalina.core.ApplicationFilterChain.doFilter(ApplicationFilterChain.java:140) ~[tomcat-embed-core-10.1.41.jar:10.1.41]
	at org.springframework.web.filter.ServerHttpObservationFilter.doFilterInternal(ServerHttpObservationFilter.java:113) ~[spring-web-6.1.20.jar:6.1.20]
	at org.springframework.web.filter.OncePerRequestFilter.doFilter(OncePerRequestFilter.java:116) ~[spring-web-6.1.20.jar:6.1.20]
	at org.apache.catalina.core.ApplicationFilterChain.internalDoFilter(ApplicationFilterChain.java:164) ~[tomcat-embed-core-10.1.41.jar:10.1.41]
	at org.apache.catalina.core.ApplicationFilterChain.doFilter(ApplicationFilterChain.java:140) ~[tomcat-embed-core-10.1.41.jar:10.1.41]
	at org.springframework.web.filter.CharacterEncodingFilter.doFilterInternal(CharacterEncodingFilter.java:201) ~[spring-web-6.1.20.jar:6.1.20]
	at org.springframework.web.filter.OncePerRequestFilter.doFilter(OncePerRequestFilter.java:116) ~[spring-web-6.1.20.jar:6.1.20]
	at org.apache.catalina.core.ApplicationFilterChain.internalDoFilter(ApplicationFilterChain.java:164) ~[tomcat-embed-core-10.1.41.jar:10.1.41]
	at org.apache.catalina.core.ApplicationFilterChain.doFilter(ApplicationFilterChain.java:140) ~[tomcat-embed-core-10.1.41.jar:10.1.41]
	at org.apache.catalina.core.StandardWrapperValve.invoke(StandardWrapperValve.java:167) ~[tomcat-embed-core-10.1.41.jar:10.1.41]
	at org.apache.catalina.core.StandardContextValve.invoke(StandardContextValve.java:90) ~[tomcat-embed-core-10.1.41.jar:10.1.41]
	at org.apache.catalina.authenticator.AuthenticatorBase.invoke(AuthenticatorBase.java:483) ~[tomcat-embed-core-10.1.41.jar:10.1.41]
	at org.apache.catalina.core.StandardHostValve.invoke(StandardHostValve.java:116) ~[tomcat-embed-core-10.1.41.jar:10.1.41]
	at org.apache.catalina.valves.ErrorReportValve.invoke(ErrorReportValve.java:93) ~[tomcat-embed-core-10.1.41.jar:10.1.41]
	at org.apache.catalina.core.StandardEngineValve.invoke(StandardEngineValve.java:74) ~[tomcat-embed-core-10.1.41.jar:10.1.41]
	at org.apache.catalina.connector.CoyoteAdapter.service(CoyoteAdapter.java:344) ~[tomcat-embed-core-10.1.41.jar:10.1.41]
	at org.apache.coyote.http11.Http11Processor.service(Http11Processor.java:398) ~[tomcat-embed-core-10.1.41.jar:10.1.41]
	at org.apache.coyote.AbstractProcessorLight.process(AbstractProcessorLight.java:63) ~[tomcat-embed-core-10.1.41.jar:10.1.41]
	at org.apache.coyote.AbstractProtocol$ConnectionHandler.process(AbstractProtocol.java:903) ~[tomcat-embed-core-10.1.41.jar:10.1.41]
	at org.apache.tomcat.util.net.NioEndpoint$SocketProcessor.doRun(NioEndpoint.java:1740) ~[tomcat-embed-core-10.1.41.jar:10.1.41]
	at org.apache.tomcat.util.net.SocketProcessorBase.run(SocketProcessorBase.java:52) ~[tomcat-embed-core-10.1.41.jar:10.1.41]
	at org.apache.tomcat.util.threads.ThreadPoolExecutor.runWorker(ThreadPoolExecutor.java:1189) ~[tomcat-embed-core-10.1.41.jar:10.1.41]
	at org.apache.tomcat.util.threads.ThreadPoolExecutor$Worker.run(ThreadPoolExecutor.java:658) ~[tomcat-embed-core-10.1.41.jar:10.1.41]
	at org.apache.tomcat.util.threads.TaskThread$WrappingRunnable.run(TaskThread.java:63) ~[tomcat-embed-core-10.1.41.jar:10.1.41]
	at java.base/java.lang.Thread.run(Thread.java:842) ~[na:na]

2026-06-12T10:03:23.702+09:00 DEBUG 17984 --- [quality-service] [http-nio-8083-exec-6] org.hibernate.SQL                        : select is1_0.id,is1_0.abnormal_count,is1_0.abnormal_rate,is1_0.created_at,is1_0.normal_count,is1_0.normal_rate,is1_0.stanby_count,is1_0.total_count from inspection_summary is1_0
2026-06-12T10:03:23.702+09:00 DEBUG 17984 --- [quality-service] [http-nio-8083-exec-4] org.hibernate.SQL                        : select isd1_0.id,isd1_0.att,isd1_0.battery_voltage,isd1_0.car_code,isd1_0.created_at,isd1_0.fuel_rate,isd1_0.gear,isd1_0.inspection_no,isd1_0.inspection_result,isd1_0.issue_message,isd1_0.speed,isd1_0.status_score,isd1_0.vehicle_id from inspection_status_detail isd1_0
2026-06-12T10:03:23.702+09:00 DEBUG 17984 --- [quality-service] [http-nio-8083-exec-9] org.hibernate.SQL                        : select idd1_0.id,idd1_0.brake_pressure,idd1_0.car_code,idd1_0.created_at,idd1_0.drive_score,idd1_0.driving_pattern,idd1_0.inspection_no,idd1_0.inspection_result,idd1_0.issue_message,idd1_0.steering_angle,idd1_0.throttle_position,idd1_0.vehicle_id from inspection_drive_detail idd1_0
2026-06-12T10:03:23.702+09:00 DEBUG 17984 --- [quality-service] [http-nio-8083-exec-8] org.hibernate.SQL                        : select irh1_0.id,irh1_0.inspection_type,irh1_0.record_time,irh1_0.risk_score from inspection_risk_history irh1_0
2026-06-12T10:03:23.702+09:00 DEBUG 17984 --- [quality-service] [http-nio-8083-exec-3] org.hibernate.SQL                        : select ip1_0.id,ip1_0.completed_count,ip1_0.created_at,ip1_0.process_name,ip1_0.process_status,ip1_0.progress_rate,ip1_0.total_vehicle_count,ip1_0.waiting_count from inspection_process ip1_0
2026-06-12T10:03:24.021+09:00  WARN 17984 --- [quality-service] [http-nio-8083-exec-8] o.h.engine.jdbc.spi.SqlExceptionHelper   : SQL Error: 0, SQLState: 22018
2026-06-12T10:03:24.021+09:00 ERROR 17984 --- [quality-service] [http-nio-8083-exec-8] o.h.engine.jdbc.spi.SqlExceptionHelper   : Cannot convert string '2026-06-01 1:00' to java.sql.Timestamp value
2026-06-12T10:03:24.327+09:00 DEBUG 17984 --- [quality-service] [http-nio-8083-exec-2] org.hibernate.SQL                        : select ip1_0.id,ip1_0.completed_count,ip1_0.created_at,ip1_0.process_name,ip1_0.process_status,ip1_0.progress_rate,ip1_0.total_vehicle_count,ip1_0.waiting_count from inspection_process ip1_0
2026-06-12T10:03:24.327+09:00 ERROR 17984 --- [quality-service] [http-nio-8083-exec-8] o.a.c.c.C.[.[.[/].[dispatcherServlet]    : Servlet.service() for servlet [dispatcherServlet] in context with path [] threw exception [Request processing failed: org.springframework.dao.DataIntegrityViolationException: Could not extract column [3] from JDBC ResultSet [Cannot convert string '2026-06-01 1:00' to java.sql.Timestamp value] [n/a]; SQL [n/a]] with root cause

com.mysql.cj.exceptions.DataConversionException: Cannot convert string '2026-06-01 1:00' to java.sql.Timestamp value
	at com.mysql.cj.result.AbstractDateTimeValueFactory.createFromBytes(AbstractDateTimeValueFactory.java:139) ~[mysql-connector-j-8.3.0.jar:8.3.0]
	at com.mysql.cj.protocol.a.MysqlTextValueDecoder.decodeByteArray(MysqlTextValueDecoder.java:159) ~[mysql-connector-j-8.3.0.jar:8.3.0]
	at com.mysql.cj.protocol.result.AbstractResultsetRow.decodeAndCreateReturnValue(AbstractResultsetRow.java:136) ~[mysql-connector-j-8.3.0.jar:8.3.0]
	at com.mysql.cj.protocol.result.AbstractResultsetRow.getValueFromBytes(AbstractResultsetRow.java:244) ~[mysql-connector-j-8.3.0.jar:8.3.0]
	at com.mysql.cj.protocol.a.result.ByteArrayRow.getValue(ByteArrayRow.java:91) ~[mysql-connector-j-8.3.0.jar:8.3.0]
	at com.mysql.cj.jdbc.result.ResultSetImpl.getTimestamp(ResultSetImpl.java:943) ~[mysql-connector-j-8.3.0.jar:8.3.0]
	at com.zaxxer.hikari.pool.HikariProxyResultSet.getTimestamp(HikariProxyResultSet.java) ~[HikariCP-5.1.0.jar:na]
	at org.hibernate.type.descriptor.jdbc.TimestampJdbcType$2.doExtract(TimestampJdbcType.java:111) ~[hibernate-core-6.5.3.Final.jar:6.5.3.Final]
	at org.hibernate.type.descriptor.jdbc.BasicExtractor.extract(BasicExtractor.java:44) ~[hibernate-core-6.5.3.Final.jar:6.5.3.Final]
	at org.hibernate.sql.results.jdbc.internal.JdbcValuesResultSetImpl.getCurrentRowValue(JdbcValuesResultSetImpl.java:379) ~[hibernate-core-6.5.3.Final.jar:6.5.3.Final]
	at org.hibernate.sql.results.internal.RowProcessingStateStandardImpl.getJdbcValue(RowProcessingStateStandardImpl.java:120) ~[hibernate-core-6.5.3.Final.jar:6.5.3.Final]
	at org.hibernate.sql.results.graph.basic.BasicResultAssembler.extractRawValue(BasicResultAssembler.java:52) ~[hibernate-core-6.5.3.Final.jar:6.5.3.Final]
	at org.hibernate.sql.results.graph.basic.BasicResultAssembler.assemble(BasicResultAssembler.java:59) ~[hibernate-core-6.5.3.Final.jar:6.5.3.Final]
	at org.hibernate.sql.results.graph.DomainResultAssembler.assemble(DomainResultAssembler.java:35) ~[hibernate-core-6.5.3.Final.jar:6.5.3.Final]
	at org.hibernate.sql.results.graph.entity.AbstractEntityInitializer.extractConcreteTypeStateValues(AbstractEntityInitializer.java:1038) ~[hibernate-core-6.5.3.Final.jar:6.5.3.Final]
	at org.hibernate.sql.results.graph.entity.AbstractEntityInitializer.initializeEntityInstance(AbstractEntityInitializer.java:795) ~[hibernate-core-6.5.3.Final.jar:6.5.3.Final]
	at org.hibernate.sql.results.graph.entity.AbstractEntityInitializer.initializeEntity(AbstractEntityInitializer.java:770) ~[hibernate-core-6.5.3.Final.jar:6.5.3.Final]
	at org.hibernate.sql.results.graph.entity.AbstractEntityInitializer.initializeInstance(AbstractEntityInitializer.java:762) ~[hibernate-core-6.5.3.Final.jar:6.5.3.Final]
	at org.hibernate.sql.results.internal.InitializersList.initializeInstance(InitializersList.java:73) ~[hibernate-core-6.5.3.Final.jar:6.5.3.Final]
	at org.hibernate.sql.results.internal.StandardRowReader.coordinateInitializers(StandardRowReader.java:113) ~[hibernate-core-6.5.3.Final.jar:6.5.3.Final]
	at org.hibernate.sql.results.internal.StandardRowReader.readRow(StandardRowReader.java:87) ~[hibernate-core-6.5.3.Final.jar:6.5.3.Final]
	at org.hibernate.sql.results.spi.ListResultsConsumer.consume(ListResultsConsumer.java:205) ~[hibernate-core-6.5.3.Final.jar:6.5.3.Final]
	at org.hibernate.sql.results.spi.ListResultsConsumer.consume(ListResultsConsumer.java:33) ~[hibernate-core-6.5.3.Final.jar:6.5.3.Final]
	at org.hibernate.sql.exec.internal.JdbcSelectExecutorStandardImpl.doExecuteQuery(JdbcSelectExecutorStandardImpl.java:211) ~[hibernate-core-6.5.3.Final.jar:6.5.3.Final]
	at org.hibernate.sql.exec.internal.JdbcSelectExecutorStandardImpl.executeQuery(JdbcSelectExecutorStandardImpl.java:83) ~[hibernate-core-6.5.3.Final.jar:6.5.3.Final]
	at org.hibernate.sql.exec.spi.JdbcSelectExecutor.list(JdbcSelectExecutor.java:76) ~[hibernate-core-6.5.3.Final.jar:6.5.3.Final]
	at org.hibernate.sql.exec.spi.JdbcSelectExecutor.list(JdbcSelectExecutor.java:65) ~[hibernate-core-6.5.3.Final.jar:6.5.3.Final]
	at org.hibernate.query.sqm.internal.ConcreteSqmSelectQueryPlan.lambda$new$2(ConcreteSqmSelectQueryPlan.java:139) ~[hibernate-core-6.5.3.Final.jar:6.5.3.Final]
	at org.hibernate.query.sqm.internal.ConcreteSqmSelectQueryPlan.withCacheableSqmInterpretation(ConcreteSqmSelectQueryPlan.java:382) ~[hibernate-core-6.5.3.Final.jar:6.5.3.Final]
	at org.hibernate.query.sqm.internal.ConcreteSqmSelectQueryPlan.performList(ConcreteSqmSelectQueryPlan.java:302) ~[hibernate-core-6.5.3.Final.jar:6.5.3.Final]
	at org.hibernate.query.sqm.internal.QuerySqmImpl.doList(QuerySqmImpl.java:526) ~[hibernate-core-6.5.3.Final.jar:6.5.3.Final]
	at org.hibernate.query.spi.AbstractSelectionQuery.list(AbstractSelectionQuery.java:423) ~[hibernate-core-6.5.3.Final.jar:6.5.3.Final]
	at org.hibernate.query.Query.getResultList(Query.java:120) ~[hibernate-core-6.5.3.Final.jar:6.5.3.Final]
	at org.springframework.data.jpa.repository.support.SimpleJpaRepository.findAll(SimpleJpaRepository.java:395) ~[spring-data-jpa-3.3.12.jar:3.3.12]
	at jdk.internal.reflect.GeneratedMethodAccessor110.invoke(Unknown Source) ~[na:na]
	at java.base/jdk.internal.reflect.DelegatingMethodAccessorImpl.invoke(DelegatingMethodAccessorImpl.java:43) ~[na:na]
	at java.base/java.lang.reflect.Method.invoke(Method.java:568) ~[na:na]
	at org.springframework.aop.support.AopUtils.invokeJoinpointUsingReflection(AopUtils.java:355) ~[spring-aop-6.1.20.jar:6.1.20]
	at org.springframework.data.repository.core.support.RepositoryMethodInvoker$RepositoryFragmentMethodInvoker.lambda$new$0(RepositoryMethodInvoker.java:277) ~[spring-data-commons-3.3.12.jar:3.3.12]
	at org.springframework.data.repository.core.support.RepositoryMethodInvoker.doInvoke(RepositoryMethodInvoker.java:170) ~[spring-data-commons-3.3.12.jar:3.3.12]
	at org.springframework.data.repository.core.support.RepositoryMethodInvoker.invoke(RepositoryMethodInvoker.java:158) ~[spring-data-commons-3.3.12.jar:3.3.12]
	at org.springframework.data.repository.core.support.RepositoryComposition$RepositoryFragments.invoke(RepositoryComposition.java:516) ~[spring-data-commons-3.3.12.jar:3.3.12]
	at org.springframework.data.repository.core.support.RepositoryComposition.invoke(RepositoryComposition.java:285) ~[spring-data-commons-3.3.12.jar:3.3.12]
	at org.springframework.data.repository.core.support.RepositoryFactorySupport$ImplementationMethodExecutionInterceptor.invoke(RepositoryFactorySupport.java:628) ~[spring-data-commons-3.3.12.jar:3.3.12]
	at org.springframework.aop.framework.ReflectiveMethodInvocation.proceed(ReflectiveMethodInvocation.java:184) ~[spring-aop-6.1.20.jar:6.1.20]
	at org.springframework.data.repository.core.support.QueryExecutorMethodInterceptor.doInvoke(QueryExecutorMethodInterceptor.java:173) ~[spring-data-commons-3.3.12.jar:3.3.12]
	at org.springframework.data.repository.core.support.QueryExecutorMethodInterceptor.invoke(QueryExecutorMethodInterceptor.java:148) ~[spring-data-commons-3.3.12.jar:3.3.12]
	at org.springframework.aop.framework.ReflectiveMethodInvocation.proceed(ReflectiveMethodInvocation.java:184) ~[spring-aop-6.1.20.jar:6.1.20]
	at org.springframework.data.projection.DefaultMethodInvokingMethodInterceptor.invoke(DefaultMethodInvokingMethodInterceptor.java:70) ~[spring-data-commons-3.3.12.jar:3.3.12]
	at org.springframework.aop.framework.ReflectiveMethodInvocation.proceed(ReflectiveMethodInvocation.java:184) ~[spring-aop-6.1.20.jar:6.1.20]
	at org.springframework.transaction.interceptor.TransactionAspectSupport.invokeWithinTransaction(TransactionAspectSupport.java:379) ~[spring-tx-6.1.20.jar:6.1.20]
	at org.springframework.transaction.interceptor.TransactionInterceptor.invoke(TransactionInterceptor.java:119) ~[spring-tx-6.1.20.jar:6.1.20]
	at org.springframework.aop.framework.ReflectiveMethodInvocation.proceed(ReflectiveMethodInvocation.java:184) ~[spring-aop-6.1.20.jar:6.1.20]
	at org.springframework.dao.support.PersistenceExceptionTranslationInterceptor.invoke(PersistenceExceptionTranslationInterceptor.java:138) ~[spring-tx-6.1.20.jar:6.1.20]
	at org.springframework.aop.framework.ReflectiveMethodInvocation.proceed(ReflectiveMethodInvocation.java:184) ~[spring-aop-6.1.20.jar:6.1.20]
	at org.springframework.data.jpa.repository.support.CrudMethodMetadataPostProcessor$CrudMethodMetadataPopulatingMethodInterceptor.invoke(CrudMethodMetadataPostProcessor.java:165) ~[spring-data-jpa-3.3.12.jar:3.3.12]
	at org.springframework.aop.framework.ReflectiveMethodInvocation.proceed(ReflectiveMethodInvocation.java:184) ~[spring-aop-6.1.20.jar:6.1.20]
	at org.springframework.aop.interceptor.ExposeInvocationInterceptor.invoke(ExposeInvocationInterceptor.java:97) ~[spring-aop-6.1.20.jar:6.1.20]
	at org.springframework.aop.framework.ReflectiveMethodInvocation.proceed(ReflectiveMethodInvocation.java:184) ~[spring-aop-6.1.20.jar:6.1.20]
	at org.springframework.aop.framework.JdkDynamicAopProxy.invoke(JdkDynamicAopProxy.java:223) ~[spring-aop-6.1.20.jar:6.1.20]
	at jdk.proxy2/jdk.proxy2.$Proxy141.findAll(Unknown Source) ~[na:na]
	at com.aims.quality.main_db.controller.InspectionRiskHistoryController.getRiskHistoryList(InspectionRiskHistoryController.java:22) ~[main/:na]
	at java.base/jdk.internal.reflect.NativeMethodAccessorImpl.invoke0(Native Method) ~[na:na]
	at java.base/jdk.internal.reflect.NativeMethodAccessorImpl.invoke(NativeMethodAccessorImpl.java:77) ~[na:na]
	at java.base/jdk.internal.reflect.DelegatingMethodAccessorImpl.invoke(DelegatingMethodAccessorImpl.java:43) ~[na:na]
	at java.base/java.lang.reflect.Method.invoke(Method.java:568) ~[na:na]
	at org.springframework.web.method.support.InvocableHandlerMethod.doInvoke(InvocableHandlerMethod.java:255) ~[spring-web-6.1.20.jar:6.1.20]
	at org.springframework.web.method.support.InvocableHandlerMethod.invokeForRequest(InvocableHandlerMethod.java:188) ~[spring-web-6.1.20.jar:6.1.20]
	at org.springframework.web.servlet.mvc.method.annotation.ServletInvocableHandlerMethod.invokeAndHandle(ServletInvocableHandlerMethod.java:118) ~[spring-webmvc-6.1.20.jar:6.1.20]
	at org.springframework.web.servlet.mvc.method.annotation.RequestMappingHandlerAdapter.invokeHandlerMethod(RequestMappingHandlerAdapter.java:926) ~[spring-webmvc-6.1.20.jar:6.1.20]
	at org.springframework.web.servlet.mvc.method.annotation.RequestMappingHandlerAdapter.handleInternal(RequestMappingHandlerAdapter.java:831) ~[spring-webmvc-6.1.20.jar:6.1.20]
	at org.springframework.web.servlet.mvc.method.AbstractHandlerMethodAdapter.handle(AbstractHandlerMethodAdapter.java:87) ~[spring-webmvc-6.1.20.jar:6.1.20]
	at org.springframework.web.servlet.DispatcherServlet.doDispatch(DispatcherServlet.java:1089) ~[spring-webmvc-6.1.20.jar:6.1.20]
	at org.springframework.web.servlet.DispatcherServlet.doService(DispatcherServlet.java:979) ~[spring-webmvc-6.1.20.jar:6.1.20]
	at org.springframework.web.servlet.FrameworkServlet.processRequest(FrameworkServlet.java:1014) ~[spring-webmvc-6.1.20.jar:6.1.20]
	at org.springframework.web.servlet.FrameworkServlet.doGet(FrameworkServlet.java:903) ~[spring-webmvc-6.1.20.jar:6.1.20]
	at jakarta.servlet.http.HttpServlet.service(HttpServlet.java:564) ~[tomcat-embed-core-10.1.41.jar:6.0]
	at org.springframework.web.servlet.FrameworkServlet.service(FrameworkServlet.java:885) ~[spring-webmvc-6.1.20.jar:6.1.20]
	at jakarta.servlet.http.HttpServlet.service(HttpServlet.java:658) ~[tomcat-embed-core-10.1.41.jar:6.0]
	at org.apache.catalina.core.ApplicationFilterChain.internalDoFilter(ApplicationFilterChain.java:195) ~[tomcat-embed-core-10.1.41.jar:10.1.41]
	at org.apache.catalina.core.ApplicationFilterChain.doFilter(ApplicationFilterChain.java:140) ~[tomcat-embed-core-10.1.41.jar:10.1.41]
	at org.apache.tomcat.websocket.server.WsFilter.doFilter(WsFilter.java:51) ~[tomcat-embed-websocket-10.1.41.jar:10.1.41]
	at org.apache.catalina.core.ApplicationFilterChain.internalDoFilter(ApplicationFilterChain.java:164) ~[tomcat-embed-core-10.1.41.jar:10.1.41]
	at org.apache.catalina.core.ApplicationFilterChain.doFilter(ApplicationFilterChain.java:140) ~[tomcat-embed-core-10.1.41.jar:10.1.41]
	at org.springframework.web.filter.OncePerRequestFilter.doFilter(OncePerRequestFilter.java:110) ~[spring-web-6.1.20.jar:6.1.20]
	at org.apache.catalina.core.ApplicationFilterChain.internalDoFilter(ApplicationFilterChain.java:164) ~[tomcat-embed-core-10.1.41.jar:10.1.41]
	at org.apache.catalina.core.ApplicationFilterChain.doFilter(ApplicationFilterChain.java:140) ~[tomcat-embed-core-10.1.41.jar:10.1.41]
	at org.springframework.web.filter.CompositeFilter$VirtualFilterChain.doFilter(CompositeFilter.java:108) ~[spring-web-6.1.20.jar:6.1.20]
	at org.springframework.security.web.FilterChainProxy.lambda$doFilterInternal$3(FilterChainProxy.java:231) ~[spring-security-web-6.3.9.jar:6.3.9]
	at org.springframework.security.web.ObservationFilterChainDecorator$FilterObservation$SimpleFilterObservation.lambda$wrap$1(ObservationFilterChainDecorator.java:479) ~[spring-security-web-6.3.9.jar:6.3.9]
	at org.springframework.security.web.ObservationFilterChainDecorator$AroundFilterObservation$SimpleAroundFilterObservation.lambda$wrap$1(ObservationFilterChainDecorator.java:340) ~[spring-security-web-6.3.9.jar:6.3.9]
	at org.springframework.security.web.ObservationFilterChainDecorator.lambda$wrapSecured$0(ObservationFilterChainDecorator.java:82) ~[spring-security-web-6.3.9.jar:6.3.9]
	at org.springframework.security.web.ObservationFilterChainDecorator$VirtualFilterChain.doFilter(ObservationFilterChainDecorator.java:128) ~[spring-security-web-6.3.9.jar:6.3.9]
	at org.springframework.security.web.access.intercept.AuthorizationFilter.doFilter(AuthorizationFilter.java:100) ~[spring-security-web-6.3.9.jar:6.3.9]
	at org.springframework.security.web.ObservationFilterChainDecorator$ObservationFilter.wrapFilter(ObservationFilterChainDecorator.java:240) ~[spring-security-web-6.3.9.jar:6.3.9]
	at org.springframework.security.web.ObservationFilterChainDecorator$ObservationFilter.doFilter(ObservationFilterChainDecorator.java:227) ~[spring-security-web-6.3.9.jar:6.3.9]
	at org.springframework.security.web.ObservationFilterChainDecorator$VirtualFilterChain.doFilter(ObservationFilterChainDecorator.java:137) ~[spring-security-web-6.3.9.jar:6.3.9]
	at org.springframework.security.web.access.ExceptionTranslationFilter.doFilter(ExceptionTranslationFilter.java:126) ~[spring-security-web-6.3.9.jar:6.3.9]
	at org.springframework.security.web.access.ExceptionTranslationFilter.doFilter(ExceptionTranslationFilter.java:120) ~[spring-security-web-6.3.9.jar:6.3.9]
	at org.springframework.security.web.ObservationFilterChainDecorator$ObservationFilter.wrapFilter(ObservationFilterChainDecorator.java:240) ~[spring-security-web-6.3.9.jar:6.3.9]
	at org.springframework.security.web.ObservationFilterChainDecorator$ObservationFilter.doFilter(ObservationFilterChainDecorator.java:227) ~[spring-security-web-6.3.9.jar:6.3.9]
	at org.springframework.security.web.ObservationFilterChainDecorator$VirtualFilterChain.doFilter(ObservationFilterChainDecorator.java:137) ~[spring-security-web-6.3.9.jar:6.3.9]
	at org.springframework.security.web.authentication.AnonymousAuthenticationFilter.doFilter(AnonymousAuthenticationFilter.java:100) ~[spring-security-web-6.3.9.jar:6.3.9]
	at org.springframework.security.web.ObservationFilterChainDecorator$ObservationFilter.wrapFilter(ObservationFilterChainDecorator.java:240) ~[spring-security-web-6.3.9.jar:6.3.9]
	at org.springframework.security.web.ObservationFilterChainDecorator$ObservationFilter.doFilter(ObservationFilterChainDecorator.java:227) ~[spring-security-web-6.3.9.jar:6.3.9]
	at org.springframework.security.web.ObservationFilterChainDecorator$VirtualFilterChain.doFilter(ObservationFilterChainDecorator.java:137) ~[spring-security-web-6.3.9.jar:6.3.9]
	at org.springframework.security.web.servletapi.SecurityContextHolderAwareRequestFilter.doFilter(SecurityContextHolderAwareRequestFilter.java:179) ~[spring-security-web-6.3.9.jar:6.3.9]
	at org.springframework.security.web.ObservationFilterChainDecorator$ObservationFilter.wrapFilter(ObservationFilterChainDecorator.java:240) ~[spring-security-web-6.3.9.jar:6.3.9]
	at org.springframework.security.web.ObservationFilterChainDecorator$ObservationFilter.doFilter(ObservationFilterChainDecorator.java:227) ~[spring-security-web-6.3.9.jar:6.3.9]
	at org.springframework.security.web.ObservationFilterChainDecorator$VirtualFilterChain.doFilter(ObservationFilterChainDecorator.java:137) ~[spring-security-web-6.3.9.jar:6.3.9]
	at org.springframework.security.web.savedrequest.RequestCacheAwareFilter.doFilter(RequestCacheAwareFilter.java:63) ~[spring-security-web-6.3.9.jar:6.3.9]
	at org.springframework.security.web.ObservationFilterChainDecorator$ObservationFilter.wrapFilter(ObservationFilterChainDecorator.java:240) ~[spring-security-web-6.3.9.jar:6.3.9]
	at org.springframework.security.web.ObservationFilterChainDecorator$ObservationFilter.doFilter(ObservationFilterChainDecorator.java:227) ~[spring-security-web-6.3.9.jar:6.3.9]
	at org.springframework.security.web.ObservationFilterChainDecorator$VirtualFilterChain.doFilter(ObservationFilterChainDecorator.java:137) ~[spring-security-web-6.3.9.jar:6.3.9]
	at org.springframework.security.web.authentication.logout.LogoutFilter.doFilter(LogoutFilter.java:107) ~[spring-security-web-6.3.9.jar:6.3.9]
	at org.springframework.security.web.authentication.logout.LogoutFilter.doFilter(LogoutFilter.java:93) ~[spring-security-web-6.3.9.jar:6.3.9]
	at org.springframework.security.web.ObservationFilterChainDecorator$ObservationFilter.wrapFilter(ObservationFilterChainDecorator.java:240) ~[spring-security-web-6.3.9.jar:6.3.9]
	at org.springframework.security.web.ObservationFilterChainDecorator$ObservationFilter.doFilter(ObservationFilterChainDecorator.java:227) ~[spring-security-web-6.3.9.jar:6.3.9]
	at org.springframework.security.web.ObservationFilterChainDecorator$VirtualFilterChain.doFilter(ObservationFilterChainDecorator.java:137) ~[spring-security-web-6.3.9.jar:6.3.9]
	at org.springframework.web.filter.CorsFilter.doFilterInternal(CorsFilter.java:91) ~[spring-web-6.1.20.jar:6.1.20]
	at org.springframework.web.filter.OncePerRequestFilter.doFilter(OncePerRequestFilter.java:116) ~[spring-web-6.1.20.jar:6.1.20]
	at org.springframework.security.web.ObservationFilterChainDecorator$ObservationFilter.wrapFilter(ObservationFilterChainDecorator.java:240) ~[spring-security-web-6.3.9.jar:6.3.9]
	at org.springframework.security.web.ObservationFilterChainDecorator$ObservationFilter.doFilter(ObservationFilterChainDecorator.java:227) ~[spring-security-web-6.3.9.jar:6.3.9]
	at org.springframework.security.web.ObservationFilterChainDecorator$VirtualFilterChain.doFilter(ObservationFilterChainDecorator.java:137) ~[spring-security-web-6.3.9.jar:6.3.9]
	at org.springframework.security.web.header.HeaderWriterFilter.doHeadersAfter(HeaderWriterFilter.java:90) ~[spring-security-web-6.3.9.jar:6.3.9]
	at org.springframework.security.web.header.HeaderWriterFilter.doFilterInternal(HeaderWriterFilter.java:75) ~[spring-security-web-6.3.9.jar:6.3.9]
	at org.springframework.web.filter.OncePerRequestFilter.doFilter(OncePerRequestFilter.java:116) ~[spring-web-6.1.20.jar:6.1.20]
	at org.springframework.security.web.ObservationFilterChainDecorator$ObservationFilter.wrapFilter(ObservationFilterChainDecorator.java:240) ~[spring-security-web-6.3.9.jar:6.3.9]
	at org.springframework.security.web.ObservationFilterChainDecorator$ObservationFilter.doFilter(ObservationFilterChainDecorator.java:227) ~[spring-security-web-6.3.9.jar:6.3.9]
	at org.springframework.security.web.ObservationFilterChainDecorator$VirtualFilterChain.doFilter(ObservationFilterChainDecorator.java:137) ~[spring-security-web-6.3.9.jar:6.3.9]
	at org.springframework.security.web.context.SecurityContextHolderFilter.doFilter(SecurityContextHolderFilter.java:82) ~[spring-security-web-6.3.9.jar:6.3.9]
	at org.springframework.security.web.context.SecurityContextHolderFilter.doFilter(SecurityContextHolderFilter.java:69) ~[spring-security-web-6.3.9.jar:6.3.9]
	at org.springframework.security.web.ObservationFilterChainDecorator$ObservationFilter.wrapFilter(ObservationFilterChainDecorator.java:240) ~[spring-security-web-6.3.9.jar:6.3.9]
	at org.springframework.security.web.ObservationFilterChainDecorator$ObservationFilter.doFilter(ObservationFilterChainDecorator.java:227) ~[spring-security-web-6.3.9.jar:6.3.9]
	at org.springframework.security.web.ObservationFilterChainDecorator$VirtualFilterChain.doFilter(ObservationFilterChainDecorator.java:137) ~[spring-security-web-6.3.9.jar:6.3.9]
	at org.springframework.security.web.context.request.async.WebAsyncManagerIntegrationFilter.doFilterInternal(WebAsyncManagerIntegrationFilter.java:62) ~[spring-security-web-6.3.9.jar:6.3.9]
	at org.springframework.web.filter.OncePerRequestFilter.doFilter(OncePerRequestFilter.java:116) ~[spring-web-6.1.20.jar:6.1.20]
	at org.springframework.security.web.ObservationFilterChainDecorator$ObservationFilter.wrapFilter(ObservationFilterChainDecorator.java:240) ~[spring-security-web-6.3.9.jar:6.3.9]
	at org.springframework.security.web.ObservationFilterChainDecorator$ObservationFilter.doFilter(ObservationFilterChainDecorator.java:227) ~[spring-security-web-6.3.9.jar:6.3.9]
	at org.springframework.security.web.ObservationFilterChainDecorator$VirtualFilterChain.doFilter(ObservationFilterChainDecorator.java:137) ~[spring-security-web-6.3.9.jar:6.3.9]
	at org.springframework.security.web.session.DisableEncodeUrlFilter.doFilterInternal(DisableEncodeUrlFilter.java:42) ~[spring-security-web-6.3.9.jar:6.3.9]
	at org.springframework.web.filter.OncePerRequestFilter.doFilter(OncePerRequestFilter.java:116) ~[spring-web-6.1.20.jar:6.1.20]
	at org.springframework.security.web.ObservationFilterChainDecorator$ObservationFilter.wrapFilter(ObservationFilterChainDecorator.java:240) ~[spring-security-web-6.3.9.jar:6.3.9]
	at org.springframework.security.web.ObservationFilterChainDecorator$AroundFilterObservation$SimpleAroundFilterObservation.lambda$wrap$0(ObservationFilterChainDecorator.java:323) ~[spring-security-web-6.3.9.jar:6.3.9]
	at org.springframework.security.web.ObservationFilterChainDecorator$ObservationFilter.doFilter(ObservationFilterChainDecorator.java:224) ~[spring-security-web-6.3.9.jar:6.3.9]
	at org.springframework.security.web.ObservationFilterChainDecorator$VirtualFilterChain.doFilter(ObservationFilterChainDecorator.java:137) ~[spring-security-web-6.3.9.jar:6.3.9]
	at org.springframework.security.web.FilterChainProxy.doFilterInternal(FilterChainProxy.java:233) ~[spring-security-web-6.3.9.jar:6.3.9]
	at org.springframework.security.web.FilterChainProxy.doFilter(FilterChainProxy.java:191) ~[spring-security-web-6.3.9.jar:6.3.9]
	at org.springframework.web.filter.CompositeFilter$VirtualFilterChain.doFilter(CompositeFilter.java:113) ~[spring-web-6.1.20.jar:6.1.20]
	at org.springframework.web.servlet.handler.HandlerMappingIntrospector.lambda$createCacheFilter$3(HandlerMappingIntrospector.java:195) ~[spring-webmvc-6.1.20.jar:6.1.20]
	at org.springframework.web.filter.CompositeFilter$VirtualFilterChain.doFilter(CompositeFilter.java:113) ~[spring-web-6.1.20.jar:6.1.20]
	at org.springframework.web.filter.CompositeFilter.doFilter(CompositeFilter.java:74) ~[spring-web-6.1.20.jar:6.1.20]
	at org.springframework.security.config.annotation.web.configuration.WebMvcSecurityConfiguration$CompositeFilterChainProxy.doFilter(WebMvcSecurityConfiguration.java:230) ~[spring-security-config-6.3.9.jar:6.3.9]
	at org.springframework.web.filter.DelegatingFilterProxy.invokeDelegate(DelegatingFilterProxy.java:362) ~[spring-web-6.1.20.jar:6.1.20]
	at org.springframework.web.filter.DelegatingFilterProxy.doFilter(DelegatingFilterProxy.java:278) ~[spring-web-6.1.20.jar:6.1.20]
	at org.apache.catalina.core.ApplicationFilterChain.internalDoFilter(ApplicationFilterChain.java:164) ~[tomcat-embed-core-10.1.41.jar:10.1.41]
	at org.apache.catalina.core.ApplicationFilterChain.doFilter(ApplicationFilterChain.java:140) ~[tomcat-embed-core-10.1.41.jar:10.1.41]
	at org.springframework.web.filter.RequestContextFilter.doFilterInternal(RequestContextFilter.java:100) ~[spring-web-6.1.20.jar:6.1.20]
	at org.springframework.web.filter.OncePerRequestFilter.doFilter(OncePerRequestFilter.java:116) ~[spring-web-6.1.20.jar:6.1.20]
	at org.apache.catalina.core.ApplicationFilterChain.internalDoFilter(ApplicationFilterChain.java:164) ~[tomcat-embed-core-10.1.41.jar:10.1.41]
	at org.apache.catalina.core.ApplicationFilterChain.doFilter(ApplicationFilterChain.java:140) ~[tomcat-embed-core-10.1.41.jar:10.1.41]
	at org.springframework.web.filter.FormContentFilter.doFilterInternal(FormContentFilter.java:93) ~[spring-web-6.1.20.jar:6.1.20]
	at org.springframework.web.filter.OncePerRequestFilter.doFilter(OncePerRequestFilter.java:116) ~[spring-web-6.1.20.jar:6.1.20]
	at org.apache.catalina.core.ApplicationFilterChain.internalDoFilter(ApplicationFilterChain.java:164) ~[tomcat-embed-core-10.1.41.jar:10.1.41]
	at org.apache.catalina.core.ApplicationFilterChain.doFilter(ApplicationFilterChain.java:140) ~[tomcat-embed-core-10.1.41.jar:10.1.41]
	at org.springframework.web.filter.ServerHttpObservationFilter.doFilterInternal(ServerHttpObservationFilter.java:113) ~[spring-web-6.1.20.jar:6.1.20]
	at org.springframework.web.filter.OncePerRequestFilter.doFilter(OncePerRequestFilter.java:116) ~[spring-web-6.1.20.jar:6.1.20]
	at org.apache.catalina.core.ApplicationFilterChain.internalDoFilter(ApplicationFilterChain.java:164) ~[tomcat-embed-core-10.1.41.jar:10.1.41]
	at org.apache.catalina.core.ApplicationFilterChain.doFilter(ApplicationFilterChain.java:140) ~[tomcat-embed-core-10.1.41.jar:10.1.41]
	at org.springframework.web.filter.CharacterEncodingFilter.doFilterInternal(CharacterEncodingFilter.java:201) ~[spring-web-6.1.20.jar:6.1.20]
	at org.springframework.web.filter.OncePerRequestFilter.doFilter(OncePerRequestFilter.java:116) ~[spring-web-6.1.20.jar:6.1.20]
	at org.apache.catalina.core.ApplicationFilterChain.internalDoFilter(ApplicationFilterChain.java:164) ~[tomcat-embed-core-10.1.41.jar:10.1.41]
	at org.apache.catalina.core.ApplicationFilterChain.doFilter(ApplicationFilterChain.java:140) ~[tomcat-embed-core-10.1.41.jar:10.1.41]
	at org.apache.catalina.core.StandardWrapperValve.invoke(StandardWrapperValve.java:167) ~[tomcat-embed-core-10.1.41.jar:10.1.41]
	at org.apache.catalina.core.StandardContextValve.invoke(StandardContextValve.java:90) ~[tomcat-embed-core-10.1.41.jar:10.1.41]
	at org.apache.catalina.authenticator.AuthenticatorBase.invoke(AuthenticatorBase.java:483) ~[tomcat-embed-core-10.1.41.jar:10.1.41]
	at org.apache.catalina.core.StandardHostValve.invoke(StandardHostValve.java:116) ~[tomcat-embed-core-10.1.41.jar:10.1.41]
	at org.apache.catalina.valves.ErrorReportValve.invoke(ErrorReportValve.java:93) ~[tomcat-embed-core-10.1.41.jar:10.1.41]
	at org.apache.catalina.core.StandardEngineValve.invoke(StandardEngineValve.java:74) ~[tomcat-embed-core-10.1.41.jar:10.1.41]
	at org.apache.catalina.connector.CoyoteAdapter.service(CoyoteAdapter.java:344) ~[tomcat-embed-core-10.1.41.jar:10.1.41]
	at org.apache.coyote.http11.Http11Processor.service(Http11Processor.java:398) ~[tomcat-embed-core-10.1.41.jar:10.1.41]
	at org.apache.coyote.AbstractProcessorLight.process(AbstractProcessorLight.java:63) ~[tomcat-embed-core-10.1.41.jar:10.1.41]
	at org.apache.coyote.AbstractProtocol$ConnectionHandler.process(AbstractProtocol.java:903) ~[tomcat-embed-core-10.1.41.jar:10.1.41]
	at org.apache.tomcat.util.net.NioEndpoint$SocketProcessor.doRun(NioEndpoint.java:1740) ~[tomcat-embed-core-10.1.41.jar:10.1.41]
	at org.apache.tomcat.util.net.SocketProcessorBase.run(SocketProcessorBase.java:52) ~[tomcat-embed-core-10.1.41.jar:10.1.41]
	at org.apache.tomcat.util.threads.ThreadPoolExecutor.runWorker(ThreadPoolExecutor.java:1189) ~[tomcat-embed-core-10.1.41.jar:10.1.41]
	at org.apache.tomcat.util.threads.ThreadPoolExecutor$Worker.run(ThreadPoolExecutor.java:658) ~[tomcat-embed-core-10.1.41.jar:10.1.41]
	at org.apache.tomcat.util.threads.TaskThread$WrappingRunnable.run(TaskThread.java:63) ~[tomcat-embed-core-10.1.41.jar:10.1.41]
	at java.base/java.lang.Thread.run(Thread.java:842) ~[na:na]

2026-06-12T10:03:24.365+09:00 DEBUG 17984 --- [quality-service] [http-nio-8083-exec-1] org.hibernate.SQL                        : select isd1_0.id,isd1_0.att,isd1_0.battery_voltage,isd1_0.car_code,isd1_0.created_at,isd1_0.fuel_rate,isd1_0.gear,isd1_0.inspection_no,isd1_0.inspection_result,isd1_0.issue_message,isd1_0.speed,isd1_0.status_score,isd1_0.vehicle_id from inspection_status_detail isd1_0
2026-06-12T10:03:24.371+09:00 DEBUG 17984 --- [quality-service] [http-nio-8083-exec-7] org.hibernate.SQL                        : select is1_0.id,is1_0.abnormal_count,is1_0.abnormal_rate,is1_0.created_at,is1_0.normal_count,is1_0.normal_rate,is1_0.stanby_count,is1_0.total_count from inspection_summary is1_0
2026-06-12T10:03:24.405+09:00 DEBUG 17984 --- [quality-service] [http-nio-8083-exec-10] org.hibernate.SQL                        : select idd1_0.id,idd1_0.brake_pressure,idd1_0.car_code,idd1_0.created_at,idd1_0.drive_score,idd1_0.driving_pattern,idd1_0.inspection_no,idd1_0.inspection_result,idd1_0.issue_message,idd1_0.steering_angle,idd1_0.throttle_position,idd1_0.vehicle_id from inspection_drive_detail idd1_0
2026-06-12T10:03:24.486+09:00 DEBUG 17984 --- [quality-service] [http-nio-8083-exec-5] org.hibernate.SQL                        : select irh1_0.id,irh1_0.inspection_type,irh1_0.record_time,irh1_0.risk_score from inspection_risk_history irh1_0
2026-06-12T10:03:24.568+09:00  WARN 17984 --- [quality-service] [http-nio-8083-exec-5] o.h.engine.jdbc.spi.SqlExceptionHelper   : SQL Error: 0, SQLState: 22018
2026-06-12T10:03:24.568+09:00 ERROR 17984 --- [quality-service] [http-nio-8083-exec-5] o.h.engine.jdbc.spi.SqlExceptionHelper   : Cannot convert string '2026-06-01 1:00' to java.sql.Timestamp value
2026-06-12T10:03:24.702+09:00 ERROR 17984 --- [quality-service] [http-nio-8083-exec-5] o.a.c.c.C.[.[.[/].[dispatcherServlet]    : Servlet.service() for servlet [dispatcherServlet] in context with path [] threw exception [Request processing failed: org.springframework.dao.DataIntegrityViolationException: Could not extract column [3] from JDBC ResultSet [Cannot convert string '2026-06-01 1:00' to java.sql.Timestamp value] [n/a]; SQL [n/a]] with root cause

com.mysql.cj.exceptions.DataConversionException: Cannot convert string '2026-06-01 1:00' to java.sql.Timestamp value
	at com.mysql.cj.result.AbstractDateTimeValueFactory.createFromBytes(AbstractDateTimeValueFactory.java:139) ~[mysql-connector-j-8.3.0.jar:8.3.0]
	at com.mysql.cj.protocol.a.MysqlTextValueDecoder.decodeByteArray(MysqlTextValueDecoder.java:159) ~[mysql-connector-j-8.3.0.jar:8.3.0]
	at com.mysql.cj.protocol.result.AbstractResultsetRow.decodeAndCreateReturnValue(AbstractResultsetRow.java:136) ~[mysql-connector-j-8.3.0.jar:8.3.0]
	at com.mysql.cj.protocol.result.AbstractResultsetRow.getValueFromBytes(AbstractResultsetRow.java:244) ~[mysql-connector-j-8.3.0.jar:8.3.0]
	at com.mysql.cj.protocol.a.result.ByteArrayRow.getValue(ByteArrayRow.java:91) ~[mysql-connector-j-8.3.0.jar:8.3.0]
	at com.mysql.cj.jdbc.result.ResultSetImpl.getTimestamp(ResultSetImpl.java:943) ~[mysql-connector-j-8.3.0.jar:8.3.0]
	at com.zaxxer.hikari.pool.HikariProxyResultSet.getTimestamp(HikariProxyResultSet.java) ~[HikariCP-5.1.0.jar:na]
	at org.hibernate.type.descriptor.jdbc.TimestampJdbcType$2.doExtract(TimestampJdbcType.java:111) ~[hibernate-core-6.5.3.Final.jar:6.5.3.Final]
	at org.hibernate.type.descriptor.jdbc.BasicExtractor.extract(BasicExtractor.java:44) ~[hibernate-core-6.5.3.Final.jar:6.5.3.Final]
	at org.hibernate.sql.results.jdbc.internal.JdbcValuesResultSetImpl.getCurrentRowValue(JdbcValuesResultSetImpl.java:379) ~[hibernate-core-6.5.3.Final.jar:6.5.3.Final]
	at org.hibernate.sql.results.internal.RowProcessingStateStandardImpl.getJdbcValue(RowProcessingStateStandardImpl.java:120) ~[hibernate-core-6.5.3.Final.jar:6.5.3.Final]
	at org.hibernate.sql.results.graph.basic.BasicResultAssembler.extractRawValue(BasicResultAssembler.java:52) ~[hibernate-core-6.5.3.Final.jar:6.5.3.Final]
	at org.hibernate.sql.results.graph.basic.BasicResultAssembler.assemble(BasicResultAssembler.java:59) ~[hibernate-core-6.5.3.Final.jar:6.5.3.Final]
	at org.hibernate.sql.results.graph.DomainResultAssembler.assemble(DomainResultAssembler.java:35) ~[hibernate-core-6.5.3.Final.jar:6.5.3.Final]
	at org.hibernate.sql.results.graph.entity.AbstractEntityInitializer.extractConcreteTypeStateValues(AbstractEntityInitializer.java:1038) ~[hibernate-core-6.5.3.Final.jar:6.5.3.Final]
	at org.hibernate.sql.results.graph.entity.AbstractEntityInitializer.initializeEntityInstance(AbstractEntityInitializer.java:795) ~[hibernate-core-6.5.3.Final.jar:6.5.3.Final]
	at org.hibernate.sql.results.graph.entity.AbstractEntityInitializer.initializeEntity(AbstractEntityInitializer.java:770) ~[hibernate-core-6.5.3.Final.jar:6.5.3.Final]
	at org.hibernate.sql.results.graph.entity.AbstractEntityInitializer.initializeInstance(AbstractEntityInitializer.java:762) ~[hibernate-core-6.5.3.Final.jar:6.5.3.Final]
	at org.hibernate.sql.results.internal.InitializersList.initializeInstance(InitializersList.java:73) ~[hibernate-core-6.5.3.Final.jar:6.5.3.Final]
	at org.hibernate.sql.results.internal.StandardRowReader.coordinateInitializers(StandardRowReader.java:113) ~[hibernate-core-6.5.3.Final.jar:6.5.3.Final]
	at org.hibernate.sql.results.internal.StandardRowReader.readRow(StandardRowReader.java:87) ~[hibernate-core-6.5.3.Final.jar:6.5.3.Final]
	at org.hibernate.sql.results.spi.ListResultsConsumer.consume(ListResultsConsumer.java:205) ~[hibernate-core-6.5.3.Final.jar:6.5.3.Final]
	at org.hibernate.sql.results.spi.ListResultsConsumer.consume(ListResultsConsumer.java:33) ~[hibernate-core-6.5.3.Final.jar:6.5.3.Final]
	at org.hibernate.sql.exec.internal.JdbcSelectExecutorStandardImpl.doExecuteQuery(JdbcSelectExecutorStandardImpl.java:211) ~[hibernate-core-6.5.3.Final.jar:6.5.3.Final]
	at org.hibernate.sql.exec.internal.JdbcSelectExecutorStandardImpl.executeQuery(JdbcSelectExecutorStandardImpl.java:83) ~[hibernate-core-6.5.3.Final.jar:6.5.3.Final]
	at org.hibernate.sql.exec.spi.JdbcSelectExecutor.list(JdbcSelectExecutor.java:76) ~[hibernate-core-6.5.3.Final.jar:6.5.3.Final]
	at org.hibernate.sql.exec.spi.JdbcSelectExecutor.list(JdbcSelectExecutor.java:65) ~[hibernate-core-6.5.3.Final.jar:6.5.3.Final]
	at org.hibernate.query.sqm.internal.ConcreteSqmSelectQueryPlan.lambda$new$2(ConcreteSqmSelectQueryPlan.java:139) ~[hibernate-core-6.5.3.Final.jar:6.5.3.Final]
	at org.hibernate.query.sqm.internal.ConcreteSqmSelectQueryPlan.withCacheableSqmInterpretation(ConcreteSqmSelectQueryPlan.java:382) ~[hibernate-core-6.5.3.Final.jar:6.5.3.Final]
	at org.hibernate.query.sqm.internal.ConcreteSqmSelectQueryPlan.performList(ConcreteSqmSelectQueryPlan.java:302) ~[hibernate-core-6.5.3.Final.jar:6.5.3.Final]
	at org.hibernate.query.sqm.internal.QuerySqmImpl.doList(QuerySqmImpl.java:526) ~[hibernate-core-6.5.3.Final.jar:6.5.3.Final]
	at org.hibernate.query.spi.AbstractSelectionQuery.list(AbstractSelectionQuery.java:423) ~[hibernate-core-6.5.3.Final.jar:6.5.3.Final]
	at org.hibernate.query.Query.getResultList(Query.java:120) ~[hibernate-core-6.5.3.Final.jar:6.5.3.Final]
	at org.springframework.data.jpa.repository.support.SimpleJpaRepository.findAll(SimpleJpaRepository.java:395) ~[spring-data-jpa-3.3.12.jar:3.3.12]
	at jdk.internal.reflect.GeneratedMethodAccessor110.invoke(Unknown Source) ~[na:na]
	at java.base/jdk.internal.reflect.DelegatingMethodAccessorImpl.invoke(DelegatingMethodAccessorImpl.java:43) ~[na:na]
	at java.base/java.lang.reflect.Method.invoke(Method.java:568) ~[na:na]
	at org.springframework.aop.support.AopUtils.invokeJoinpointUsingReflection(AopUtils.java:355) ~[spring-aop-6.1.20.jar:6.1.20]
	at org.springframework.data.repository.core.support.RepositoryMethodInvoker$RepositoryFragmentMethodInvoker.lambda$new$0(RepositoryMethodInvoker.java:277) ~[spring-data-commons-3.3.12.jar:3.3.12]
	at org.springframework.data.repository.core.support.RepositoryMethodInvoker.doInvoke(RepositoryMethodInvoker.java:170) ~[spring-data-commons-3.3.12.jar:3.3.12]
	at org.springframework.data.repository.core.support.RepositoryMethodInvoker.invoke(RepositoryMethodInvoker.java:158) ~[spring-data-commons-3.3.12.jar:3.3.12]
	at org.springframework.data.repository.core.support.RepositoryComposition$RepositoryFragments.invoke(RepositoryComposition.java:516) ~[spring-data-commons-3.3.12.jar:3.3.12]
	at org.springframework.data.repository.core.support.RepositoryComposition.invoke(RepositoryComposition.java:285) ~[spring-data-commons-3.3.12.jar:3.3.12]
	at org.springframework.data.repository.core.support.RepositoryFactorySupport$ImplementationMethodExecutionInterceptor.invoke(RepositoryFactorySupport.java:628) ~[spring-data-commons-3.3.12.jar:3.3.12]
	at org.springframework.aop.framework.ReflectiveMethodInvocation.proceed(ReflectiveMethodInvocation.java:184) ~[spring-aop-6.1.20.jar:6.1.20]
	at org.springframework.data.repository.core.support.QueryExecutorMethodInterceptor.doInvoke(QueryExecutorMethodInterceptor.java:173) ~[spring-data-commons-3.3.12.jar:3.3.12]
	at org.springframework.data.repository.core.support.QueryExecutorMethodInterceptor.invoke(QueryExecutorMethodInterceptor.java:148) ~[spring-data-commons-3.3.12.jar:3.3.12]
	at org.springframework.aop.framework.ReflectiveMethodInvocation.proceed(ReflectiveMethodInvocation.java:184) ~[spring-aop-6.1.20.jar:6.1.20]
	at org.springframework.data.projection.DefaultMethodInvokingMethodInterceptor.invoke(DefaultMethodInvokingMethodInterceptor.java:70) ~[spring-data-commons-3.3.12.jar:3.3.12]
	at org.springframework.aop.framework.ReflectiveMethodInvocation.proceed(ReflectiveMethodInvocation.java:184) ~[spring-aop-6.1.20.jar:6.1.20]
	at org.springframework.transaction.interceptor.TransactionAspectSupport.invokeWithinTransaction(TransactionAspectSupport.java:379) ~[spring-tx-6.1.20.jar:6.1.20]
	at org.springframework.transaction.interceptor.TransactionInterceptor.invoke(TransactionInterceptor.java:119) ~[spring-tx-6.1.20.jar:6.1.20]
	at org.springframework.aop.framework.ReflectiveMethodInvocation.proceed(ReflectiveMethodInvocation.java:184) ~[spring-aop-6.1.20.jar:6.1.20]
	at org.springframework.dao.support.PersistenceExceptionTranslationInterceptor.invoke(PersistenceExceptionTranslationInterceptor.java:138) ~[spring-tx-6.1.20.jar:6.1.20]
	at org.springframework.aop.framework.ReflectiveMethodInvocation.proceed(ReflectiveMethodInvocation.java:184) ~[spring-aop-6.1.20.jar:6.1.20]
	at org.springframework.data.jpa.repository.support.CrudMethodMetadataPostProcessor$CrudMethodMetadataPopulatingMethodInterceptor.invoke(CrudMethodMetadataPostProcessor.java:165) ~[spring-data-jpa-3.3.12.jar:3.3.12]
	at org.springframework.aop.framework.ReflectiveMethodInvocation.proceed(ReflectiveMethodInvocation.java:184) ~[spring-aop-6.1.20.jar:6.1.20]
	at org.springframework.aop.interceptor.ExposeInvocationInterceptor.invoke(ExposeInvocationInterceptor.java:97) ~[spring-aop-6.1.20.jar:6.1.20]
	at org.springframework.aop.framework.ReflectiveMethodInvocation.proceed(ReflectiveMethodInvocation.java:184) ~[spring-aop-6.1.20.jar:6.1.20]
	at org.springframework.aop.framework.JdkDynamicAopProxy.invoke(JdkDynamicAopProxy.java:223) ~[spring-aop-6.1.20.jar:6.1.20]
	at jdk.proxy2/jdk.proxy2.$Proxy141.findAll(Unknown Source) ~[na:na]
	at com.aims.quality.main_db.controller.InspectionRiskHistoryController.getRiskHistoryList(InspectionRiskHistoryController.java:22) ~[main/:na]
	at java.base/jdk.internal.reflect.NativeMethodAccessorImpl.invoke0(Native Method) ~[na:na]
	at java.base/jdk.internal.reflect.NativeMethodAccessorImpl.invoke(NativeMethodAccessorImpl.java:77) ~[na:na]
	at java.base/jdk.internal.reflect.DelegatingMethodAccessorImpl.invoke(DelegatingMethodAccessorImpl.java:43) ~[na:na]
	at java.base/java.lang.reflect.Method.invoke(Method.java:568) ~[na:na]
	at org.springframework.web.method.support.InvocableHandlerMethod.doInvoke(InvocableHandlerMethod.java:255) ~[spring-web-6.1.20.jar:6.1.20]
	at org.springframework.web.method.support.InvocableHandlerMethod.invokeForRequest(InvocableHandlerMethod.java:188) ~[spring-web-6.1.20.jar:6.1.20]
	at org.springframework.web.servlet.mvc.method.annotation.ServletInvocableHandlerMethod.invokeAndHandle(ServletInvocableHandlerMethod.java:118) ~[spring-webmvc-6.1.20.jar:6.1.20]
	at org.springframework.web.servlet.mvc.method.annotation.RequestMappingHandlerAdapter.invokeHandlerMethod(RequestMappingHandlerAdapter.java:926) ~[spring-webmvc-6.1.20.jar:6.1.20]
	at org.springframework.web.servlet.mvc.method.annotation.RequestMappingHandlerAdapter.handleInternal(RequestMappingHandlerAdapter.java:831) ~[spring-webmvc-6.1.20.jar:6.1.20]
	at org.springframework.web.servlet.mvc.method.AbstractHandlerMethodAdapter.handle(AbstractHandlerMethodAdapter.java:87) ~[spring-webmvc-6.1.20.jar:6.1.20]
	at org.springframework.web.servlet.DispatcherServlet.doDispatch(DispatcherServlet.java:1089) ~[spring-webmvc-6.1.20.jar:6.1.20]
	at org.springframework.web.servlet.DispatcherServlet.doService(DispatcherServlet.java:979) ~[spring-webmvc-6.1.20.jar:6.1.20]
	at org.springframework.web.servlet.FrameworkServlet.processRequest(FrameworkServlet.java:1014) ~[spring-webmvc-6.1.20.jar:6.1.20]
	at org.springframework.web.servlet.FrameworkServlet.doGet(FrameworkServlet.java:903) ~[spring-webmvc-6.1.20.jar:6.1.20]
	at jakarta.servlet.http.HttpServlet.service(HttpServlet.java:564) ~[tomcat-embed-core-10.1.41.jar:6.0]
	at org.springframework.web.servlet.FrameworkServlet.service(FrameworkServlet.java:885) ~[spring-webmvc-6.1.20.jar:6.1.20]
	at jakarta.servlet.http.HttpServlet.service(HttpServlet.java:658) ~[tomcat-embed-core-10.1.41.jar:6.0]
	at org.apache.catalina.core.ApplicationFilterChain.internalDoFilter(ApplicationFilterChain.java:195) ~[tomcat-embed-core-10.1.41.jar:10.1.41]
	at org.apache.catalina.core.ApplicationFilterChain.doFilter(ApplicationFilterChain.java:140) ~[tomcat-embed-core-10.1.41.jar:10.1.41]
	at org.apache.tomcat.websocket.server.WsFilter.doFilter(WsFilter.java:51) ~[tomcat-embed-websocket-10.1.41.jar:10.1.41]
	at org.apache.catalina.core.ApplicationFilterChain.internalDoFilter(ApplicationFilterChain.java:164) ~[tomcat-embed-core-10.1.41.jar:10.1.41]
	at org.apache.catalina.core.ApplicationFilterChain.doFilter(ApplicationFilterChain.java:140) ~[tomcat-embed-core-10.1.41.jar:10.1.41]
	at org.springframework.web.filter.OncePerRequestFilter.doFilter(OncePerRequestFilter.java:110) ~[spring-web-6.1.20.jar:6.1.20]
	at org.apache.catalina.core.ApplicationFilterChain.internalDoFilter(ApplicationFilterChain.java:164) ~[tomcat-embed-core-10.1.41.jar:10.1.41]
	at org.apache.catalina.core.ApplicationFilterChain.doFilter(ApplicationFilterChain.java:140) ~[tomcat-embed-core-10.1.41.jar:10.1.41]
	at org.springframework.web.filter.CompositeFilter$VirtualFilterChain.doFilter(CompositeFilter.java:108) ~[spring-web-6.1.20.jar:6.1.20]
	at org.springframework.security.web.FilterChainProxy.lambda$doFilterInternal$3(FilterChainProxy.java:231) ~[spring-security-web-6.3.9.jar:6.3.9]
	at org.springframework.security.web.ObservationFilterChainDecorator$FilterObservation$SimpleFilterObservation.lambda$wrap$1(ObservationFilterChainDecorator.java:479) ~[spring-security-web-6.3.9.jar:6.3.9]
	at org.springframework.security.web.ObservationFilterChainDecorator$AroundFilterObservation$SimpleAroundFilterObservation.lambda$wrap$1(ObservationFilterChainDecorator.java:340) ~[spring-security-web-6.3.9.jar:6.3.9]
	at org.springframework.security.web.ObservationFilterChainDecorator.lambda$wrapSecured$0(ObservationFilterChainDecorator.java:82) ~[spring-security-web-6.3.9.jar:6.3.9]
	at org.springframework.security.web.ObservationFilterChainDecorator$VirtualFilterChain.doFilter(ObservationFilterChainDecorator.java:128) ~[spring-security-web-6.3.9.jar:6.3.9]
	at org.springframework.security.web.access.intercept.AuthorizationFilter.doFilter(AuthorizationFilter.java:100) ~[spring-security-web-6.3.9.jar:6.3.9]
	at org.springframework.security.web.ObservationFilterChainDecorator$ObservationFilter.wrapFilter(ObservationFilterChainDecorator.java:240) ~[spring-security-web-6.3.9.jar:6.3.9]
	at org.springframework.security.web.ObservationFilterChainDecorator$ObservationFilter.doFilter(ObservationFilterChainDecorator.java:227) ~[spring-security-web-6.3.9.jar:6.3.9]
	at org.springframework.security.web.ObservationFilterChainDecorator$VirtualFilterChain.doFilter(ObservationFilterChainDecorator.java:137) ~[spring-security-web-6.3.9.jar:6.3.9]
	at org.springframework.security.web.access.ExceptionTranslationFilter.doFilter(ExceptionTranslationFilter.java:126) ~[spring-security-web-6.3.9.jar:6.3.9]
	at org.springframework.security.web.access.ExceptionTranslationFilter.doFilter(ExceptionTranslationFilter.java:120) ~[spring-security-web-6.3.9.jar:6.3.9]
	at org.springframework.security.web.ObservationFilterChainDecorator$ObservationFilter.wrapFilter(ObservationFilterChainDecorator.java:240) ~[spring-security-web-6.3.9.jar:6.3.9]
	at org.springframework.security.web.ObservationFilterChainDecorator$ObservationFilter.doFilter(ObservationFilterChainDecorator.java:227) ~[spring-security-web-6.3.9.jar:6.3.9]
	at org.springframework.security.web.ObservationFilterChainDecorator$VirtualFilterChain.doFilter(ObservationFilterChainDecorator.java:137) ~[spring-security-web-6.3.9.jar:6.3.9]
	at org.springframework.security.web.authentication.AnonymousAuthenticationFilter.doFilter(AnonymousAuthenticationFilter.java:100) ~[spring-security-web-6.3.9.jar:6.3.9]
	at org.springframework.security.web.ObservationFilterChainDecorator$ObservationFilter.wrapFilter(ObservationFilterChainDecorator.java:240) ~[spring-security-web-6.3.9.jar:6.3.9]
	at org.springframework.security.web.ObservationFilterChainDecorator$ObservationFilter.doFilter(ObservationFilterChainDecorator.java:227) ~[spring-security-web-6.3.9.jar:6.3.9]
	at org.springframework.security.web.ObservationFilterChainDecorator$VirtualFilterChain.doFilter(ObservationFilterChainDecorator.java:137) ~[spring-security-web-6.3.9.jar:6.3.9]
	at org.springframework.security.web.servletapi.SecurityContextHolderAwareRequestFilter.doFilter(SecurityContextHolderAwareRequestFilter.java:179) ~[spring-security-web-6.3.9.jar:6.3.9]
	at org.springframework.security.web.ObservationFilterChainDecorator$ObservationFilter.wrapFilter(ObservationFilterChainDecorator.java:240) ~[spring-security-web-6.3.9.jar:6.3.9]
	at org.springframework.security.web.ObservationFilterChainDecorator$ObservationFilter.doFilter(ObservationFilterChainDecorator.java:227) ~[spring-security-web-6.3.9.jar:6.3.9]
	at org.springframework.security.web.ObservationFilterChainDecorator$VirtualFilterChain.doFilter(ObservationFilterChainDecorator.java:137) ~[spring-security-web-6.3.9.jar:6.3.9]
	at org.springframework.security.web.savedrequest.RequestCacheAwareFilter.doFilter(RequestCacheAwareFilter.java:63) ~[spring-security-web-6.3.9.jar:6.3.9]
	at org.springframework.security.web.ObservationFilterChainDecorator$ObservationFilter.wrapFilter(ObservationFilterChainDecorator.java:240) ~[spring-security-web-6.3.9.jar:6.3.9]
	at org.springframework.security.web.ObservationFilterChainDecorator$ObservationFilter.doFilter(ObservationFilterChainDecorator.java:227) ~[spring-security-web-6.3.9.jar:6.3.9]
	at org.springframework.security.web.ObservationFilterChainDecorator$VirtualFilterChain.doFilter(ObservationFilterChainDecorator.java:137) ~[spring-security-web-6.3.9.jar:6.3.9]
	at org.springframework.security.web.authentication.logout.LogoutFilter.doFilter(LogoutFilter.java:107) ~[spring-security-web-6.3.9.jar:6.3.9]
	at org.springframework.security.web.authentication.logout.LogoutFilter.doFilter(LogoutFilter.java:93) ~[spring-security-web-6.3.9.jar:6.3.9]
	at org.springframework.security.web.ObservationFilterChainDecorator$ObservationFilter.wrapFilter(ObservationFilterChainDecorator.java:240) ~[spring-security-web-6.3.9.jar:6.3.9]
	at org.springframework.security.web.ObservationFilterChainDecorator$ObservationFilter.doFilter(ObservationFilterChainDecorator.java:227) ~[spring-security-web-6.3.9.jar:6.3.9]
	at org.springframework.security.web.ObservationFilterChainDecorator$VirtualFilterChain.doFilter(ObservationFilterChainDecorator.java:137) ~[spring-security-web-6.3.9.jar:6.3.9]
	at org.springframework.web.filter.CorsFilter.doFilterInternal(CorsFilter.java:91) ~[spring-web-6.1.20.jar:6.1.20]
	at org.springframework.web.filter.OncePerRequestFilter.doFilter(OncePerRequestFilter.java:116) ~[spring-web-6.1.20.jar:6.1.20]
	at org.springframework.security.web.ObservationFilterChainDecorator$ObservationFilter.wrapFilter(ObservationFilterChainDecorator.java:240) ~[spring-security-web-6.3.9.jar:6.3.9]
	at org.springframework.security.web.ObservationFilterChainDecorator$ObservationFilter.doFilter(ObservationFilterChainDecorator.java:227) ~[spring-security-web-6.3.9.jar:6.3.9]
	at org.springframework.security.web.ObservationFilterChainDecorator$VirtualFilterChain.doFilter(ObservationFilterChainDecorator.java:137) ~[spring-security-web-6.3.9.jar:6.3.9]
	at org.springframework.security.web.header.HeaderWriterFilter.doHeadersAfter(HeaderWriterFilter.java:90) ~[spring-security-web-6.3.9.jar:6.3.9]
	at org.springframework.security.web.header.HeaderWriterFilter.doFilterInternal(HeaderWriterFilter.java:75) ~[spring-security-web-6.3.9.jar:6.3.9]
	at org.springframework.web.filter.OncePerRequestFilter.doFilter(OncePerRequestFilter.java:116) ~[spring-web-6.1.20.jar:6.1.20]
	at org.springframework.security.web.ObservationFilterChainDecorator$ObservationFilter.wrapFilter(ObservationFilterChainDecorator.java:240) ~[spring-security-web-6.3.9.jar:6.3.9]
	at org.springframework.security.web.ObservationFilterChainDecorator$ObservationFilter.doFilter(ObservationFilterChainDecorator.java:227) ~[spring-security-web-6.3.9.jar:6.3.9]
	at org.springframework.security.web.ObservationFilterChainDecorator$VirtualFilterChain.doFilter(ObservationFilterChainDecorator.java:137) ~[spring-security-web-6.3.9.jar:6.3.9]
	at org.springframework.security.web.context.SecurityContextHolderFilter.doFilter(SecurityContextHolderFilter.java:82) ~[spring-security-web-6.3.9.jar:6.3.9]
	at org.springframework.security.web.context.SecurityContextHolderFilter.doFilter(SecurityContextHolderFilter.java:69) ~[spring-security-web-6.3.9.jar:6.3.9]
	at org.springframework.security.web.ObservationFilterChainDecorator$ObservationFilter.wrapFilter(ObservationFilterChainDecorator.java:240) ~[spring-security-web-6.3.9.jar:6.3.9]
	at org.springframework.security.web.ObservationFilterChainDecorator$ObservationFilter.doFilter(ObservationFilterChainDecorator.java:227) ~[spring-security-web-6.3.9.jar:6.3.9]
	at org.springframework.security.web.ObservationFilterChainDecorator$VirtualFilterChain.doFilter(ObservationFilterChainDecorator.java:137) ~[spring-security-web-6.3.9.jar:6.3.9]
	at org.springframework.security.web.context.request.async.WebAsyncManagerIntegrationFilter.doFilterInternal(WebAsyncManagerIntegrationFilter.java:62) ~[spring-security-web-6.3.9.jar:6.3.9]
	at org.springframework.web.filter.OncePerRequestFilter.doFilter(OncePerRequestFilter.java:116) ~[spring-web-6.1.20.jar:6.1.20]
	at org.springframework.security.web.ObservationFilterChainDecorator$ObservationFilter.wrapFilter(ObservationFilterChainDecorator.java:240) ~[spring-security-web-6.3.9.jar:6.3.9]
	at org.springframework.security.web.ObservationFilterChainDecorator$ObservationFilter.doFilter(ObservationFilterChainDecorator.java:227) ~[spring-security-web-6.3.9.jar:6.3.9]
	at org.springframework.security.web.ObservationFilterChainDecorator$VirtualFilterChain.doFilter(ObservationFilterChainDecorator.java:137) ~[spring-security-web-6.3.9.jar:6.3.9]
	at org.springframework.security.web.session.DisableEncodeUrlFilter.doFilterInternal(DisableEncodeUrlFilter.java:42) ~[spring-security-web-6.3.9.jar:6.3.9]
	at org.springframework.web.filter.OncePerRequestFilter.doFilter(OncePerRequestFilter.java:116) ~[spring-web-6.1.20.jar:6.1.20]
	at org.springframework.security.web.ObservationFilterChainDecorator$ObservationFilter.wrapFilter(ObservationFilterChainDecorator.java:240) ~[spring-security-web-6.3.9.jar:6.3.9]
	at org.springframework.security.web.ObservationFilterChainDecorator$AroundFilterObservation$SimpleAroundFilterObservation.lambda$wrap$0(ObservationFilterChainDecorator.java:323) ~[spring-security-web-6.3.9.jar:6.3.9]
	at org.springframework.security.web.ObservationFilterChainDecorator$ObservationFilter.doFilter(ObservationFilterChainDecorator.java:224) ~[spring-security-web-6.3.9.jar:6.3.9]
	at org.springframework.security.web.ObservationFilterChainDecorator$VirtualFilterChain.doFilter(ObservationFilterChainDecorator.java:137) ~[spring-security-web-6.3.9.jar:6.3.9]
	at org.springframework.security.web.FilterChainProxy.doFilterInternal(FilterChainProxy.java:233) ~[spring-security-web-6.3.9.jar:6.3.9]
	at org.springframework.security.web.FilterChainProxy.doFilter(FilterChainProxy.java:191) ~[spring-security-web-6.3.9.jar:6.3.9]
	at org.springframework.web.filter.CompositeFilter$VirtualFilterChain.doFilter(CompositeFilter.java:113) ~[spring-web-6.1.20.jar:6.1.20]
	at org.springframework.web.servlet.handler.HandlerMappingIntrospector.lambda$createCacheFilter$3(HandlerMappingIntrospector.java:195) ~[spring-webmvc-6.1.20.jar:6.1.20]
	at org.springframework.web.filter.CompositeFilter$VirtualFilterChain.doFilter(CompositeFilter.java:113) ~[spring-web-6.1.20.jar:6.1.20]
	at org.springframework.web.filter.CompositeFilter.doFilter(CompositeFilter.java:74) ~[spring-web-6.1.20.jar:6.1.20]
	at org.springframework.security.config.annotation.web.configuration.WebMvcSecurityConfiguration$CompositeFilterChainProxy.doFilter(WebMvcSecurityConfiguration.java:230) ~[spring-security-config-6.3.9.jar:6.3.9]
	at org.springframework.web.filter.DelegatingFilterProxy.invokeDelegate(DelegatingFilterProxy.java:362) ~[spring-web-6.1.20.jar:6.1.20]
	at org.springframework.web.filter.DelegatingFilterProxy.doFilter(DelegatingFilterProxy.java:278) ~[spring-web-6.1.20.jar:6.1.20]
	at org.apache.catalina.core.ApplicationFilterChain.internalDoFilter(ApplicationFilterChain.java:164) ~[tomcat-embed-core-10.1.41.jar:10.1.41]
	at org.apache.catalina.core.ApplicationFilterChain.doFilter(ApplicationFilterChain.java:140) ~[tomcat-embed-core-10.1.41.jar:10.1.41]
	at org.springframework.web.filter.RequestContextFilter.doFilterInternal(RequestContextFilter.java:100) ~[spring-web-6.1.20.jar:6.1.20]
	at org.springframework.web.filter.OncePerRequestFilter.doFilter(OncePerRequestFilter.java:116) ~[spring-web-6.1.20.jar:6.1.20]
	at org.apache.catalina.core.ApplicationFilterChain.internalDoFilter(ApplicationFilterChain.java:164) ~[tomcat-embed-core-10.1.41.jar:10.1.41]
	at org.apache.catalina.core.ApplicationFilterChain.doFilter(ApplicationFilterChain.java:140) ~[tomcat-embed-core-10.1.41.jar:10.1.41]
	at org.springframework.web.filter.FormContentFilter.doFilterInternal(FormContentFilter.java:93) ~[spring-web-6.1.20.jar:6.1.20]
	at org.springframework.web.filter.OncePerRequestFilter.doFilter(OncePerRequestFilter.java:116) ~[spring-web-6.1.20.jar:6.1.20]
	at org.apache.catalina.core.ApplicationFilterChain.internalDoFilter(ApplicationFilterChain.java:164) ~[tomcat-embed-core-10.1.41.jar:10.1.41]
	at org.apache.catalina.core.ApplicationFilterChain.doFilter(ApplicationFilterChain.java:140) ~[tomcat-embed-core-10.1.41.jar:10.1.41]
	at org.springframework.web.filter.ServerHttpObservationFilter.doFilterInternal(ServerHttpObservationFilter.java:113) ~[spring-web-6.1.20.jar:6.1.20]
	at org.springframework.web.filter.OncePerRequestFilter.doFilter(OncePerRequestFilter.java:116) ~[spring-web-6.1.20.jar:6.1.20]
	at org.apache.catalina.core.ApplicationFilterChain.internalDoFilter(ApplicationFilterChain.java:164) ~[tomcat-embed-core-10.1.41.jar:10.1.41]
	at org.apache.catalina.core.ApplicationFilterChain.doFilter(ApplicationFilterChain.java:140) ~[tomcat-embed-core-10.1.41.jar:10.1.41]
	at org.springframework.web.filter.CharacterEncodingFilter.doFilterInternal(CharacterEncodingFilter.java:201) ~[spring-web-6.1.20.jar:6.1.20]
	at org.springframework.web.filter.OncePerRequestFilter.doFilter(OncePerRequestFilter.java:116) ~[spring-web-6.1.20.jar:6.1.20]
	at org.apache.catalina.core.ApplicationFilterChain.internalDoFilter(ApplicationFilterChain.java:164) ~[tomcat-embed-core-10.1.41.jar:10.1.41]
	at org.apache.catalina.core.ApplicationFilterChain.doFilter(ApplicationFilterChain.java:140) ~[tomcat-embed-core-10.1.41.jar:10.1.41]
	at org.apache.catalina.core.StandardWrapperValve.invoke(StandardWrapperValve.java:167) ~[tomcat-embed-core-10.1.41.jar:10.1.41]
	at org.apache.catalina.core.StandardContextValve.invoke(StandardContextValve.java:90) ~[tomcat-embed-core-10.1.41.jar:10.1.41]
	at org.apache.catalina.authenticator.AuthenticatorBase.invoke(AuthenticatorBase.java:483) ~[tomcat-embed-core-10.1.41.jar:10.1.41]
	at org.apache.catalina.core.StandardHostValve.invoke(StandardHostValve.java:116) ~[tomcat-embed-core-10.1.41.jar:10.1.41]
	at org.apache.catalina.valves.ErrorReportValve.invoke(ErrorReportValve.java:93) ~[tomcat-embed-core-10.1.41.jar:10.1.41]
	at org.apache.catalina.core.StandardEngineValve.invoke(StandardEngineValve.java:74) ~[tomcat-embed-core-10.1.41.jar:10.1.41]
	at org.apache.catalina.connector.CoyoteAdapter.service(CoyoteAdapter.java:344) ~[tomcat-embed-core-10.1.41.jar:10.1.41]
	at org.apache.coyote.http11.Http11Processor.service(Http11Processor.java:398) ~[tomcat-embed-core-10.1.41.jar:10.1.41]
	at org.apache.coyote.AbstractProcessorLight.process(AbstractProcessorLight.java:63) ~[tomcat-embed-core-10.1.41.jar:10.1.41]
	at org.apache.coyote.AbstractProtocol$ConnectionHandler.process(AbstractProtocol.java:903) ~[tomcat-embed-core-10.1.41.jar:10.1.41]
	at org.apache.tomcat.util.net.NioEndpoint$SocketProcessor.doRun(NioEndpoint.java:1740) ~[tomcat-embed-core-10.1.41.jar:10.1.41]
	at org.apache.tomcat.util.net.SocketProcessorBase.run(SocketProcessorBase.java:52) ~[tomcat-embed-core-10.1.41.jar:10.1.41]
	at org.apache.tomcat.util.threads.ThreadPoolExecutor.runWorker(ThreadPoolExecutor.java:1189) ~[tomcat-embed-core-10.1.41.jar:10.1.41]
	at org.apache.tomcat.util.threads.ThreadPoolExecutor$Worker.run(ThreadPoolExecutor.java:658) ~[tomcat-embed-core-10.1.41.jar:10.1.41]
	at org.apache.tomcat.util.threads.TaskThread$WrappingRunnable.run(TaskThread.java:63) ~[tomcat-embed-core-10.1.41.jar:10.1.41]
	at java.base/java.lang.Thread.run(Thread.java:842) ~[na:na]

2026-06-12T10:06:07.201+09:00 DEBUG 17984 --- [quality-service] [http-nio-8083-exec-8] org.hibernate.SQL                        : select irh1_0.id,irh1_0.inspection_type,irh1_0.record_time,irh1_0.risk_score from inspection_risk_history irh1_0
2026-06-12T10:06:07.231+09:00  WARN 17984 --- [quality-service] [http-nio-8083-exec-8] o.h.engine.jdbc.spi.SqlExceptionHelper   : SQL Error: 0, SQLState: 22018
2026-06-12T10:06:07.232+09:00 ERROR 17984 --- [quality-service] [http-nio-8083-exec-8] o.h.engine.jdbc.spi.SqlExceptionHelper   : Cannot convert string '2026-06-01 1:00' to java.sql.Timestamp value
2026-06-12T10:06:07.309+09:00 ERROR 17984 --- [quality-service] [http-nio-8083-exec-8] o.a.c.c.C.[.[.[/].[dispatcherServlet]    : Servlet.service() for servlet [dispatcherServlet] in context with path [] threw exception [Request processing failed: org.springframework.dao.DataIntegrityViolationException: Could not extract column [3] from JDBC ResultSet [Cannot convert string '2026-06-01 1:00' to java.sql.Timestamp value] [n/a]; SQL [n/a]] with root cause

com.mysql.cj.exceptions.DataConversionException: Cannot convert string '2026-06-01 1:00' to java.sql.Timestamp value
	at com.mysql.cj.result.AbstractDateTimeValueFactory.createFromBytes(AbstractDateTimeValueFactory.java:139) ~[mysql-connector-j-8.3.0.jar:8.3.0]
	at com.mysql.cj.protocol.a.MysqlTextValueDecoder.decodeByteArray(MysqlTextValueDecoder.java:159) ~[mysql-connector-j-8.3.0.jar:8.3.0]
	at com.mysql.cj.protocol.result.AbstractResultsetRow.decodeAndCreateReturnValue(AbstractResultsetRow.java:136) ~[mysql-connector-j-8.3.0.jar:8.3.0]
	at com.mysql.cj.protocol.result.AbstractResultsetRow.getValueFromBytes(AbstractResultsetRow.java:244) ~[mysql-connector-j-8.3.0.jar:8.3.0]
	at com.mysql.cj.protocol.a.result.ByteArrayRow.getValue(ByteArrayRow.java:91) ~[mysql-connector-j-8.3.0.jar:8.3.0]
	at com.mysql.cj.jdbc.result.ResultSetImpl.getTimestamp(ResultSetImpl.java:943) ~[mysql-connector-j-8.3.0.jar:8.3.0]
	at com.zaxxer.hikari.pool.HikariProxyResultSet.getTimestamp(HikariProxyResultSet.java) ~[HikariCP-5.1.0.jar:na]
	at org.hibernate.type.descriptor.jdbc.TimestampJdbcType$2.doExtract(TimestampJdbcType.java:111) ~[hibernate-core-6.5.3.Final.jar:6.5.3.Final]
	at org.hibernate.type.descriptor.jdbc.BasicExtractor.extract(BasicExtractor.java:44) ~[hibernate-core-6.5.3.Final.jar:6.5.3.Final]
	at org.hibernate.sql.results.jdbc.internal.JdbcValuesResultSetImpl.getCurrentRowValue(JdbcValuesResultSetImpl.java:379) ~[hibernate-core-6.5.3.Final.jar:6.5.3.Final]
	at org.hibernate.sql.results.internal.RowProcessingStateStandardImpl.getJdbcValue(RowProcessingStateStandardImpl.java:120) ~[hibernate-core-6.5.3.Final.jar:6.5.3.Final]
	at org.hibernate.sql.results.graph.basic.BasicResultAssembler.extractRawValue(BasicResultAssembler.java:52) ~[hibernate-core-6.5.3.Final.jar:6.5.3.Final]
	at org.hibernate.sql.results.graph.basic.BasicResultAssembler.assemble(BasicResultAssembler.java:59) ~[hibernate-core-6.5.3.Final.jar:6.5.3.Final]
	at org.hibernate.sql.results.graph.DomainResultAssembler.assemble(DomainResultAssembler.java:35) ~[hibernate-core-6.5.3.Final.jar:6.5.3.Final]
	at org.hibernate.sql.results.graph.entity.AbstractEntityInitializer.extractConcreteTypeStateValues(AbstractEntityInitializer.java:1038) ~[hibernate-core-6.5.3.Final.jar:6.5.3.Final]
	at org.hibernate.sql.results.graph.entity.AbstractEntityInitializer.initializeEntityInstance(AbstractEntityInitializer.java:795) ~[hibernate-core-6.5.3.Final.jar:6.5.3.Final]
	at org.hibernate.sql.results.graph.entity.AbstractEntityInitializer.initializeEntity(AbstractEntityInitializer.java:770) ~[hibernate-core-6.5.3.Final.jar:6.5.3.Final]
	at org.hibernate.sql.results.graph.entity.AbstractEntityInitializer.initializeInstance(AbstractEntityInitializer.java:762) ~[hibernate-core-6.5.3.Final.jar:6.5.3.Final]
	at org.hibernate.sql.results.internal.InitializersList.initializeInstance(InitializersList.java:73) ~[hibernate-core-6.5.3.Final.jar:6.5.3.Final]
	at org.hibernate.sql.results.internal.StandardRowReader.coordinateInitializers(StandardRowReader.java:113) ~[hibernate-core-6.5.3.Final.jar:6.5.3.Final]
	at org.hibernate.sql.results.internal.StandardRowReader.readRow(StandardRowReader.java:87) ~[hibernate-core-6.5.3.Final.jar:6.5.3.Final]
	at org.hibernate.sql.results.spi.ListResultsConsumer.consume(ListResultsConsumer.java:205) ~[hibernate-core-6.5.3.Final.jar:6.5.3.Final]
	at org.hibernate.sql.results.spi.ListResultsConsumer.consume(ListResultsConsumer.java:33) ~[hibernate-core-6.5.3.Final.jar:6.5.3.Final]
	at org.hibernate.sql.exec.internal.JdbcSelectExecutorStandardImpl.doExecuteQuery(JdbcSelectExecutorStandardImpl.java:211) ~[hibernate-core-6.5.3.Final.jar:6.5.3.Final]
	at org.hibernate.sql.exec.internal.JdbcSelectExecutorStandardImpl.executeQuery(JdbcSelectExecutorStandardImpl.java:83) ~[hibernate-core-6.5.3.Final.jar:6.5.3.Final]
	at org.hibernate.sql.exec.spi.JdbcSelectExecutor.list(JdbcSelectExecutor.java:76) ~[hibernate-core-6.5.3.Final.jar:6.5.3.Final]
	at org.hibernate.sql.exec.spi.JdbcSelectExecutor.list(JdbcSelectExecutor.java:65) ~[hibernate-core-6.5.3.Final.jar:6.5.3.Final]
	at org.hibernate.query.sqm.internal.ConcreteSqmSelectQueryPlan.lambda$new$2(ConcreteSqmSelectQueryPlan.java:139) ~[hibernate-core-6.5.3.Final.jar:6.5.3.Final]
	at org.hibernate.query.sqm.internal.ConcreteSqmSelectQueryPlan.withCacheableSqmInterpretation(ConcreteSqmSelectQueryPlan.java:382) ~[hibernate-core-6.5.3.Final.jar:6.5.3.Final]
	at org.hibernate.query.sqm.internal.ConcreteSqmSelectQueryPlan.performList(ConcreteSqmSelectQueryPlan.java:302) ~[hibernate-core-6.5.3.Final.jar:6.5.3.Final]
	at org.hibernate.query.sqm.internal.QuerySqmImpl.doList(QuerySqmImpl.java:526) ~[hibernate-core-6.5.3.Final.jar:6.5.3.Final]
	at org.hibernate.query.spi.AbstractSelectionQuery.list(AbstractSelectionQuery.java:423) ~[hibernate-core-6.5.3.Final.jar:6.5.3.Final]
	at org.hibernate.query.Query.getResultList(Query.java:120) ~[hibernate-core-6.5.3.Final.jar:6.5.3.Final]
	at org.springframework.data.jpa.repository.support.SimpleJpaRepository.findAll(SimpleJpaRepository.java:395) ~[spring-data-jpa-3.3.12.jar:3.3.12]
	at jdk.internal.reflect.GeneratedMethodAccessor110.invoke(Unknown Source) ~[na:na]
	at java.base/jdk.internal.reflect.DelegatingMethodAccessorImpl.invoke(DelegatingMethodAccessorImpl.java:43) ~[na:na]
	at java.base/java.lang.reflect.Method.invoke(Method.java:568) ~[na:na]
	at org.springframework.aop.support.AopUtils.invokeJoinpointUsingReflection(AopUtils.java:355) ~[spring-aop-6.1.20.jar:6.1.20]
	at org.springframework.data.repository.core.support.RepositoryMethodInvoker$RepositoryFragmentMethodInvoker.lambda$new$0(RepositoryMethodInvoker.java:277) ~[spring-data-commons-3.3.12.jar:3.3.12]
	at org.springframework.data.repository.core.support.RepositoryMethodInvoker.doInvoke(RepositoryMethodInvoker.java:170) ~[spring-data-commons-3.3.12.jar:3.3.12]
	at org.springframework.data.repository.core.support.RepositoryMethodInvoker.invoke(RepositoryMethodInvoker.java:158) ~[spring-data-commons-3.3.12.jar:3.3.12]
	at org.springframework.data.repository.core.support.RepositoryComposition$RepositoryFragments.invoke(RepositoryComposition.java:516) ~[spring-data-commons-3.3.12.jar:3.3.12]
	at org.springframework.data.repository.core.support.RepositoryComposition.invoke(RepositoryComposition.java:285) ~[spring-data-commons-3.3.12.jar:3.3.12]
	at org.springframework.data.repository.core.support.RepositoryFactorySupport$ImplementationMethodExecutionInterceptor.invoke(RepositoryFactorySupport.java:628) ~[spring-data-commons-3.3.12.jar:3.3.12]
	at org.springframework.aop.framework.ReflectiveMethodInvocation.proceed(ReflectiveMethodInvocation.java:184) ~[spring-aop-6.1.20.jar:6.1.20]
	at org.springframework.data.repository.core.support.QueryExecutorMethodInterceptor.doInvoke(QueryExecutorMethodInterceptor.java:173) ~[spring-data-commons-3.3.12.jar:3.3.12]
	at org.springframework.data.repository.core.support.QueryExecutorMethodInterceptor.invoke(QueryExecutorMethodInterceptor.java:148) ~[spring-data-commons-3.3.12.jar:3.3.12]
	at org.springframework.aop.framework.ReflectiveMethodInvocation.proceed(ReflectiveMethodInvocation.java:184) ~[spring-aop-6.1.20.jar:6.1.20]
	at org.springframework.data.projection.DefaultMethodInvokingMethodInterceptor.invoke(DefaultMethodInvokingMethodInterceptor.java:70) ~[spring-data-commons-3.3.12.jar:3.3.12]
	at org.springframework.aop.framework.ReflectiveMethodInvocation.proceed(ReflectiveMethodInvocation.java:184) ~[spring-aop-6.1.20.jar:6.1.20]
	at org.springframework.transaction.interceptor.TransactionAspectSupport.invokeWithinTransaction(TransactionAspectSupport.java:379) ~[spring-tx-6.1.20.jar:6.1.20]
	at org.springframework.transaction.interceptor.TransactionInterceptor.invoke(TransactionInterceptor.java:119) ~[spring-tx-6.1.20.jar:6.1.20]
	at org.springframework.aop.framework.ReflectiveMethodInvocation.proceed(ReflectiveMethodInvocation.java:184) ~[spring-aop-6.1.20.jar:6.1.20]
	at org.springframework.dao.support.PersistenceExceptionTranslationInterceptor.invoke(PersistenceExceptionTranslationInterceptor.java:138) ~[spring-tx-6.1.20.jar:6.1.20]
	at org.springframework.aop.framework.ReflectiveMethodInvocation.proceed(ReflectiveMethodInvocation.java:184) ~[spring-aop-6.1.20.jar:6.1.20]
	at org.springframework.data.jpa.repository.support.CrudMethodMetadataPostProcessor$CrudMethodMetadataPopulatingMethodInterceptor.invoke(CrudMethodMetadataPostProcessor.java:165) ~[spring-data-jpa-3.3.12.jar:3.3.12]
	at org.springframework.aop.framework.ReflectiveMethodInvocation.proceed(ReflectiveMethodInvocation.java:184) ~[spring-aop-6.1.20.jar:6.1.20]
	at org.springframework.aop.interceptor.ExposeInvocationInterceptor.invoke(ExposeInvocationInterceptor.java:97) ~[spring-aop-6.1.20.jar:6.1.20]
	at org.springframework.aop.framework.ReflectiveMethodInvocation.proceed(ReflectiveMethodInvocation.java:184) ~[spring-aop-6.1.20.jar:6.1.20]
	at org.springframework.aop.framework.JdkDynamicAopProxy.invoke(JdkDynamicAopProxy.java:223) ~[spring-aop-6.1.20.jar:6.1.20]
	at jdk.proxy2/jdk.proxy2.$Proxy141.findAll(Unknown Source) ~[na:na]
	at com.aims.quality.main_db.controller.InspectionRiskHistoryController.getRiskHistoryList(InspectionRiskHistoryController.java:22) ~[main/:na]
	at java.base/jdk.internal.reflect.NativeMethodAccessorImpl.invoke0(Native Method) ~[na:na]
	at java.base/jdk.internal.reflect.NativeMethodAccessorImpl.invoke(NativeMethodAccessorImpl.java:77) ~[na:na]
	at java.base/jdk.internal.reflect.DelegatingMethodAccessorImpl.invoke(DelegatingMethodAccessorImpl.java:43) ~[na:na]
	at java.base/java.lang.reflect.Method.invoke(Method.java:568) ~[na:na]
	at org.springframework.web.method.support.InvocableHandlerMethod.doInvoke(InvocableHandlerMethod.java:255) ~[spring-web-6.1.20.jar:6.1.20]
	at org.springframework.web.method.support.InvocableHandlerMethod.invokeForRequest(InvocableHandlerMethod.java:188) ~[spring-web-6.1.20.jar:6.1.20]
	at org.springframework.web.servlet.mvc.method.annotation.ServletInvocableHandlerMethod.invokeAndHandle(ServletInvocableHandlerMethod.java:118) ~[spring-webmvc-6.1.20.jar:6.1.20]
	at org.springframework.web.servlet.mvc.method.annotation.RequestMappingHandlerAdapter.invokeHandlerMethod(RequestMappingHandlerAdapter.java:926) ~[spring-webmvc-6.1.20.jar:6.1.20]
	at org.springframework.web.servlet.mvc.method.annotation.RequestMappingHandlerAdapter.handleInternal(RequestMappingHandlerAdapter.java:831) ~[spring-webmvc-6.1.20.jar:6.1.20]
	at org.springframework.web.servlet.mvc.method.AbstractHandlerMethodAdapter.handle(AbstractHandlerMethodAdapter.java:87) ~[spring-webmvc-6.1.20.jar:6.1.20]
	at org.springframework.web.servlet.DispatcherServlet.doDispatch(DispatcherServlet.java:1089) ~[spring-webmvc-6.1.20.jar:6.1.20]
	at org.springframework.web.servlet.DispatcherServlet.doService(DispatcherServlet.java:979) ~[spring-webmvc-6.1.20.jar:6.1.20]
	at org.springframework.web.servlet.FrameworkServlet.processRequest(FrameworkServlet.java:1014) ~[spring-webmvc-6.1.20.jar:6.1.20]
	at org.springframework.web.servlet.FrameworkServlet.doGet(FrameworkServlet.java:903) ~[spring-webmvc-6.1.20.jar:6.1.20]
	at jakarta.servlet.http.HttpServlet.service(HttpServlet.java:564) ~[tomcat-embed-core-10.1.41.jar:6.0]
	at org.springframework.web.servlet.FrameworkServlet.service(FrameworkServlet.java:885) ~[spring-webmvc-6.1.20.jar:6.1.20]
	at jakarta.servlet.http.HttpServlet.service(HttpServlet.java:658) ~[tomcat-embed-core-10.1.41.jar:6.0]
	at org.apache.catalina.core.ApplicationFilterChain.internalDoFilter(ApplicationFilterChain.java:195) ~[tomcat-embed-core-10.1.41.jar:10.1.41]
	at org.apache.catalina.core.ApplicationFilterChain.doFilter(ApplicationFilterChain.java:140) ~[tomcat-embed-core-10.1.41.jar:10.1.41]
	at org.apache.tomcat.websocket.server.WsFilter.doFilter(WsFilter.java:51) ~[tomcat-embed-websocket-10.1.41.jar:10.1.41]
	at org.apache.catalina.core.ApplicationFilterChain.internalDoFilter(ApplicationFilterChain.java:164) ~[tomcat-embed-core-10.1.41.jar:10.1.41]
	at org.apache.catalina.core.ApplicationFilterChain.doFilter(ApplicationFilterChain.java:140) ~[tomcat-embed-core-10.1.41.jar:10.1.41]
	at org.springframework.web.filter.OncePerRequestFilter.doFilter(OncePerRequestFilter.java:110) ~[spring-web-6.1.20.jar:6.1.20]
	at org.apache.catalina.core.ApplicationFilterChain.internalDoFilter(ApplicationFilterChain.java:164) ~[tomcat-embed-core-10.1.41.jar:10.1.41]
	at org.apache.catalina.core.ApplicationFilterChain.doFilter(ApplicationFilterChain.java:140) ~[tomcat-embed-core-10.1.41.jar:10.1.41]
	at org.springframework.web.filter.CompositeFilter$VirtualFilterChain.doFilter(CompositeFilter.java:108) ~[spring-web-6.1.20.jar:6.1.20]
	at org.springframework.security.web.FilterChainProxy.lambda$doFilterInternal$3(FilterChainProxy.java:231) ~[spring-security-web-6.3.9.jar:6.3.9]
	at org.springframework.security.web.ObservationFilterChainDecorator$FilterObservation$SimpleFilterObservation.lambda$wrap$1(ObservationFilterChainDecorator.java:479) ~[spring-security-web-6.3.9.jar:6.3.9]
	at org.springframework.security.web.ObservationFilterChainDecorator$AroundFilterObservation$SimpleAroundFilterObservation.lambda$wrap$1(ObservationFilterChainDecorator.java:340) ~[spring-security-web-6.3.9.jar:6.3.9]
	at org.springframework.security.web.ObservationFilterChainDecorator.lambda$wrapSecured$0(ObservationFilterChainDecorator.java:82) ~[spring-security-web-6.3.9.jar:6.3.9]
	at org.springframework.security.web.ObservationFilterChainDecorator$VirtualFilterChain.doFilter(ObservationFilterChainDecorator.java:128) ~[spring-security-web-6.3.9.jar:6.3.9]
	at org.springframework.security.web.access.intercept.AuthorizationFilter.doFilter(AuthorizationFilter.java:100) ~[spring-security-web-6.3.9.jar:6.3.9]
	at org.springframework.security.web.ObservationFilterChainDecorator$ObservationFilter.wrapFilter(ObservationFilterChainDecorator.java:240) ~[spring-security-web-6.3.9.jar:6.3.9]
	at org.springframework.security.web.ObservationFilterChainDecorator$ObservationFilter.doFilter(ObservationFilterChainDecorator.java:227) ~[spring-security-web-6.3.9.jar:6.3.9]
	at org.springframework.security.web.ObservationFilterChainDecorator$VirtualFilterChain.doFilter(ObservationFilterChainDecorator.java:137) ~[spring-security-web-6.3.9.jar:6.3.9]
	at org.springframework.security.web.access.ExceptionTranslationFilter.doFilter(ExceptionTranslationFilter.java:126) ~[spring-security-web-6.3.9.jar:6.3.9]
	at org.springframework.security.web.access.ExceptionTranslationFilter.doFilter(ExceptionTranslationFilter.java:120) ~[spring-security-web-6.3.9.jar:6.3.9]
	at org.springframework.security.web.ObservationFilterChainDecorator$ObservationFilter.wrapFilter(ObservationFilterChainDecorator.java:240) ~[spring-security-web-6.3.9.jar:6.3.9]
	at org.springframework.security.web.ObservationFilterChainDecorator$ObservationFilter.doFilter(ObservationFilterChainDecorator.java:227) ~[spring-security-web-6.3.9.jar:6.3.9]
	at org.springframework.security.web.ObservationFilterChainDecorator$VirtualFilterChain.doFilter(ObservationFilterChainDecorator.java:137) ~[spring-security-web-6.3.9.jar:6.3.9]
	at org.springframework.security.web.authentication.AnonymousAuthenticationFilter.doFilter(AnonymousAuthenticationFilter.java:100) ~[spring-security-web-6.3.9.jar:6.3.9]
	at org.springframework.security.web.ObservationFilterChainDecorator$ObservationFilter.wrapFilter(ObservationFilterChainDecorator.java:240) ~[spring-security-web-6.3.9.jar:6.3.9]
	at org.springframework.security.web.ObservationFilterChainDecorator$ObservationFilter.doFilter(ObservationFilterChainDecorator.java:227) ~[spring-security-web-6.3.9.jar:6.3.9]
	at org.springframework.security.web.ObservationFilterChainDecorator$VirtualFilterChain.doFilter(ObservationFilterChainDecorator.java:137) ~[spring-security-web-6.3.9.jar:6.3.9]
	at org.springframework.security.web.servletapi.SecurityContextHolderAwareRequestFilter.doFilter(SecurityContextHolderAwareRequestFilter.java:179) ~[spring-security-web-6.3.9.jar:6.3.9]
	at org.springframework.security.web.ObservationFilterChainDecorator$ObservationFilter.wrapFilter(ObservationFilterChainDecorator.java:240) ~[spring-security-web-6.3.9.jar:6.3.9]
	at org.springframework.security.web.ObservationFilterChainDecorator$ObservationFilter.doFilter(ObservationFilterChainDecorator.java:227) ~[spring-security-web-6.3.9.jar:6.3.9]
	at org.springframework.security.web.ObservationFilterChainDecorator$VirtualFilterChain.doFilter(ObservationFilterChainDecorator.java:137) ~[spring-security-web-6.3.9.jar:6.3.9]
	at org.springframework.security.web.savedrequest.RequestCacheAwareFilter.doFilter(RequestCacheAwareFilter.java:63) ~[spring-security-web-6.3.9.jar:6.3.9]
	at org.springframework.security.web.ObservationFilterChainDecorator$ObservationFilter.wrapFilter(ObservationFilterChainDecorator.java:240) ~[spring-security-web-6.3.9.jar:6.3.9]
	at org.springframework.security.web.ObservationFilterChainDecorator$ObservationFilter.doFilter(ObservationFilterChainDecorator.java:227) ~[spring-security-web-6.3.9.jar:6.3.9]
	at org.springframework.security.web.ObservationFilterChainDecorator$VirtualFilterChain.doFilter(ObservationFilterChainDecorator.java:137) ~[spring-security-web-6.3.9.jar:6.3.9]
	at org.springframework.security.web.authentication.logout.LogoutFilter.doFilter(LogoutFilter.java:107) ~[spring-security-web-6.3.9.jar:6.3.9]
	at org.springframework.security.web.authentication.logout.LogoutFilter.doFilter(LogoutFilter.java:93) ~[spring-security-web-6.3.9.jar:6.3.9]
	at org.springframework.security.web.ObservationFilterChainDecorator$ObservationFilter.wrapFilter(ObservationFilterChainDecorator.java:240) ~[spring-security-web-6.3.9.jar:6.3.9]
	at org.springframework.security.web.ObservationFilterChainDecorator$ObservationFilter.doFilter(ObservationFilterChainDecorator.java:227) ~[spring-security-web-6.3.9.jar:6.3.9]
	at org.springframework.security.web.ObservationFilterChainDecorator$VirtualFilterChain.doFilter(ObservationFilterChainDecorator.java:137) ~[spring-security-web-6.3.9.jar:6.3.9]
	at org.springframework.web.filter.CorsFilter.doFilterInternal(CorsFilter.java:91) ~[spring-web-6.1.20.jar:6.1.20]
	at org.springframework.web.filter.OncePerRequestFilter.doFilter(OncePerRequestFilter.java:116) ~[spring-web-6.1.20.jar:6.1.20]
	at org.springframework.security.web.ObservationFilterChainDecorator$ObservationFilter.wrapFilter(ObservationFilterChainDecorator.java:240) ~[spring-security-web-6.3.9.jar:6.3.9]
	at org.springframework.security.web.ObservationFilterChainDecorator$ObservationFilter.doFilter(ObservationFilterChainDecorator.java:227) ~[spring-security-web-6.3.9.jar:6.3.9]
	at org.springframework.security.web.ObservationFilterChainDecorator$VirtualFilterChain.doFilter(ObservationFilterChainDecorator.java:137) ~[spring-security-web-6.3.9.jar:6.3.9]
	at org.springframework.security.web.header.HeaderWriterFilter.doHeadersAfter(HeaderWriterFilter.java:90) ~[spring-security-web-6.3.9.jar:6.3.9]
	at org.springframework.security.web.header.HeaderWriterFilter.doFilterInternal(HeaderWriterFilter.java:75) ~[spring-security-web-6.3.9.jar:6.3.9]
	at org.springframework.web.filter.OncePerRequestFilter.doFilter(OncePerRequestFilter.java:116) ~[spring-web-6.1.20.jar:6.1.20]
	at org.springframework.security.web.ObservationFilterChainDecorator$ObservationFilter.wrapFilter(ObservationFilterChainDecorator.java:240) ~[spring-security-web-6.3.9.jar:6.3.9]
	at org.springframework.security.web.ObservationFilterChainDecorator$ObservationFilter.doFilter(ObservationFilterChainDecorator.java:227) ~[spring-security-web-6.3.9.jar:6.3.9]
	at org.springframework.security.web.ObservationFilterChainDecorator$VirtualFilterChain.doFilter(ObservationFilterChainDecorator.java:137) ~[spring-security-web-6.3.9.jar:6.3.9]
	at org.springframework.security.web.context.SecurityContextHolderFilter.doFilter(SecurityContextHolderFilter.java:82) ~[spring-security-web-6.3.9.jar:6.3.9]
	at org.springframework.security.web.context.SecurityContextHolderFilter.doFilter(SecurityContextHolderFilter.java:69) ~[spring-security-web-6.3.9.jar:6.3.9]
	at org.springframework.security.web.ObservationFilterChainDecorator$ObservationFilter.wrapFilter(ObservationFilterChainDecorator.java:240) ~[spring-security-web-6.3.9.jar:6.3.9]
	at org.springframework.security.web.ObservationFilterChainDecorator$ObservationFilter.doFilter(ObservationFilterChainDecorator.java:227) ~[spring-security-web-6.3.9.jar:6.3.9]
	at org.springframework.security.web.ObservationFilterChainDecorator$VirtualFilterChain.doFilter(ObservationFilterChainDecorator.java:137) ~[spring-security-web-6.3.9.jar:6.3.9]
	at org.springframework.security.web.context.request.async.WebAsyncManagerIntegrationFilter.doFilterInternal(WebAsyncManagerIntegrationFilter.java:62) ~[spring-security-web-6.3.9.jar:6.3.9]
	at org.springframework.web.filter.OncePerRequestFilter.doFilter(OncePerRequestFilter.java:116) ~[spring-web-6.1.20.jar:6.1.20]
	at org.springframework.security.web.ObservationFilterChainDecorator$ObservationFilter.wrapFilter(ObservationFilterChainDecorator.java:240) ~[spring-security-web-6.3.9.jar:6.3.9]
	at org.springframework.security.web.ObservationFilterChainDecorator$ObservationFilter.doFilter(ObservationFilterChainDecorator.java:227) ~[spring-security-web-6.3.9.jar:6.3.9]
	at org.springframework.security.web.ObservationFilterChainDecorator$VirtualFilterChain.doFilter(ObservationFilterChainDecorator.java:137) ~[spring-security-web-6.3.9.jar:6.3.9]
	at org.springframework.security.web.session.DisableEncodeUrlFilter.doFilterInternal(DisableEncodeUrlFilter.java:42) ~[spring-security-web-6.3.9.jar:6.3.9]
	at org.springframework.web.filter.OncePerRequestFilter.doFilter(OncePerRequestFilter.java:116) ~[spring-web-6.1.20.jar:6.1.20]
	at org.springframework.security.web.ObservationFilterChainDecorator$ObservationFilter.wrapFilter(ObservationFilterChainDecorator.java:240) ~[spring-security-web-6.3.9.jar:6.3.9]
	at org.springframework.security.web.ObservationFilterChainDecorator$AroundFilterObservation$SimpleAroundFilterObservation.lambda$wrap$0(ObservationFilterChainDecorator.java:323) ~[spring-security-web-6.3.9.jar:6.3.9]
	at org.springframework.security.web.ObservationFilterChainDecorator$ObservationFilter.doFilter(ObservationFilterChainDecorator.java:224) ~[spring-security-web-6.3.9.jar:6.3.9]
	at org.springframework.security.web.ObservationFilterChainDecorator$VirtualFilterChain.doFilter(ObservationFilterChainDecorator.java:137) ~[spring-security-web-6.3.9.jar:6.3.9]
	at org.springframework.security.web.FilterChainProxy.doFilterInternal(FilterChainProxy.java:233) ~[spring-security-web-6.3.9.jar:6.3.9]
	at org.springframework.security.web.FilterChainProxy.doFilter(FilterChainProxy.java:191) ~[spring-security-web-6.3.9.jar:6.3.9]
	at org.springframework.web.filter.CompositeFilter$VirtualFilterChain.doFilter(CompositeFilter.java:113) ~[spring-web-6.1.20.jar:6.1.20]
	at org.springframework.web.servlet.handler.HandlerMappingIntrospector.lambda$createCacheFilter$3(HandlerMappingIntrospector.java:195) ~[spring-webmvc-6.1.20.jar:6.1.20]
	at org.springframework.web.filter.CompositeFilter$VirtualFilterChain.doFilter(CompositeFilter.java:113) ~[spring-web-6.1.20.jar:6.1.20]
	at org.springframework.web.filter.CompositeFilter.doFilter(CompositeFilter.java:74) ~[spring-web-6.1.20.jar:6.1.20]
	at org.springframework.security.config.annotation.web.configuration.WebMvcSecurityConfiguration$CompositeFilterChainProxy.doFilter(WebMvcSecurityConfiguration.java:230) ~[spring-security-config-6.3.9.jar:6.3.9]
	at org.springframework.web.filter.DelegatingFilterProxy.invokeDelegate(DelegatingFilterProxy.java:362) ~[spring-web-6.1.20.jar:6.1.20]
	at org.springframework.web.filter.DelegatingFilterProxy.doFilter(DelegatingFilterProxy.java:278) ~[spring-web-6.1.20.jar:6.1.20]
	at org.apache.catalina.core.ApplicationFilterChain.internalDoFilter(ApplicationFilterChain.java:164) ~[tomcat-embed-core-10.1.41.jar:10.1.41]
	at org.apache.catalina.core.ApplicationFilterChain.doFilter(ApplicationFilterChain.java:140) ~[tomcat-embed-core-10.1.41.jar:10.1.41]
	at org.springframework.web.filter.RequestContextFilter.doFilterInternal(RequestContextFilter.java:100) ~[spring-web-6.1.20.jar:6.1.20]
	at org.springframework.web.filter.OncePerRequestFilter.doFilter(OncePerRequestFilter.java:116) ~[spring-web-6.1.20.jar:6.1.20]
	at org.apache.catalina.core.ApplicationFilterChain.internalDoFilter(ApplicationFilterChain.java:164) ~[tomcat-embed-core-10.1.41.jar:10.1.41]
	at org.apache.catalina.core.ApplicationFilterChain.doFilter(ApplicationFilterChain.java:140) ~[tomcat-embed-core-10.1.41.jar:10.1.41]
	at org.springframework.web.filter.FormContentFilter.doFilterInternal(FormContentFilter.java:93) ~[spring-web-6.1.20.jar:6.1.20]
	at org.springframework.web.filter.OncePerRequestFilter.doFilter(OncePerRequestFilter.java:116) ~[spring-web-6.1.20.jar:6.1.20]
	at org.apache.catalina.core.ApplicationFilterChain.internalDoFilter(ApplicationFilterChain.java:164) ~[tomcat-embed-core-10.1.41.jar:10.1.41]
	at org.apache.catalina.core.ApplicationFilterChain.doFilter(ApplicationFilterChain.java:140) ~[tomcat-embed-core-10.1.41.jar:10.1.41]
	at org.springframework.web.filter.ServerHttpObservationFilter.doFilterInternal(ServerHttpObservationFilter.java:113) ~[spring-web-6.1.20.jar:6.1.20]
	at org.springframework.web.filter.OncePerRequestFilter.doFilter(OncePerRequestFilter.java:116) ~[spring-web-6.1.20.jar:6.1.20]
	at org.apache.catalina.core.ApplicationFilterChain.internalDoFilter(ApplicationFilterChain.java:164) ~[tomcat-embed-core-10.1.41.jar:10.1.41]
	at org.apache.catalina.core.ApplicationFilterChain.doFilter(ApplicationFilterChain.java:140) ~[tomcat-embed-core-10.1.41.jar:10.1.41]
	at org.springframework.web.filter.CharacterEncodingFilter.doFilterInternal(CharacterEncodingFilter.java:201) ~[spring-web-6.1.20.jar:6.1.20]
	at org.springframework.web.filter.OncePerRequestFilter.doFilter(OncePerRequestFilter.java:116) ~[spring-web-6.1.20.jar:6.1.20]
	at org.apache.catalina.core.ApplicationFilterChain.internalDoFilter(ApplicationFilterChain.java:164) ~[tomcat-embed-core-10.1.41.jar:10.1.41]
	at org.apache.catalina.core.ApplicationFilterChain.doFilter(ApplicationFilterChain.java:140) ~[tomcat-embed-core-10.1.41.jar:10.1.41]
	at org.apache.catalina.core.StandardWrapperValve.invoke(StandardWrapperValve.java:167) ~[tomcat-embed-core-10.1.41.jar:10.1.41]
	at org.apache.catalina.core.StandardContextValve.invoke(StandardContextValve.java:90) ~[tomcat-embed-core-10.1.41.jar:10.1.41]
	at org.apache.catalina.authenticator.AuthenticatorBase.invoke(AuthenticatorBase.java:483) ~[tomcat-embed-core-10.1.41.jar:10.1.41]
	at org.apache.catalina.core.StandardHostValve.invoke(StandardHostValve.java:116) ~[tomcat-embed-core-10.1.41.jar:10.1.41]
	at org.apache.catalina.valves.ErrorReportValve.invoke(ErrorReportValve.java:93) ~[tomcat-embed-core-10.1.41.jar:10.1.41]
	at org.apache.catalina.core.StandardEngineValve.invoke(StandardEngineValve.java:74) ~[tomcat-embed-core-10.1.41.jar:10.1.41]
	at org.apache.catalina.connector.CoyoteAdapter.service(CoyoteAdapter.java:344) ~[tomcat-embed-core-10.1.41.jar:10.1.41]
	at org.apache.coyote.http11.Http11Processor.service(Http11Processor.java:398) ~[tomcat-embed-core-10.1.41.jar:10.1.41]
	at org.apache.coyote.AbstractProcessorLight.process(AbstractProcessorLight.java:63) ~[tomcat-embed-core-10.1.41.jar:10.1.41]
	at org.apache.coyote.AbstractProtocol$ConnectionHandler.process(AbstractProtocol.java:903) ~[tomcat-embed-core-10.1.41.jar:10.1.41]
	at org.apache.tomcat.util.net.NioEndpoint$SocketProcessor.doRun(NioEndpoint.java:1740) ~[tomcat-embed-core-10.1.41.jar:10.1.41]
	at org.apache.tomcat.util.net.SocketProcessorBase.run(SocketProcessorBase.java:52) ~[tomcat-embed-core-10.1.41.jar:10.1.41]
	at org.apache.tomcat.util.threads.ThreadPoolExecutor.runWorker(ThreadPoolExecutor.java:1189) ~[tomcat-embed-core-10.1.41.jar:10.1.41]
	at org.apache.tomcat.util.threads.ThreadPoolExecutor$Worker.run(ThreadPoolExecutor.java:658) ~[tomcat-embed-core-10.1.41.jar:10.1.41]
	at org.apache.tomcat.util.threads.TaskThread$WrappingRunnable.run(TaskThread.java:63) ~[tomcat-embed-core-10.1.41.jar:10.1.41]
	at java.base/java.lang.Thread.run(Thread.java:842) ~[na:na]

2026-06-12T10:11:38.291+09:00  INFO 15060 --- [quality-service] [main] com.aims.quality.QualityApplication      : Starting QualityApplication using Java 17.0.12 with PID 15060 (C:\Final_PJT\quality_service\build\classes\java\main started by SK in C:\Final_PJT\quality_service)
2026-06-12T10:11:38.291+09:00  INFO 15060 --- [quality-service] [main] com.aims.quality.QualityApplication      : The following 1 profile is active: "local"
2026-06-12T10:11:39.467+09:00  INFO 15060 --- [quality-service] [main] .s.d.r.c.RepositoryConfigurationDelegate : Multiple Spring Data modules found, entering strict repository configuration mode
2026-06-12T10:11:39.467+09:00  INFO 15060 --- [quality-service] [main] .s.d.r.c.RepositoryConfigurationDelegate : Bootstrapping Spring Data JPA repositories in DEFAULT mode.
2026-06-12T10:11:39.660+09:00  INFO 15060 --- [quality-service] [main] .s.d.r.c.RepositoryConfigurationDelegate : Finished Spring Data repository scanning in 173 ms. Found 6 JPA repository interfaces.
2026-06-12T10:11:39.660+09:00  INFO 15060 --- [quality-service] [main] .s.d.r.c.RepositoryConfigurationDelegate : Multiple Spring Data modules found, entering strict repository configuration mode
2026-06-12T10:11:39.660+09:00  INFO 15060 --- [quality-service] [main] .s.d.r.c.RepositoryConfigurationDelegate : Bootstrapping Spring Data JPA repositories in DEFAULT mode.
2026-06-12T10:11:39.672+09:00  INFO 15060 --- [quality-service] [main] .s.d.r.c.RepositoryConfigurationDelegate : Finished Spring Data repository scanning in 21 ms. Found 5 JPA repository interfaces.
2026-06-12T10:11:40.146+09:00  INFO 15060 --- [quality-service] [main] .s.d.r.c.RepositoryConfigurationDelegate : Multiple Spring Data modules found, entering strict repository configuration mode
2026-06-12T10:11:40.162+09:00  INFO 15060 --- [quality-service] [main] .s.d.r.c.RepositoryConfigurationDelegate : Bootstrapping Spring Data Redis repositories in DEFAULT mode.
2026-06-12T10:11:40.197+09:00  INFO 15060 --- [quality-service] [main] .RepositoryConfigurationExtensionSupport : Spring Data Redis - Could not safely identify store assignment for repository candidate interface com.aims.quality.main_db.repository.InspectionDriveDetailRepository; If you want this repository to be a Redis repository, consider annotating your entities with one of these annotations: org.springframework.data.redis.core.RedisHash (preferred), or consider extending one of the following types with your repository: org.springframework.data.keyvalue.repository.KeyValueRepository
2026-06-12T10:11:40.197+09:00  INFO 15060 --- [quality-service] [main] .RepositoryConfigurationExtensionSupport : Spring Data Redis - Could not safely identify store assignment for repository candidate interface com.aims.quality.main_db.repository.InspectionProcessRepository; If you want this repository to be a Redis repository, consider annotating your entities with one of these annotations: org.springframework.data.redis.core.RedisHash (preferred), or consider extending one of the following types with your repository: org.springframework.data.keyvalue.repository.KeyValueRepository
2026-06-12T10:11:40.197+09:00  INFO 15060 --- [quality-service] [main] .RepositoryConfigurationExtensionSupport : Spring Data Redis - Could not safely identify store assignment for repository candidate interface com.aims.quality.main_db.repository.InspectionRiskHistoryRepository; If you want this repository to be a Redis repository, consider annotating your entities with one of these annotations: org.springframework.data.redis.core.RedisHash (preferred), or consider extending one of the following types with your repository: org.springframework.data.keyvalue.repository.KeyValueRepository
2026-06-12T10:11:40.197+09:00  INFO 15060 --- [quality-service] [main] .RepositoryConfigurationExtensionSupport : Spring Data Redis - Could not safely identify store assignment for repository candidate interface com.aims.quality.main_db.repository.InspectionRiskTrendRepository; If you want this repository to be a Redis repository, consider annotating your entities with one of these annotations: org.springframework.data.redis.core.RedisHash (preferred), or consider extending one of the following types with your repository: org.springframework.data.keyvalue.repository.KeyValueRepository
2026-06-12T10:11:40.199+09:00  INFO 15060 --- [quality-service] [main] .RepositoryConfigurationExtensionSupport : Spring Data Redis - Could not safely identify store assignment for repository candidate interface com.aims.quality.main_db.repository.InspectionStatusDetailRepository; If you want this repository to be a Redis repository, consider annotating your entities with one of these annotations: org.springframework.data.redis.core.RedisHash (preferred), or consider extending one of the following types with your repository: org.springframework.data.keyvalue.repository.KeyValueRepository
2026-06-12T10:11:40.199+09:00  INFO 15060 --- [quality-service] [main] .RepositoryConfigurationExtensionSupport : Spring Data Redis - Could not safely identify store assignment for repository candidate interface com.aims.quality.main_db.repository.InspectionSummaryRepository; If you want this repository to be a Redis repository, consider annotating your entities with one of these annotations: org.springframework.data.redis.core.RedisHash (preferred), or consider extending one of the following types with your repository: org.springframework.data.keyvalue.repository.KeyValueRepository
2026-06-12T10:11:40.199+09:00  INFO 15060 --- [quality-service] [main] .RepositoryConfigurationExtensionSupport : Spring Data Redis - Could not safely identify store assignment for repository candidate interface com.aims.quality.sample_db.repository.CarControlRepository; If you want this repository to be a Redis repository, consider annotating your entities with one of these annotations: org.springframework.data.redis.core.RedisHash (preferred), or consider extending one of the following types with your repository: org.springframework.data.keyvalue.repository.KeyValueRepository
2026-06-12T10:11:40.199+09:00  INFO 15060 --- [quality-service] [main] .RepositoryConfigurationExtensionSupport : Spring Data Redis - Could not safely identify store assignment for repository candidate interface com.aims.quality.sample_db.repository.CarDriveRepository; If you want this repository to be a Redis repository, consider annotating your entities with one of these annotations: org.springframework.data.redis.core.RedisHash (preferred), or consider extending one of the following types with your repository: org.springframework.data.keyvalue.repository.KeyValueRepository
2026-06-12T10:11:40.199+09:00  INFO 15060 --- [quality-service] [main] .RepositoryConfigurationExtensionSupport : Spring Data Redis - Could not safely identify store assignment for repository candidate interface com.aims.quality.sample_db.repository.CarDynamicsRepository; If you want this repository to be a Redis repository, consider annotating your entities with one of these annotations: org.springframework.data.redis.core.RedisHash (preferred), or consider extending one of the following types with your repository: org.springframework.data.keyvalue.repository.KeyValueRepository
2026-06-12T10:11:40.201+09:00  INFO 15060 --- [quality-service] [main] .RepositoryConfigurationExtensionSupport : Spring Data Redis - Could not safely identify store assignment for repository candidate interface com.aims.quality.sample_db.repository.CarMasterRepository; If you want this repository to be a Redis repository, consider annotating your entities with one of these annotations: org.springframework.data.redis.core.RedisHash (preferred), or consider extending one of the following types with your repository: org.springframework.data.keyvalue.repository.KeyValueRepository
2026-06-12T10:11:40.201+09:00  INFO 15060 --- [quality-service] [main] .RepositoryConfigurationExtensionSupport : Spring Data Redis - Could not safely identify store assignment for repository candidate interface com.aims.quality.sample_db.repository.CarStatusRepository; If you want this repository to be a Redis repository, consider annotating your entities with one of these annotations: org.springframework.data.redis.core.RedisHash (preferred), or consider extending one of the following types with your repository: org.springframework.data.keyvalue.repository.KeyValueRepository
2026-06-12T10:11:40.201+09:00  INFO 15060 --- [quality-service] [main] .s.d.r.c.RepositoryConfigurationDelegate : Finished Spring Data repository scanning in 26 ms. Found 0 Redis repository interfaces.
2026-06-12T10:11:41.200+09:00  INFO 15060 --- [quality-service] [main] o.s.b.w.embedded.tomcat.TomcatWebServer  : Tomcat initialized with port 8083 (http)
2026-06-12T10:11:41.222+09:00  INFO 15060 --- [quality-service] [main] o.apache.catalina.core.StandardService   : Starting service [Tomcat]
2026-06-12T10:11:41.222+09:00  INFO 15060 --- [quality-service] [main] o.apache.catalina.core.StandardEngine    : Starting Servlet engine: [Apache Tomcat/10.1.41]
2026-06-12T10:11:41.324+09:00  INFO 15060 --- [quality-service] [main] o.a.c.c.C.[Tomcat].[localhost].[/]       : Initializing Spring embedded WebApplicationContext
2026-06-12T10:11:41.324+09:00  INFO 15060 --- [quality-service] [main] w.s.c.ServletWebServerApplicationContext : Root WebApplicationContext: initialization completed in 2963 ms
2026-06-12T10:11:41.666+09:00  INFO 15060 --- [quality-service] [main] o.hibernate.jpa.internal.util.LogHelper  : HHH000204: Processing PersistenceUnitInfo [name: main]
2026-06-12T10:11:41.742+09:00  INFO 15060 --- [quality-service] [main] org.hibernate.Version                    : HHH000412: Hibernate ORM core version 6.5.3.Final
2026-06-12T10:11:41.789+09:00  INFO 15060 --- [quality-service] [main] o.h.c.internal.RegionFactoryInitiator    : HHH000026: Second-level cache disabled
2026-06-12T10:11:42.373+09:00  INFO 15060 --- [quality-service] [main] o.s.o.j.p.SpringPersistenceUnitInfo      : No LoadTimeWeaver setup: ignoring JPA class transformer
2026-06-12T10:11:42.420+09:00  INFO 15060 --- [quality-service] [main] com.zaxxer.hikari.HikariDataSource       : HikariPool-1 - Starting...
2026-06-12T10:11:43.006+09:00  INFO 15060 --- [quality-service] [main] com.zaxxer.hikari.pool.HikariPool        : HikariPool-1 - Added connection com.mysql.cj.jdbc.ConnectionImpl@6f95654c
2026-06-12T10:11:43.016+09:00  INFO 15060 --- [quality-service] [main] com.zaxxer.hikari.HikariDataSource       : HikariPool-1 - Start completed.
2026-06-12T10:11:44.274+09:00  INFO 15060 --- [quality-service] [main] o.h.e.t.j.p.i.JtaPlatformInitiator       : HHH000489: No JTA platform available (set 'hibernate.transaction.jta.platform' to enable JTA platform integration)
2026-06-12T10:11:44.282+09:00  INFO 15060 --- [quality-service] [main] j.LocalContainerEntityManagerFactoryBean : Initialized JPA EntityManagerFactory for persistence unit 'main'
2026-06-12T10:11:44.292+09:00  INFO 15060 --- [quality-service] [main] o.hibernate.jpa.internal.util.LogHelper  : HHH000204: Processing PersistenceUnitInfo [name: sample]
2026-06-12T10:11:44.298+09:00  INFO 15060 --- [quality-service] [main] o.h.c.internal.RegionFactoryInitiator    : HHH000026: Second-level cache disabled
2026-06-12T10:11:44.387+09:00  INFO 15060 --- [quality-service] [main] o.s.o.j.p.SpringPersistenceUnitInfo      : No LoadTimeWeaver setup: ignoring JPA class transformer
2026-06-12T10:11:44.387+09:00  INFO 15060 --- [quality-service] [main] com.zaxxer.hikari.HikariDataSource       : HikariPool-2 - Starting...
2026-06-12T10:11:44.612+09:00  INFO 15060 --- [quality-service] [main] com.zaxxer.hikari.pool.HikariPool        : HikariPool-2 - Added connection com.mysql.cj.jdbc.ConnectionImpl@2202e978
2026-06-12T10:11:44.612+09:00  INFO 15060 --- [quality-service] [main] com.zaxxer.hikari.HikariDataSource       : HikariPool-2 - Start completed.
2026-06-12T10:11:44.794+09:00  INFO 15060 --- [quality-service] [main] o.h.e.t.j.p.i.JtaPlatformInitiator       : HHH000489: No JTA platform available (set 'hibernate.transaction.jta.platform' to enable JTA platform integration)
2026-06-12T10:11:44.794+09:00  INFO 15060 --- [quality-service] [main] j.LocalContainerEntityManagerFactoryBean : Initialized JPA EntityManagerFactory for persistence unit 'sample'
2026-06-12T10:11:45.340+09:00  WARN 15060 --- [quality-service] [main] .s.s.UserDetailsServiceAutoConfiguration : 

Using generated security password: 753afb5a-8d9f-43ce-be9f-ba4959316405

This generated password is for development use only. Your security configuration must be updated before running your application in production.

2026-06-12T10:11:45.371+09:00  INFO 15060 --- [quality-service] [main] r$InitializeUserDetailsManagerConfigurer : Global AuthenticationManager configured with UserDetailsService bean with name inMemoryUserDetailsManager
2026-06-12T10:11:46.612+09:00  INFO 15060 --- [quality-service] [main] o.s.b.a.e.web.EndpointLinksResolver      : Exposing 1 endpoint beneath base path '/actuator'
2026-06-12T10:11:46.764+09:00  INFO 15060 --- [quality-service] [main] o.s.b.w.embedded.tomcat.TomcatWebServer  : Tomcat started on port 8083 (http) with context path '/'
2026-06-12T10:11:46.790+09:00  INFO 15060 --- [quality-service] [main] com.aims.quality.QualityApplication      : Started QualityApplication in 9.244 seconds (process running for 9.82)
2026-06-12T10:12:11.426+09:00  INFO 15060 --- [quality-service] [http-nio-8083-exec-1] o.a.c.c.C.[Tomcat].[localhost].[/]       : Initializing Spring DispatcherServlet 'dispatcherServlet'
2026-06-12T10:12:11.426+09:00  INFO 15060 --- [quality-service] [http-nio-8083-exec-1] o.s.web.servlet.DispatcherServlet        : Initializing Servlet 'dispatcherServlet'
2026-06-12T10:12:11.429+09:00  INFO 15060 --- [quality-service] [http-nio-8083-exec-1] o.s.web.servlet.DispatcherServlet        : Completed initialization in 2 ms
2026-06-12T10:12:11.890+09:00 DEBUG 15060 --- [quality-service] [http-nio-8083-exec-1] org.hibernate.SQL                        : select irh1_0.id,irh1_0.inspection_type,irh1_0.record_time,irh1_0.risk_score from inspection_risk_history irh1_0
2026-06-12T10:12:18.516+09:00 DEBUG 15060 --- [quality-service] [http-nio-8083-exec-5] org.hibernate.SQL                        : select irh1_0.id,irh1_0.inspection_type,irh1_0.record_time,irh1_0.risk_score from inspection_risk_history irh1_0
2026-06-12T10:12:18.516+09:00 DEBUG 15060 --- [quality-service] [http-nio-8083-exec-2] org.hibernate.SQL                        : select ip1_0.id,ip1_0.completed_count,ip1_0.created_at,ip1_0.process_name,ip1_0.process_status,ip1_0.progress_rate,ip1_0.total_vehicle_count,ip1_0.waiting_count from inspection_process ip1_0
2026-06-12T10:12:18.526+09:00 DEBUG 15060 --- [quality-service] [http-nio-8083-exec-6] org.hibernate.SQL                        : select isd1_0.id,isd1_0.att,isd1_0.battery_voltage,isd1_0.car_code,isd1_0.created_at,isd1_0.fuel_rate,isd1_0.gear,isd1_0.inspection_no,isd1_0.inspection_result,isd1_0.issue_message,isd1_0.speed,isd1_0.status_score,isd1_0.vehicle_id from inspection_status_detail isd1_0
2026-06-12T10:12:18.527+09:00 DEBUG 15060 --- [quality-service] [http-nio-8083-exec-4] org.hibernate.SQL                        : select idd1_0.id,idd1_0.brake_pressure,idd1_0.car_code,idd1_0.created_at,idd1_0.drive_score,idd1_0.driving_pattern,idd1_0.inspection_no,idd1_0.inspection_result,idd1_0.issue_message,idd1_0.steering_angle,idd1_0.throttle_position,idd1_0.vehicle_id from inspection_drive_detail idd1_0
2026-06-12T10:12:18.527+09:00 DEBUG 15060 --- [quality-service] [http-nio-8083-exec-3] org.hibernate.SQL                        : select is1_0.id,is1_0.abnormal_count,is1_0.abnormal_rate,is1_0.created_at,is1_0.normal_count,is1_0.normal_rate,is1_0.stanby_count,is1_0.total_count from inspection_summary is1_0
2026-06-12T10:12:18.760+09:00 DEBUG 15060 --- [quality-service] [http-nio-8083-exec-8] org.hibernate.SQL                        : select irh1_0.id,irh1_0.inspection_type,irh1_0.record_time,irh1_0.risk_score from inspection_risk_history irh1_0
2026-06-12T10:12:18.779+09:00 DEBUG 15060 --- [quality-service] [http-nio-8083-exec-9] org.hibernate.SQL                        : select ip1_0.id,ip1_0.completed_count,ip1_0.created_at,ip1_0.process_name,ip1_0.process_status,ip1_0.progress_rate,ip1_0.total_vehicle_count,ip1_0.waiting_count from inspection_process ip1_0
2026-06-12T10:12:18.813+09:00 DEBUG 15060 --- [quality-service] [http-nio-8083-exec-7] org.hibernate.SQL                        : select is1_0.id,is1_0.abnormal_count,is1_0.abnormal_rate,is1_0.created_at,is1_0.normal_count,is1_0.normal_rate,is1_0.stanby_count,is1_0.total_count from inspection_summary is1_0
2026-06-12T10:12:18.820+09:00 DEBUG 15060 --- [quality-service] [http-nio-8083-exec-10] org.hibernate.SQL                        : select isd1_0.id,isd1_0.att,isd1_0.battery_voltage,isd1_0.car_code,isd1_0.created_at,isd1_0.fuel_rate,isd1_0.gear,isd1_0.inspection_no,isd1_0.inspection_result,isd1_0.issue_message,isd1_0.speed,isd1_0.status_score,isd1_0.vehicle_id from inspection_status_detail isd1_0
2026-06-12T10:12:18.837+09:00 DEBUG 15060 --- [quality-service] [http-nio-8083-exec-4] org.hibernate.SQL                        : select idd1_0.id,idd1_0.brake_pressure,idd1_0.car_code,idd1_0.created_at,idd1_0.drive_score,idd1_0.driving_pattern,idd1_0.inspection_no,idd1_0.inspection_result,idd1_0.issue_message,idd1_0.steering_angle,idd1_0.throttle_position,idd1_0.vehicle_id from inspection_drive_detail idd1_0
2026-06-12T10:16:48.454+09:00 DEBUG 15060 --- [quality-service] [http-nio-8083-exec-4] org.hibernate.SQL                        : select isd1_0.id,isd1_0.att,isd1_0.battery_voltage,isd1_0.car_code,isd1_0.created_at,isd1_0.fuel_rate,isd1_0.gear,isd1_0.inspection_no,isd1_0.inspection_result,isd1_0.issue_message,isd1_0.speed,isd1_0.status_score,isd1_0.vehicle_id from inspection_status_detail isd1_0
2026-06-12T10:16:48.454+09:00 DEBUG 15060 --- [quality-service] [http-nio-8083-exec-6] org.hibernate.SQL                        : select idd1_0.id,idd1_0.brake_pressure,idd1_0.car_code,idd1_0.created_at,idd1_0.drive_score,idd1_0.driving_pattern,idd1_0.inspection_no,idd1_0.inspection_result,idd1_0.issue_message,idd1_0.steering_angle,idd1_0.throttle_position,idd1_0.vehicle_id from inspection_drive_detail idd1_0
2026-06-12T10:16:48.454+09:00 DEBUG 15060 --- [quality-service] [http-nio-8083-exec-1] org.hibernate.SQL                        : select irh1_0.id,irh1_0.inspection_type,irh1_0.record_time,irh1_0.risk_score from inspection_risk_history irh1_0
2026-06-12T10:16:48.454+09:00 DEBUG 15060 --- [quality-service] [http-nio-8083-exec-7] org.hibernate.SQL                        : select ip1_0.id,ip1_0.completed_count,ip1_0.created_at,ip1_0.process_name,ip1_0.process_status,ip1_0.progress_rate,ip1_0.total_vehicle_count,ip1_0.waiting_count from inspection_process ip1_0
2026-06-12T10:16:48.456+09:00 DEBUG 15060 --- [quality-service] [http-nio-8083-exec-10] org.hibernate.SQL                        : select is1_0.id,is1_0.abnormal_count,is1_0.abnormal_rate,is1_0.created_at,is1_0.normal_count,is1_0.normal_rate,is1_0.stanby_count,is1_0.total_count from inspection_summary is1_0
2026-06-12T10:16:48.565+09:00 DEBUG 15060 --- [quality-service] [http-nio-8083-exec-8] org.hibernate.SQL                        : select irh1_0.id,irh1_0.inspection_type,irh1_0.record_time,irh1_0.risk_score from inspection_risk_history irh1_0
2026-06-12T10:16:48.578+09:00 DEBUG 15060 --- [quality-service] [http-nio-8083-exec-3] org.hibernate.SQL                        : select ip1_0.id,ip1_0.completed_count,ip1_0.created_at,ip1_0.process_name,ip1_0.process_status,ip1_0.progress_rate,ip1_0.total_vehicle_count,ip1_0.waiting_count from inspection_process ip1_0
2026-06-12T10:16:48.599+09:00 DEBUG 15060 --- [quality-service] [http-nio-8083-exec-2] org.hibernate.SQL                        : select isd1_0.id,isd1_0.att,isd1_0.battery_voltage,isd1_0.car_code,isd1_0.created_at,isd1_0.fuel_rate,isd1_0.gear,isd1_0.inspection_no,isd1_0.inspection_result,isd1_0.issue_message,isd1_0.speed,isd1_0.status_score,isd1_0.vehicle_id from inspection_status_detail isd1_0
2026-06-12T10:16:48.620+09:00 DEBUG 15060 --- [quality-service] [http-nio-8083-exec-5] org.hibernate.SQL                        : select is1_0.id,is1_0.abnormal_count,is1_0.abnormal_rate,is1_0.created_at,is1_0.normal_count,is1_0.normal_rate,is1_0.stanby_count,is1_0.total_count from inspection_summary is1_0
2026-06-12T10:16:48.620+09:00 DEBUG 15060 --- [quality-service] [http-nio-8083-exec-9] org.hibernate.SQL                        : select idd1_0.id,idd1_0.brake_pressure,idd1_0.car_code,idd1_0.created_at,idd1_0.drive_score,idd1_0.driving_pattern,idd1_0.inspection_no,idd1_0.inspection_result,idd1_0.issue_message,idd1_0.steering_angle,idd1_0.throttle_position,idd1_0.vehicle_id from inspection_drive_detail idd1_0
2026-06-12T10:48:26.196+09:00 DEBUG 15060 --- [quality-service] [http-nio-8083-exec-2] org.hibernate.SQL                        : select is1_0.id,is1_0.abnormal_count,is1_0.abnormal_rate,is1_0.created_at,is1_0.normal_count,is1_0.normal_rate,is1_0.stanby_count,is1_0.total_count from inspection_summary is1_0
2026-06-12T10:48:26.224+09:00 DEBUG 15060 --- [quality-service] [http-nio-8083-exec-5] org.hibernate.SQL                        : select irh1_0.id,irh1_0.inspection_type,irh1_0.record_time,irh1_0.risk_score from inspection_risk_history irh1_0
2026-06-12T10:48:26.224+09:00 DEBUG 15060 --- [quality-service] [http-nio-8083-exec-8] org.hibernate.SQL                        : select ip1_0.id,ip1_0.completed_count,ip1_0.created_at,ip1_0.process_name,ip1_0.process_status,ip1_0.progress_rate,ip1_0.total_vehicle_count,ip1_0.waiting_count from inspection_process ip1_0
2026-06-12T10:48:26.226+09:00 DEBUG 15060 --- [quality-service] [http-nio-8083-exec-1] org.hibernate.SQL                        : select idd1_0.id,idd1_0.brake_pressure,idd1_0.car_code,idd1_0.created_at,idd1_0.drive_score,idd1_0.driving_pattern,idd1_0.inspection_no,idd1_0.inspection_result,idd1_0.issue_message,idd1_0.steering_angle,idd1_0.throttle_position,idd1_0.vehicle_id from inspection_drive_detail idd1_0
2026-06-12T10:48:26.226+09:00 DEBUG 15060 --- [quality-service] [http-nio-8083-exec-9] org.hibernate.SQL                        : select isd1_0.id,isd1_0.att,isd1_0.battery_voltage,isd1_0.car_code,isd1_0.created_at,isd1_0.fuel_rate,isd1_0.gear,isd1_0.inspection_no,isd1_0.inspection_result,isd1_0.issue_message,isd1_0.speed,isd1_0.status_score,isd1_0.vehicle_id from inspection_status_detail isd1_0
2026-06-12T10:48:26.325+09:00 DEBUG 15060 --- [quality-service] [http-nio-8083-exec-10] org.hibernate.SQL                        : select is1_0.id,is1_0.abnormal_count,is1_0.abnormal_rate,is1_0.created_at,is1_0.normal_count,is1_0.normal_rate,is1_0.stanby_count,is1_0.total_count from inspection_summary is1_0
2026-06-12T10:48:26.325+09:00 DEBUG 15060 --- [quality-service] [http-nio-8083-exec-7] org.hibernate.SQL                        : select ip1_0.id,ip1_0.completed_count,ip1_0.created_at,ip1_0.process_name,ip1_0.process_status,ip1_0.progress_rate,ip1_0.total_vehicle_count,ip1_0.waiting_count from inspection_process ip1_0
2026-06-12T10:48:26.342+09:00 DEBUG 15060 --- [quality-service] [http-nio-8083-exec-4] org.hibernate.SQL                        : select irh1_0.id,irh1_0.inspection_type,irh1_0.record_time,irh1_0.risk_score from inspection_risk_history irh1_0
2026-06-12T10:48:26.361+09:00 DEBUG 15060 --- [quality-service] [http-nio-8083-exec-6] org.hibernate.SQL                        : select isd1_0.id,isd1_0.att,isd1_0.battery_voltage,isd1_0.car_code,isd1_0.created_at,isd1_0.fuel_rate,isd1_0.gear,isd1_0.inspection_no,isd1_0.inspection_result,isd1_0.issue_message,isd1_0.speed,isd1_0.status_score,isd1_0.vehicle_id from inspection_status_detail isd1_0
2026-06-12T10:48:26.371+09:00 DEBUG 15060 --- [quality-service] [http-nio-8083-exec-3] org.hibernate.SQL                        : select idd1_0.id,idd1_0.brake_pressure,idd1_0.car_code,idd1_0.created_at,idd1_0.drive_score,idd1_0.driving_pattern,idd1_0.inspection_no,idd1_0.inspection_result,idd1_0.issue_message,idd1_0.steering_angle,idd1_0.throttle_position,idd1_0.vehicle_id from inspection_drive_detail idd1_0
2026-06-12T10:49:12.932+09:00 DEBUG 15060 --- [quality-service] [http-nio-8083-exec-2] org.hibernate.SQL                        : select irh1_0.id,irh1_0.inspection_type,irh1_0.record_time,irh1_0.risk_score from inspection_risk_history irh1_0
2026-06-12T10:49:12.932+09:00 DEBUG 15060 --- [quality-service] [http-nio-8083-exec-9] org.hibernate.SQL                        : select isd1_0.id,isd1_0.att,isd1_0.battery_voltage,isd1_0.car_code,isd1_0.created_at,isd1_0.fuel_rate,isd1_0.gear,isd1_0.inspection_no,isd1_0.inspection_result,isd1_0.issue_message,isd1_0.speed,isd1_0.status_score,isd1_0.vehicle_id from inspection_status_detail isd1_0
2026-06-12T10:49:12.986+09:00 DEBUG 15060 --- [quality-service] [http-nio-8083-exec-8] org.hibernate.SQL                        : select is1_0.id,is1_0.abnormal_count,is1_0.abnormal_rate,is1_0.created_at,is1_0.normal_count,is1_0.normal_rate,is1_0.stanby_count,is1_0.total_count from inspection_summary is1_0
2026-06-12T10:49:13.018+09:00 DEBUG 15060 --- [quality-service] [http-nio-8083-exec-5] org.hibernate.SQL                        : select ip1_0.id,ip1_0.completed_count,ip1_0.created_at,ip1_0.process_name,ip1_0.process_status,ip1_0.progress_rate,ip1_0.total_vehicle_count,ip1_0.waiting_count from inspection_process ip1_0
2026-06-12T10:49:13.018+09:00 DEBUG 15060 --- [quality-service] [http-nio-8083-exec-1] org.hibernate.SQL                        : select idd1_0.id,idd1_0.brake_pressure,idd1_0.car_code,idd1_0.created_at,idd1_0.drive_score,idd1_0.driving_pattern,idd1_0.inspection_no,idd1_0.inspection_result,idd1_0.issue_message,idd1_0.steering_angle,idd1_0.throttle_position,idd1_0.vehicle_id from inspection_drive_detail idd1_0
2026-06-12T10:49:13.418+09:00 DEBUG 15060 --- [quality-service] [http-nio-8083-exec-7] org.hibernate.SQL                        : select irh1_0.id,irh1_0.inspection_type,irh1_0.record_time,irh1_0.risk_score from inspection_risk_history irh1_0
2026-06-12T10:49:13.432+09:00 DEBUG 15060 --- [quality-service] [http-nio-8083-exec-10] org.hibernate.SQL                        : select is1_0.id,is1_0.abnormal_count,is1_0.abnormal_rate,is1_0.created_at,is1_0.normal_count,is1_0.normal_rate,is1_0.stanby_count,is1_0.total_count from inspection_summary is1_0
2026-06-12T10:49:13.432+09:00 DEBUG 15060 --- [quality-service] [http-nio-8083-exec-4] org.hibernate.SQL                        : select ip1_0.id,ip1_0.completed_count,ip1_0.created_at,ip1_0.process_name,ip1_0.process_status,ip1_0.progress_rate,ip1_0.total_vehicle_count,ip1_0.waiting_count from inspection_process ip1_0
2026-06-12T10:49:13.558+09:00 DEBUG 15060 --- [quality-service] [http-nio-8083-exec-6] org.hibernate.SQL                        : select isd1_0.id,isd1_0.att,isd1_0.battery_voltage,isd1_0.car_code,isd1_0.created_at,isd1_0.fuel_rate,isd1_0.gear,isd1_0.inspection_no,isd1_0.inspection_result,isd1_0.issue_message,isd1_0.speed,isd1_0.status_score,isd1_0.vehicle_id from inspection_status_detail isd1_0
2026-06-12T10:49:13.570+09:00 DEBUG 15060 --- [quality-service] [http-nio-8083-exec-3] org.hibernate.SQL                        : select idd1_0.id,idd1_0.brake_pressure,idd1_0.car_code,idd1_0.created_at,idd1_0.drive_score,idd1_0.driving_pattern,idd1_0.inspection_no,idd1_0.inspection_result,idd1_0.issue_message,idd1_0.steering_angle,idd1_0.throttle_position,idd1_0.vehicle_id from inspection_drive_detail idd1_0
2026-06-12T11:00:47.096+09:00 DEBUG 15060 --- [quality-service] [http-nio-8083-exec-10] org.hibernate.SQL                        : select is1_0.id,is1_0.abnormal_count,is1_0.abnormal_rate,is1_0.created_at,is1_0.normal_count,is1_0.normal_rate,is1_0.stanby_count,is1_0.total_count from inspection_summary is1_0
2026-06-12T11:00:47.096+09:00 DEBUG 15060 --- [quality-service] [http-nio-8083-exec-6] org.hibernate.SQL                        : select isd1_0.id,isd1_0.att,isd1_0.battery_voltage,isd1_0.car_code,isd1_0.created_at,isd1_0.fuel_rate,isd1_0.gear,isd1_0.inspection_no,isd1_0.inspection_result,isd1_0.issue_message,isd1_0.speed,isd1_0.status_score,isd1_0.vehicle_id from inspection_status_detail isd1_0
2026-06-12T11:00:47.111+09:00 DEBUG 15060 --- [quality-service] [http-nio-8083-exec-4] org.hibernate.SQL                        : select ip1_0.id,ip1_0.completed_count,ip1_0.created_at,ip1_0.process_name,ip1_0.process_status,ip1_0.progress_rate,ip1_0.total_vehicle_count,ip1_0.waiting_count from inspection_process ip1_0
2026-06-12T11:00:47.111+09:00 DEBUG 15060 --- [quality-service] [http-nio-8083-exec-5] org.hibernate.SQL                        : select idd1_0.id,idd1_0.brake_pressure,idd1_0.car_code,idd1_0.created_at,idd1_0.drive_score,idd1_0.driving_pattern,idd1_0.inspection_no,idd1_0.inspection_result,idd1_0.issue_message,idd1_0.steering_angle,idd1_0.throttle_position,idd1_0.vehicle_id from inspection_drive_detail idd1_0
2026-06-12T11:00:47.129+09:00 DEBUG 15060 --- [quality-service] [http-nio-8083-exec-3] org.hibernate.SQL                        : select irh1_0.id,irh1_0.inspection_type,irh1_0.record_time,irh1_0.risk_score from inspection_risk_history irh1_0
2026-06-12T11:00:47.265+09:00 DEBUG 15060 --- [quality-service] [http-nio-8083-exec-8] org.hibernate.SQL                        : select ip1_0.id,ip1_0.completed_count,ip1_0.created_at,ip1_0.process_name,ip1_0.process_status,ip1_0.progress_rate,ip1_0.total_vehicle_count,ip1_0.waiting_count from inspection_process ip1_0
2026-06-12T11:00:47.265+09:00 DEBUG 15060 --- [quality-service] [http-nio-8083-exec-9] org.hibernate.SQL                        : select isd1_0.id,isd1_0.att,isd1_0.battery_voltage,isd1_0.car_code,isd1_0.created_at,isd1_0.fuel_rate,isd1_0.gear,isd1_0.inspection_no,isd1_0.inspection_result,isd1_0.issue_message,isd1_0.speed,isd1_0.status_score,isd1_0.vehicle_id from inspection_status_detail isd1_0
2026-06-12T11:00:47.265+09:00 DEBUG 15060 --- [quality-service] [http-nio-8083-exec-2] org.hibernate.SQL                        : select is1_0.id,is1_0.abnormal_count,is1_0.abnormal_rate,is1_0.created_at,is1_0.normal_count,is1_0.normal_rate,is1_0.stanby_count,is1_0.total_count from inspection_summary is1_0
2026-06-12T11:00:47.296+09:00 DEBUG 15060 --- [quality-service] [http-nio-8083-exec-1] org.hibernate.SQL                        : select irh1_0.id,irh1_0.inspection_type,irh1_0.record_time,irh1_0.risk_score from inspection_risk_history irh1_0
2026-06-12T11:00:47.307+09:00 DEBUG 15060 --- [quality-service] [http-nio-8083-exec-7] org.hibernate.SQL                        : select idd1_0.id,idd1_0.brake_pressure,idd1_0.car_code,idd1_0.created_at,idd1_0.drive_score,idd1_0.driving_pattern,idd1_0.inspection_no,idd1_0.inspection_result,idd1_0.issue_message,idd1_0.steering_angle,idd1_0.throttle_position,idd1_0.vehicle_id from inspection_drive_detail idd1_0
2026-06-12T11:11:52.888+09:00 DEBUG 15060 --- [quality-service] [http-nio-8083-exec-1] org.hibernate.SQL                        : select irh1_0.id,irh1_0.inspection_type,irh1_0.record_time,irh1_0.risk_score from inspection_risk_history irh1_0
2026-06-12T11:11:52.888+09:00 DEBUG 15060 --- [quality-service] [http-nio-8083-exec-9] org.hibernate.SQL                        : select is1_0.id,is1_0.abnormal_count,is1_0.abnormal_rate,is1_0.created_at,is1_0.normal_count,is1_0.normal_rate,is1_0.stanby_count,is1_0.total_count from inspection_summary is1_0
2026-06-12T11:11:52.888+09:00 DEBUG 15060 --- [quality-service] [http-nio-8083-exec-2] org.hibernate.SQL                        : select ip1_0.id,ip1_0.completed_count,ip1_0.created_at,ip1_0.process_name,ip1_0.process_status,ip1_0.progress_rate,ip1_0.total_vehicle_count,ip1_0.waiting_count from inspection_process ip1_0
2026-06-12T11:11:52.888+09:00 DEBUG 15060 --- [quality-service] [http-nio-8083-exec-10] org.hibernate.SQL                        : select idd1_0.id,idd1_0.brake_pressure,idd1_0.car_code,idd1_0.created_at,idd1_0.drive_score,idd1_0.driving_pattern,idd1_0.inspection_no,idd1_0.inspection_result,idd1_0.issue_message,idd1_0.steering_angle,idd1_0.throttle_position,idd1_0.vehicle_id from inspection_drive_detail idd1_0
2026-06-12T11:11:52.888+09:00 DEBUG 15060 --- [quality-service] [http-nio-8083-exec-7] org.hibernate.SQL                        : select isd1_0.id,isd1_0.att,isd1_0.battery_voltage,isd1_0.car_code,isd1_0.created_at,isd1_0.fuel_rate,isd1_0.gear,isd1_0.inspection_no,isd1_0.inspection_result,isd1_0.issue_message,isd1_0.speed,isd1_0.status_score,isd1_0.vehicle_id from inspection_status_detail isd1_0
2026-06-12T11:11:53.023+09:00 DEBUG 15060 --- [quality-service] [http-nio-8083-exec-5] org.hibernate.SQL                        : select irh1_0.id,irh1_0.inspection_type,irh1_0.record_time,irh1_0.risk_score from inspection_risk_history irh1_0
2026-06-12T11:11:53.036+09:00 DEBUG 15060 --- [quality-service] [http-nio-8083-exec-8] org.hibernate.SQL                        : select ip1_0.id,ip1_0.completed_count,ip1_0.created_at,ip1_0.process_name,ip1_0.process_status,ip1_0.progress_rate,ip1_0.total_vehicle_count,ip1_0.waiting_count from inspection_process ip1_0
2026-06-12T11:11:53.023+09:00 DEBUG 15060 --- [quality-service] [http-nio-8083-exec-4] org.hibernate.SQL                        : select isd1_0.id,isd1_0.att,isd1_0.battery_voltage,isd1_0.car_code,isd1_0.created_at,isd1_0.fuel_rate,isd1_0.gear,isd1_0.inspection_no,isd1_0.inspection_result,isd1_0.issue_message,isd1_0.speed,isd1_0.status_score,isd1_0.vehicle_id from inspection_status_detail isd1_0
2026-06-12T11:11:53.039+09:00 DEBUG 15060 --- [quality-service] [http-nio-8083-exec-3] org.hibernate.SQL                        : select is1_0.id,is1_0.abnormal_count,is1_0.abnormal_rate,is1_0.created_at,is1_0.normal_count,is1_0.normal_rate,is1_0.stanby_count,is1_0.total_count from inspection_summary is1_0
2026-06-12T11:11:53.091+09:00 DEBUG 15060 --- [quality-service] [http-nio-8083-exec-6] org.hibernate.SQL                        : select idd1_0.id,idd1_0.brake_pressure,idd1_0.car_code,idd1_0.created_at,idd1_0.drive_score,idd1_0.driving_pattern,idd1_0.inspection_no,idd1_0.inspection_result,idd1_0.issue_message,idd1_0.steering_angle,idd1_0.throttle_position,idd1_0.vehicle_id from inspection_drive_detail idd1_0
2026-06-12T11:11:56.877+09:00 DEBUG 15060 --- [quality-service] [http-nio-8083-exec-1] org.hibernate.SQL                        : select is1_0.id,is1_0.abnormal_count,is1_0.abnormal_rate,is1_0.created_at,is1_0.normal_count,is1_0.normal_rate,is1_0.stanby_count,is1_0.total_count from inspection_summary is1_0
2026-06-12T11:11:56.877+09:00 DEBUG 15060 --- [quality-service] [http-nio-8083-exec-9] org.hibernate.SQL                        : select irh1_0.id,irh1_0.inspection_type,irh1_0.record_time,irh1_0.risk_score from inspection_risk_history irh1_0
2026-06-12T11:11:56.890+09:00 DEBUG 15060 --- [quality-service] [http-nio-8083-exec-2] org.hibernate.SQL                        : select ip1_0.id,ip1_0.completed_count,ip1_0.created_at,ip1_0.process_name,ip1_0.process_status,ip1_0.progress_rate,ip1_0.total_vehicle_count,ip1_0.waiting_count from inspection_process ip1_0
2026-06-12T11:11:56.890+09:00 DEBUG 15060 --- [quality-service] [http-nio-8083-exec-7] org.hibernate.SQL                        : select isd1_0.id,isd1_0.att,isd1_0.battery_voltage,isd1_0.car_code,isd1_0.created_at,isd1_0.fuel_rate,isd1_0.gear,isd1_0.inspection_no,isd1_0.inspection_result,isd1_0.issue_message,isd1_0.speed,isd1_0.status_score,isd1_0.vehicle_id from inspection_status_detail isd1_0
2026-06-12T11:11:56.894+09:00 DEBUG 15060 --- [quality-service] [http-nio-8083-exec-10] org.hibernate.SQL                        : select idd1_0.id,idd1_0.brake_pressure,idd1_0.car_code,idd1_0.created_at,idd1_0.drive_score,idd1_0.driving_pattern,idd1_0.inspection_no,idd1_0.inspection_result,idd1_0.issue_message,idd1_0.steering_angle,idd1_0.throttle_position,idd1_0.vehicle_id from inspection_drive_detail idd1_0
2026-06-12T11:11:56.995+09:00 DEBUG 15060 --- [quality-service] [http-nio-8083-exec-8] org.hibernate.SQL                        : select ip1_0.id,ip1_0.completed_count,ip1_0.created_at,ip1_0.process_name,ip1_0.process_status,ip1_0.progress_rate,ip1_0.total_vehicle_count,ip1_0.waiting_count from inspection_process ip1_0
2026-06-12T11:11:56.995+09:00 DEBUG 15060 --- [quality-service] [http-nio-8083-exec-5] org.hibernate.SQL                        : select irh1_0.id,irh1_0.inspection_type,irh1_0.record_time,irh1_0.risk_score from inspection_risk_history irh1_0
2026-06-12T11:11:57.004+09:00 DEBUG 15060 --- [quality-service] [http-nio-8083-exec-3] org.hibernate.SQL                        : select isd1_0.id,isd1_0.att,isd1_0.battery_voltage,isd1_0.car_code,isd1_0.created_at,isd1_0.fuel_rate,isd1_0.gear,isd1_0.inspection_no,isd1_0.inspection_result,isd1_0.issue_message,isd1_0.speed,isd1_0.status_score,isd1_0.vehicle_id from inspection_status_detail isd1_0
2026-06-12T11:11:57.019+09:00 DEBUG 15060 --- [quality-service] [http-nio-8083-exec-4] org.hibernate.SQL                        : select is1_0.id,is1_0.abnormal_count,is1_0.abnormal_rate,is1_0.created_at,is1_0.normal_count,is1_0.normal_rate,is1_0.stanby_count,is1_0.total_count from inspection_summary is1_0
2026-06-12T11:11:57.024+09:00 DEBUG 15060 --- [quality-service] [http-nio-8083-exec-6] org.hibernate.SQL                        : select idd1_0.id,idd1_0.brake_pressure,idd1_0.car_code,idd1_0.created_at,idd1_0.drive_score,idd1_0.driving_pattern,idd1_0.inspection_no,idd1_0.inspection_result,idd1_0.issue_message,idd1_0.steering_angle,idd1_0.throttle_position,idd1_0.vehicle_id from inspection_drive_detail idd1_0
2026-06-12T11:11:58.199+09:00 DEBUG 15060 --- [quality-service] [http-nio-8083-exec-2] org.hibernate.SQL                        : select ip1_0.id,ip1_0.completed_count,ip1_0.created_at,ip1_0.process_name,ip1_0.process_status,ip1_0.progress_rate,ip1_0.total_vehicle_count,ip1_0.waiting_count from inspection_process ip1_0
2026-06-12T11:11:58.199+09:00 DEBUG 15060 --- [quality-service] [http-nio-8083-exec-7] org.hibernate.SQL                        : select irh1_0.id,irh1_0.inspection_type,irh1_0.record_time,irh1_0.risk_score from inspection_risk_history irh1_0
2026-06-12T11:11:58.199+09:00 DEBUG 15060 --- [quality-service] [http-nio-8083-exec-1] org.hibernate.SQL                        : select isd1_0.id,isd1_0.att,isd1_0.battery_voltage,isd1_0.car_code,isd1_0.created_at,isd1_0.fuel_rate,isd1_0.gear,isd1_0.inspection_no,isd1_0.inspection_result,isd1_0.issue_message,isd1_0.speed,isd1_0.status_score,isd1_0.vehicle_id from inspection_status_detail isd1_0
2026-06-12T11:11:58.199+09:00 DEBUG 15060 --- [quality-service] [http-nio-8083-exec-9] org.hibernate.SQL                        : select is1_0.id,is1_0.abnormal_count,is1_0.abnormal_rate,is1_0.created_at,is1_0.normal_count,is1_0.normal_rate,is1_0.stanby_count,is1_0.total_count from inspection_summary is1_0
2026-06-12T11:11:58.199+09:00 DEBUG 15060 --- [quality-service] [http-nio-8083-exec-10] org.hibernate.SQL                        : select idd1_0.id,idd1_0.brake_pressure,idd1_0.car_code,idd1_0.created_at,idd1_0.drive_score,idd1_0.driving_pattern,idd1_0.inspection_no,idd1_0.inspection_result,idd1_0.issue_message,idd1_0.steering_angle,idd1_0.throttle_position,idd1_0.vehicle_id from inspection_drive_detail idd1_0
2026-06-12T11:11:58.321+09:00 DEBUG 15060 --- [quality-service] [http-nio-8083-exec-8] org.hibernate.SQL                        : select ip1_0.id,ip1_0.completed_count,ip1_0.created_at,ip1_0.process_name,ip1_0.process_status,ip1_0.progress_rate,ip1_0.total_vehicle_count,ip1_0.waiting_count from inspection_process ip1_0
2026-06-12T11:11:58.323+09:00 DEBUG 15060 --- [quality-service] [http-nio-8083-exec-4] org.hibernate.SQL                        : select is1_0.id,is1_0.abnormal_count,is1_0.abnormal_rate,is1_0.created_at,is1_0.normal_count,is1_0.normal_rate,is1_0.stanby_count,is1_0.total_count from inspection_summary is1_0
2026-06-12T11:11:58.323+09:00 DEBUG 15060 --- [quality-service] [http-nio-8083-exec-3] org.hibernate.SQL                        : select idd1_0.id,idd1_0.brake_pressure,idd1_0.car_code,idd1_0.created_at,idd1_0.drive_score,idd1_0.driving_pattern,idd1_0.inspection_no,idd1_0.inspection_result,idd1_0.issue_message,idd1_0.steering_angle,idd1_0.throttle_position,idd1_0.vehicle_id from inspection_drive_detail idd1_0
2026-06-12T11:11:58.323+09:00 DEBUG 15060 --- [quality-service] [http-nio-8083-exec-5] org.hibernate.SQL                        : select irh1_0.id,irh1_0.inspection_type,irh1_0.record_time,irh1_0.risk_score from inspection_risk_history irh1_0
2026-06-12T11:11:58.339+09:00 DEBUG 15060 --- [quality-service] [http-nio-8083-exec-6] org.hibernate.SQL                        : select isd1_0.id,isd1_0.att,isd1_0.battery_voltage,isd1_0.car_code,isd1_0.created_at,isd1_0.fuel_rate,isd1_0.gear,isd1_0.inspection_no,isd1_0.inspection_result,isd1_0.issue_message,isd1_0.speed,isd1_0.status_score,isd1_0.vehicle_id from inspection_status_detail isd1_0
2026-06-12T11:11:58.828+09:00 DEBUG 15060 --- [quality-service] [http-nio-8083-exec-2] org.hibernate.SQL                        : select ip1_0.id,ip1_0.completed_count,ip1_0.created_at,ip1_0.process_name,ip1_0.process_status,ip1_0.progress_rate,ip1_0.total_vehicle_count,ip1_0.waiting_count from inspection_process ip1_0
2026-06-12T11:11:58.828+09:00 DEBUG 15060 --- [quality-service] [http-nio-8083-exec-9] org.hibernate.SQL                        : select irh1_0.id,irh1_0.inspection_type,irh1_0.record_time,irh1_0.risk_score from inspection_risk_history irh1_0
2026-06-12T11:11:58.828+09:00 DEBUG 15060 --- [quality-service] [http-nio-8083-exec-10] org.hibernate.SQL                        : select isd1_0.id,isd1_0.att,isd1_0.battery_voltage,isd1_0.car_code,isd1_0.created_at,isd1_0.fuel_rate,isd1_0.gear,isd1_0.inspection_no,isd1_0.inspection_result,isd1_0.issue_message,isd1_0.speed,isd1_0.status_score,isd1_0.vehicle_id from inspection_status_detail isd1_0
2026-06-12T11:11:58.828+09:00 DEBUG 15060 --- [quality-service] [http-nio-8083-exec-7] org.hibernate.SQL                        : select is1_0.id,is1_0.abnormal_count,is1_0.abnormal_rate,is1_0.created_at,is1_0.normal_count,is1_0.normal_rate,is1_0.stanby_count,is1_0.total_count from inspection_summary is1_0
2026-06-12T11:11:58.829+09:00 DEBUG 15060 --- [quality-service] [http-nio-8083-exec-1] org.hibernate.SQL                        : select idd1_0.id,idd1_0.brake_pressure,idd1_0.car_code,idd1_0.created_at,idd1_0.drive_score,idd1_0.driving_pattern,idd1_0.inspection_no,idd1_0.inspection_result,idd1_0.issue_message,idd1_0.steering_angle,idd1_0.throttle_position,idd1_0.vehicle_id from inspection_drive_detail idd1_0
2026-06-12T11:11:58.932+09:00 DEBUG 15060 --- [quality-service] [http-nio-8083-exec-8] org.hibernate.SQL                        : select ip1_0.id,ip1_0.completed_count,ip1_0.created_at,ip1_0.process_name,ip1_0.process_status,ip1_0.progress_rate,ip1_0.total_vehicle_count,ip1_0.waiting_count from inspection_process ip1_0
2026-06-12T11:11:58.940+09:00 DEBUG 15060 --- [quality-service] [http-nio-8083-exec-6] org.hibernate.SQL                        : select idd1_0.id,idd1_0.brake_pressure,idd1_0.car_code,idd1_0.created_at,idd1_0.drive_score,idd1_0.driving_pattern,idd1_0.inspection_no,idd1_0.inspection_result,idd1_0.issue_message,idd1_0.steering_angle,idd1_0.throttle_position,idd1_0.vehicle_id from inspection_drive_detail idd1_0
2026-06-12T11:11:58.940+09:00 DEBUG 15060 --- [quality-service] [http-nio-8083-exec-4] org.hibernate.SQL                        : select is1_0.id,is1_0.abnormal_count,is1_0.abnormal_rate,is1_0.created_at,is1_0.normal_count,is1_0.normal_rate,is1_0.stanby_count,is1_0.total_count from inspection_summary is1_0
2026-06-12T11:11:58.940+09:00 DEBUG 15060 --- [quality-service] [http-nio-8083-exec-3] org.hibernate.SQL                        : select isd1_0.id,isd1_0.att,isd1_0.battery_voltage,isd1_0.car_code,isd1_0.created_at,isd1_0.fuel_rate,isd1_0.gear,isd1_0.inspection_no,isd1_0.inspection_result,isd1_0.issue_message,isd1_0.speed,isd1_0.status_score,isd1_0.vehicle_id from inspection_status_detail isd1_0
2026-06-12T11:11:58.940+09:00 DEBUG 15060 --- [quality-service] [http-nio-8083-exec-5] org.hibernate.SQL                        : select irh1_0.id,irh1_0.inspection_type,irh1_0.record_time,irh1_0.risk_score from inspection_risk_history irh1_0
2026-06-12T11:11:59.338+09:00 DEBUG 15060 --- [quality-service] [http-nio-8083-exec-10] org.hibernate.SQL                        : select isd1_0.id,isd1_0.att,isd1_0.battery_voltage,isd1_0.car_code,isd1_0.created_at,isd1_0.fuel_rate,isd1_0.gear,isd1_0.inspection_no,isd1_0.inspection_result,isd1_0.issue_message,isd1_0.speed,isd1_0.status_score,isd1_0.vehicle_id from inspection_status_detail isd1_0
2026-06-12T11:11:59.338+09:00 DEBUG 15060 --- [quality-service] [http-nio-8083-exec-1] org.hibernate.SQL                        : select idd1_0.id,idd1_0.brake_pressure,idd1_0.car_code,idd1_0.created_at,idd1_0.drive_score,idd1_0.driving_pattern,idd1_0.inspection_no,idd1_0.inspection_result,idd1_0.issue_message,idd1_0.steering_angle,idd1_0.throttle_position,idd1_0.vehicle_id from inspection_drive_detail idd1_0
2026-06-12T11:11:59.338+09:00 DEBUG 15060 --- [quality-service] [http-nio-8083-exec-9] org.hibernate.SQL                        : select is1_0.id,is1_0.abnormal_count,is1_0.abnormal_rate,is1_0.created_at,is1_0.normal_count,is1_0.normal_rate,is1_0.stanby_count,is1_0.total_count from inspection_summary is1_0
2026-06-12T11:11:59.338+09:00 DEBUG 15060 --- [quality-service] [http-nio-8083-exec-2] org.hibernate.SQL                        : select ip1_0.id,ip1_0.completed_count,ip1_0.created_at,ip1_0.process_name,ip1_0.process_status,ip1_0.progress_rate,ip1_0.total_vehicle_count,ip1_0.waiting_count from inspection_process ip1_0
2026-06-12T11:11:59.340+09:00 DEBUG 15060 --- [quality-service] [http-nio-8083-exec-7] org.hibernate.SQL                        : select irh1_0.id,irh1_0.inspection_type,irh1_0.record_time,irh1_0.risk_score from inspection_risk_history irh1_0
2026-06-12T11:11:59.442+09:00 DEBUG 15060 --- [quality-service] [http-nio-8083-exec-5] org.hibernate.SQL                        : select isd1_0.id,isd1_0.att,isd1_0.battery_voltage,isd1_0.car_code,isd1_0.created_at,isd1_0.fuel_rate,isd1_0.gear,isd1_0.inspection_no,isd1_0.inspection_result,isd1_0.issue_message,isd1_0.speed,isd1_0.status_score,isd1_0.vehicle_id from inspection_status_detail isd1_0
2026-06-12T11:11:59.442+09:00 DEBUG 15060 --- [quality-service] [http-nio-8083-exec-4] org.hibernate.SQL                        : select is1_0.id,is1_0.abnormal_count,is1_0.abnormal_rate,is1_0.created_at,is1_0.normal_count,is1_0.normal_rate,is1_0.stanby_count,is1_0.total_count from inspection_summary is1_0
2026-06-12T11:11:59.442+09:00 DEBUG 15060 --- [quality-service] [http-nio-8083-exec-3] org.hibernate.SQL                        : select irh1_0.id,irh1_0.inspection_type,irh1_0.record_time,irh1_0.risk_score from inspection_risk_history irh1_0
2026-06-12T11:11:59.442+09:00 DEBUG 15060 --- [quality-service] [http-nio-8083-exec-8] org.hibernate.SQL                        : select ip1_0.id,ip1_0.completed_count,ip1_0.created_at,ip1_0.process_name,ip1_0.process_status,ip1_0.progress_rate,ip1_0.total_vehicle_count,ip1_0.waiting_count from inspection_process ip1_0
2026-06-12T11:11:59.457+09:00 DEBUG 15060 --- [quality-service] [http-nio-8083-exec-6] org.hibernate.SQL                        : select idd1_0.id,idd1_0.brake_pressure,idd1_0.car_code,idd1_0.created_at,idd1_0.drive_score,idd1_0.driving_pattern,idd1_0.inspection_no,idd1_0.inspection_result,idd1_0.issue_message,idd1_0.steering_angle,idd1_0.throttle_position,idd1_0.vehicle_id from inspection_drive_detail idd1_0
2026-06-12T11:12:40.865+09:00 DEBUG 15060 --- [quality-service] [http-nio-8083-exec-9] org.hibernate.SQL                        : select isd1_0.id,isd1_0.att,isd1_0.battery_voltage,isd1_0.car_code,isd1_0.created_at,isd1_0.fuel_rate,isd1_0.gear,isd1_0.inspection_no,isd1_0.inspection_result,isd1_0.issue_message,isd1_0.speed,isd1_0.status_score,isd1_0.vehicle_id from inspection_status_detail isd1_0
2026-06-12T11:12:40.865+09:00 DEBUG 15060 --- [quality-service] [http-nio-8083-exec-10] org.hibernate.SQL                        : select is1_0.id,is1_0.abnormal_count,is1_0.abnormal_rate,is1_0.created_at,is1_0.normal_count,is1_0.normal_rate,is1_0.stanby_count,is1_0.total_count from inspection_summary is1_0
2026-06-12T11:12:40.865+09:00 DEBUG 15060 --- [quality-service] [http-nio-8083-exec-1] org.hibernate.SQL                        : select idd1_0.id,idd1_0.brake_pressure,idd1_0.car_code,idd1_0.created_at,idd1_0.drive_score,idd1_0.driving_pattern,idd1_0.inspection_no,idd1_0.inspection_result,idd1_0.issue_message,idd1_0.steering_angle,idd1_0.throttle_position,idd1_0.vehicle_id from inspection_drive_detail idd1_0
2026-06-12T11:12:40.865+09:00 DEBUG 15060 --- [quality-service] [http-nio-8083-exec-2] org.hibernate.SQL                        : select ip1_0.id,ip1_0.completed_count,ip1_0.created_at,ip1_0.process_name,ip1_0.process_status,ip1_0.progress_rate,ip1_0.total_vehicle_count,ip1_0.waiting_count from inspection_process ip1_0
2026-06-12T11:12:40.865+09:00 DEBUG 15060 --- [quality-service] [http-nio-8083-exec-7] org.hibernate.SQL                        : select irh1_0.id,irh1_0.inspection_type,irh1_0.record_time,irh1_0.risk_score from inspection_risk_history irh1_0
2026-06-12T11:12:41.036+09:00 DEBUG 15060 --- [quality-service] [http-nio-8083-exec-8] org.hibernate.SQL                        : select irh1_0.id,irh1_0.inspection_type,irh1_0.record_time,irh1_0.risk_score from inspection_risk_history irh1_0
2026-06-12T11:12:41.059+09:00 DEBUG 15060 --- [quality-service] [http-nio-8083-exec-3] org.hibernate.SQL                        : select ip1_0.id,ip1_0.completed_count,ip1_0.created_at,ip1_0.process_name,ip1_0.process_status,ip1_0.progress_rate,ip1_0.total_vehicle_count,ip1_0.waiting_count from inspection_process ip1_0
2026-06-12T11:12:41.059+09:00 DEBUG 15060 --- [quality-service] [http-nio-8083-exec-4] org.hibernate.SQL                        : select isd1_0.id,isd1_0.att,isd1_0.battery_voltage,isd1_0.car_code,isd1_0.created_at,isd1_0.fuel_rate,isd1_0.gear,isd1_0.inspection_no,isd1_0.inspection_result,isd1_0.issue_message,isd1_0.speed,isd1_0.status_score,isd1_0.vehicle_id from inspection_status_detail isd1_0
2026-06-12T11:12:41.059+09:00 DEBUG 15060 --- [quality-service] [http-nio-8083-exec-5] org.hibernate.SQL                        : select is1_0.id,is1_0.abnormal_count,is1_0.abnormal_rate,is1_0.created_at,is1_0.normal_count,is1_0.normal_rate,is1_0.stanby_count,is1_0.total_count from inspection_summary is1_0
2026-06-12T11:12:41.071+09:00 DEBUG 15060 --- [quality-service] [http-nio-8083-exec-6] org.hibernate.SQL                        : select idd1_0.id,idd1_0.brake_pressure,idd1_0.car_code,idd1_0.created_at,idd1_0.drive_score,idd1_0.driving_pattern,idd1_0.inspection_no,idd1_0.inspection_result,idd1_0.issue_message,idd1_0.steering_angle,idd1_0.throttle_position,idd1_0.vehicle_id from inspection_drive_detail idd1_0
2026-06-12T11:12:43.388+09:00 DEBUG 15060 --- [quality-service] [http-nio-8083-exec-2] org.hibernate.SQL                        : select ip1_0.id,ip1_0.completed_count,ip1_0.created_at,ip1_0.process_name,ip1_0.process_status,ip1_0.progress_rate,ip1_0.total_vehicle_count,ip1_0.waiting_count from inspection_process ip1_0
2026-06-12T11:12:43.392+09:00 DEBUG 15060 --- [quality-service] [http-nio-8083-exec-7] org.hibernate.SQL                        : select is1_0.id,is1_0.abnormal_count,is1_0.abnormal_rate,is1_0.created_at,is1_0.normal_count,is1_0.normal_rate,is1_0.stanby_count,is1_0.total_count from inspection_summary is1_0
2026-06-12T11:12:43.392+09:00 DEBUG 15060 --- [quality-service] [http-nio-8083-exec-10] org.hibernate.SQL                        : select irh1_0.id,irh1_0.inspection_type,irh1_0.record_time,irh1_0.risk_score from inspection_risk_history irh1_0
2026-06-12T11:12:43.402+09:00 DEBUG 15060 --- [quality-service] [http-nio-8083-exec-9] org.hibernate.SQL                        : select isd1_0.id,isd1_0.att,isd1_0.battery_voltage,isd1_0.car_code,isd1_0.created_at,isd1_0.fuel_rate,isd1_0.gear,isd1_0.inspection_no,isd1_0.inspection_result,isd1_0.issue_message,isd1_0.speed,isd1_0.status_score,isd1_0.vehicle_id from inspection_status_detail isd1_0
2026-06-12T11:12:43.402+09:00 DEBUG 15060 --- [quality-service] [http-nio-8083-exec-1] org.hibernate.SQL                        : select idd1_0.id,idd1_0.brake_pressure,idd1_0.car_code,idd1_0.created_at,idd1_0.drive_score,idd1_0.driving_pattern,idd1_0.inspection_no,idd1_0.inspection_result,idd1_0.issue_message,idd1_0.steering_angle,idd1_0.throttle_position,idd1_0.vehicle_id from inspection_drive_detail idd1_0
2026-06-12T11:12:43.488+09:00 DEBUG 15060 --- [quality-service] [http-nio-8083-exec-3] org.hibernate.SQL                        : select ip1_0.id,ip1_0.completed_count,ip1_0.created_at,ip1_0.process_name,ip1_0.process_status,ip1_0.progress_rate,ip1_0.total_vehicle_count,ip1_0.waiting_count from inspection_process ip1_0
2026-06-12T11:12:43.495+09:00 DEBUG 15060 --- [quality-service] [http-nio-8083-exec-8] org.hibernate.SQL                        : select irh1_0.id,irh1_0.inspection_type,irh1_0.record_time,irh1_0.risk_score from inspection_risk_history irh1_0
2026-06-12T11:12:43.495+09:00 DEBUG 15060 --- [quality-service] [http-nio-8083-exec-5] org.hibernate.SQL                        : select is1_0.id,is1_0.abnormal_count,is1_0.abnormal_rate,is1_0.created_at,is1_0.normal_count,is1_0.normal_rate,is1_0.stanby_count,is1_0.total_count from inspection_summary is1_0
2026-06-12T11:12:43.518+09:00 DEBUG 15060 --- [quality-service] [http-nio-8083-exec-4] org.hibernate.SQL                        : select isd1_0.id,isd1_0.att,isd1_0.battery_voltage,isd1_0.car_code,isd1_0.created_at,isd1_0.fuel_rate,isd1_0.gear,isd1_0.inspection_no,isd1_0.inspection_result,isd1_0.issue_message,isd1_0.speed,isd1_0.status_score,isd1_0.vehicle_id from inspection_status_detail isd1_0
2026-06-12T11:12:43.518+09:00 DEBUG 15060 --- [quality-service] [http-nio-8083-exec-6] org.hibernate.SQL                        : select idd1_0.id,idd1_0.brake_pressure,idd1_0.car_code,idd1_0.created_at,idd1_0.drive_score,idd1_0.driving_pattern,idd1_0.inspection_no,idd1_0.inspection_result,idd1_0.issue_message,idd1_0.steering_angle,idd1_0.throttle_position,idd1_0.vehicle_id from inspection_drive_detail idd1_0
2026-06-12T11:12:52.885+09:00 DEBUG 15060 --- [quality-service] [http-nio-8083-exec-1] org.hibernate.SQL                        : select idd1_0.id,idd1_0.brake_pressure,idd1_0.car_code,idd1_0.created_at,idd1_0.drive_score,idd1_0.driving_pattern,idd1_0.inspection_no,idd1_0.inspection_result,idd1_0.issue_message,idd1_0.steering_angle,idd1_0.throttle_position,idd1_0.vehicle_id from inspection_drive_detail idd1_0
2026-06-12T11:12:52.885+09:00 DEBUG 15060 --- [quality-service] [http-nio-8083-exec-10] org.hibernate.SQL                        : select is1_0.id,is1_0.abnormal_count,is1_0.abnormal_rate,is1_0.created_at,is1_0.normal_count,is1_0.normal_rate,is1_0.stanby_count,is1_0.total_count from inspection_summary is1_0
2026-06-12T11:12:52.885+09:00 DEBUG 15060 --- [quality-service] [http-nio-8083-exec-2] org.hibernate.SQL                        : select ip1_0.id,ip1_0.completed_count,ip1_0.created_at,ip1_0.process_name,ip1_0.process_status,ip1_0.progress_rate,ip1_0.total_vehicle_count,ip1_0.waiting_count from inspection_process ip1_0
2026-06-12T11:12:52.893+09:00 DEBUG 15060 --- [quality-service] [http-nio-8083-exec-9] org.hibernate.SQL                        : select isd1_0.id,isd1_0.att,isd1_0.battery_voltage,isd1_0.car_code,isd1_0.created_at,isd1_0.fuel_rate,isd1_0.gear,isd1_0.inspection_no,isd1_0.inspection_result,isd1_0.issue_message,isd1_0.speed,isd1_0.status_score,isd1_0.vehicle_id from inspection_status_detail isd1_0
2026-06-12T11:12:52.893+09:00 DEBUG 15060 --- [quality-service] [http-nio-8083-exec-7] org.hibernate.SQL                        : select irh1_0.id,irh1_0.inspection_type,irh1_0.record_time,irh1_0.risk_score from inspection_risk_history irh1_0
2026-06-12T11:12:53.033+09:00 DEBUG 15060 --- [quality-service] [http-nio-8083-exec-3] org.hibernate.SQL                        : select ip1_0.id,ip1_0.completed_count,ip1_0.created_at,ip1_0.process_name,ip1_0.process_status,ip1_0.progress_rate,ip1_0.total_vehicle_count,ip1_0.waiting_count from inspection_process ip1_0
2026-06-12T11:12:53.061+09:00 DEBUG 15060 --- [quality-service] [http-nio-8083-exec-5] org.hibernate.SQL                        : select is1_0.id,is1_0.abnormal_count,is1_0.abnormal_rate,is1_0.created_at,is1_0.normal_count,is1_0.normal_rate,is1_0.stanby_count,is1_0.total_count from inspection_summary is1_0
2026-06-12T11:12:53.061+09:00 DEBUG 15060 --- [quality-service] [http-nio-8083-exec-8] org.hibernate.SQL                        : select irh1_0.id,irh1_0.inspection_type,irh1_0.record_time,irh1_0.risk_score from inspection_risk_history irh1_0
2026-06-12T11:12:53.084+09:00 DEBUG 15060 --- [quality-service] [http-nio-8083-exec-4] org.hibernate.SQL                        : select idd1_0.id,idd1_0.brake_pressure,idd1_0.car_code,idd1_0.created_at,idd1_0.drive_score,idd1_0.driving_pattern,idd1_0.inspection_no,idd1_0.inspection_result,idd1_0.issue_message,idd1_0.steering_angle,idd1_0.throttle_position,idd1_0.vehicle_id from inspection_drive_detail idd1_0
2026-06-12T11:12:53.105+09:00 DEBUG 15060 --- [quality-service] [http-nio-8083-exec-6] org.hibernate.SQL                        : select isd1_0.id,isd1_0.att,isd1_0.battery_voltage,isd1_0.car_code,isd1_0.created_at,isd1_0.fuel_rate,isd1_0.gear,isd1_0.inspection_no,isd1_0.inspection_result,isd1_0.issue_message,isd1_0.speed,isd1_0.status_score,isd1_0.vehicle_id from inspection_status_detail isd1_0
2026-06-12T11:13:16.387+09:00 DEBUG 15060 --- [quality-service] [http-nio-8083-exec-2] org.hibernate.SQL                        : select ip1_0.id,ip1_0.completed_count,ip1_0.created_at,ip1_0.process_name,ip1_0.process_status,ip1_0.progress_rate,ip1_0.total_vehicle_count,ip1_0.waiting_count from inspection_process ip1_0
2026-06-12T11:13:16.387+09:00 DEBUG 15060 --- [quality-service] [http-nio-8083-exec-1] org.hibernate.SQL                        : select isd1_0.id,isd1_0.att,isd1_0.battery_voltage,isd1_0.car_code,isd1_0.created_at,isd1_0.fuel_rate,isd1_0.gear,isd1_0.inspection_no,isd1_0.inspection_result,isd1_0.issue_message,isd1_0.speed,isd1_0.status_score,isd1_0.vehicle_id from inspection_status_detail isd1_0
2026-06-12T11:13:16.387+09:00 DEBUG 15060 --- [quality-service] [http-nio-8083-exec-7] org.hibernate.SQL                        : select is1_0.id,is1_0.abnormal_count,is1_0.abnormal_rate,is1_0.created_at,is1_0.normal_count,is1_0.normal_rate,is1_0.stanby_count,is1_0.total_count from inspection_summary is1_0
2026-06-12T11:13:16.387+09:00 DEBUG 15060 --- [quality-service] [http-nio-8083-exec-9] org.hibernate.SQL                        : select idd1_0.id,idd1_0.brake_pressure,idd1_0.car_code,idd1_0.created_at,idd1_0.drive_score,idd1_0.driving_pattern,idd1_0.inspection_no,idd1_0.inspection_result,idd1_0.issue_message,idd1_0.steering_angle,idd1_0.throttle_position,idd1_0.vehicle_id from inspection_drive_detail idd1_0
2026-06-12T11:13:16.387+09:00 DEBUG 15060 --- [quality-service] [http-nio-8083-exec-10] org.hibernate.SQL                        : select irh1_0.id,irh1_0.inspection_type,irh1_0.record_time,irh1_0.risk_score from inspection_risk_history irh1_0
2026-06-12T11:13:16.512+09:00 DEBUG 15060 --- [quality-service] [http-nio-8083-exec-3] org.hibernate.SQL                        : select irh1_0.id,irh1_0.inspection_type,irh1_0.record_time,irh1_0.risk_score from inspection_risk_history irh1_0
2026-06-12T11:13:16.517+09:00 DEBUG 15060 --- [quality-service] [http-nio-8083-exec-8] org.hibernate.SQL                        : select ip1_0.id,ip1_0.completed_count,ip1_0.created_at,ip1_0.process_name,ip1_0.process_status,ip1_0.progress_rate,ip1_0.total_vehicle_count,ip1_0.waiting_count from inspection_process ip1_0
2026-06-12T11:13:16.527+09:00 DEBUG 15060 --- [quality-service] [http-nio-8083-exec-5] org.hibernate.SQL                        : select is1_0.id,is1_0.abnormal_count,is1_0.abnormal_rate,is1_0.created_at,is1_0.normal_count,is1_0.normal_rate,is1_0.stanby_count,is1_0.total_count from inspection_summary is1_0
2026-06-12T11:13:16.541+09:00 DEBUG 15060 --- [quality-service] [http-nio-8083-exec-4] org.hibernate.SQL                        : select idd1_0.id,idd1_0.brake_pressure,idd1_0.car_code,idd1_0.created_at,idd1_0.drive_score,idd1_0.driving_pattern,idd1_0.inspection_no,idd1_0.inspection_result,idd1_0.issue_message,idd1_0.steering_angle,idd1_0.throttle_position,idd1_0.vehicle_id from inspection_drive_detail idd1_0
2026-06-12T11:13:16.553+09:00 DEBUG 15060 --- [quality-service] [http-nio-8083-exec-6] org.hibernate.SQL                        : select isd1_0.id,isd1_0.att,isd1_0.battery_voltage,isd1_0.car_code,isd1_0.created_at,isd1_0.fuel_rate,isd1_0.gear,isd1_0.inspection_no,isd1_0.inspection_result,isd1_0.issue_message,isd1_0.speed,isd1_0.status_score,isd1_0.vehicle_id from inspection_status_detail isd1_0
2026-06-12T12:58:35.874+09:00  WARN 15060 --- [quality-service] [http-nio-8083-exec-6] o.h.engine.jdbc.spi.SqlExceptionHelper   : SQL Error: 0, SQLState: 08S01
2026-06-12T12:58:35.874+09:00  WARN 15060 --- [quality-service] [http-nio-8083-exec-4] o.h.engine.jdbc.spi.SqlExceptionHelper   : SQL Error: 0, SQLState: 08S01
2026-06-12T12:58:35.874+09:00 ERROR 15060 --- [quality-service] [http-nio-8083-exec-6] o.h.engine.jdbc.spi.SqlExceptionHelper   : HikariPool-1 - Connection is not available, request timed out after 30015ms (total=0, active=0, idle=0, waiting=0)
2026-06-12T12:58:35.874+09:00  WARN 15060 --- [quality-service] [http-nio-8083-exec-8] o.h.engine.jdbc.spi.SqlExceptionHelper   : SQL Error: 0, SQLState: 08S01
2026-06-12T12:58:35.874+09:00 ERROR 15060 --- [quality-service] [http-nio-8083-exec-6] o.h.engine.jdbc.spi.SqlExceptionHelper   : Communications link failure

The last packet sent successfully to the server was 0 milliseconds ago. The driver has not received any packets from the server.
2026-06-12T12:58:35.874+09:00  WARN 15060 --- [quality-service] [http-nio-8083-exec-2] o.h.engine.jdbc.spi.SqlExceptionHelper   : SQL Error: 0, SQLState: 08S01
2026-06-12T12:58:35.874+09:00 ERROR 15060 --- [quality-service] [http-nio-8083-exec-4] o.h.engine.jdbc.spi.SqlExceptionHelper   : HikariPool-1 - Connection is not available, request timed out after 30015ms (total=0, active=0, idle=0, waiting=0)
2026-06-12T12:58:35.874+09:00 ERROR 15060 --- [quality-service] [http-nio-8083-exec-2] o.h.engine.jdbc.spi.SqlExceptionHelper   : HikariPool-1 - Connection is not available, request timed out after 30015ms (total=0, active=0, idle=0, waiting=0)
2026-06-12T12:58:35.874+09:00 ERROR 15060 --- [quality-service] [http-nio-8083-exec-8] o.h.engine.jdbc.spi.SqlExceptionHelper   : HikariPool-1 - Connection is not available, request timed out after 30015ms (total=0, active=0, idle=0, waiting=0)
2026-06-12T12:58:35.874+09:00  WARN 15060 --- [quality-service] [http-nio-8083-exec-5] o.h.engine.jdbc.spi.SqlExceptionHelper   : SQL Error: 0, SQLState: 08S01
2026-06-12T12:58:35.874+09:00 ERROR 15060 --- [quality-service] [http-nio-8083-exec-4] o.h.engine.jdbc.spi.SqlExceptionHelper   : Communications link failure

The last packet sent successfully to the server was 0 milliseconds ago. The driver has not received any packets from the server.
2026-06-12T12:58:35.874+09:00 ERROR 15060 --- [quality-service] [http-nio-8083-exec-2] o.h.engine.jdbc.spi.SqlExceptionHelper   : Communications link failure

The last packet sent successfully to the server was 0 milliseconds ago. The driver has not received any packets from the server.
2026-06-12T12:58:35.874+09:00 ERROR 15060 --- [quality-service] [http-nio-8083-exec-8] o.h.engine.jdbc.spi.SqlExceptionHelper   : Communications link failure

The last packet sent successfully to the server was 0 milliseconds ago. The driver has not received any packets from the server.
2026-06-12T12:58:35.874+09:00 ERROR 15060 --- [quality-service] [http-nio-8083-exec-5] o.h.engine.jdbc.spi.SqlExceptionHelper   : HikariPool-1 - Connection is not available, request timed out after 30015ms (total=0, active=0, idle=0, waiting=0)
2026-06-12T12:58:35.874+09:00 ERROR 15060 --- [quality-service] [http-nio-8083-exec-5] o.h.engine.jdbc.spi.SqlExceptionHelper   : Communications link failure

The last packet sent successfully to the server was 0 milliseconds ago. The driver has not received any packets from the server.
2026-06-12T12:58:35.903+09:00 ERROR 15060 --- [quality-service] [http-nio-8083-exec-2] o.a.c.c.C.[.[.[/].[dispatcherServlet]    : Servlet.service() for servlet [dispatcherServlet] in context with path [] threw exception [Request processing failed: org.springframework.transaction.CannotCreateTransactionException: Could not open JPA EntityManager for transaction] with root cause

java.net.ConnectException: Connection refused: no further information
	at java.base/sun.nio.ch.Net.pollConnect(Native Method) ~[na:na]
	at java.base/sun.nio.ch.Net.pollConnectNow(Net.java:672) ~[na:na]
	at java.base/sun.nio.ch.NioSocketImpl.timedFinishConnect(NioSocketImpl.java:547) ~[na:na]
	at java.base/sun.nio.ch.NioSocketImpl.connect(NioSocketImpl.java:602) ~[na:na]
	at java.base/java.net.SocksSocketImpl.connect(SocksSocketImpl.java:327) ~[na:na]
	at java.base/java.net.Socket.connect(Socket.java:633) ~[na:na]
	at com.mysql.cj.protocol.StandardSocketFactory.connect(StandardSocketFactory.java:153) ~[mysql-connector-j-8.3.0.jar:8.3.0]
	at com.mysql.cj.protocol.a.NativeSocketConnection.connect(NativeSocketConnection.java:62) ~[mysql-connector-j-8.3.0.jar:8.3.0]
	at com.mysql.cj.NativeSession.connect(NativeSession.java:120) ~[mysql-connector-j-8.3.0.jar:8.3.0]
	at com.mysql.cj.jdbc.ConnectionImpl.connectOneTryOnly(ConnectionImpl.java:935) ~[mysql-connector-j-8.3.0.jar:8.3.0]
	at com.mysql.cj.jdbc.ConnectionImpl.createNewIO(ConnectionImpl.java:805) ~[mysql-connector-j-8.3.0.jar:8.3.0]
	at com.mysql.cj.jdbc.ConnectionImpl.<init>(ConnectionImpl.java:438) ~[mysql-connector-j-8.3.0.jar:8.3.0]
	at com.mysql.cj.jdbc.ConnectionImpl.getInstance(ConnectionImpl.java:241) ~[mysql-connector-j-8.3.0.jar:8.3.0]
	at com.mysql.cj.jdbc.NonRegisteringDriver.connect(NonRegisteringDriver.java:189) ~[mysql-connector-j-8.3.0.jar:8.3.0]
	at com.zaxxer.hikari.util.DriverDataSource.getConnection(DriverDataSource.java:137) ~[HikariCP-5.1.0.jar:na]
	at com.zaxxer.hikari.pool.PoolBase.newConnection(PoolBase.java:360) ~[HikariCP-5.1.0.jar:na]
	at com.zaxxer.hikari.pool.PoolBase.newPoolEntry(PoolBase.java:202) ~[HikariCP-5.1.0.jar:na]
	at com.zaxxer.hikari.pool.HikariPool.createPoolEntry(HikariPool.java:461) ~[HikariCP-5.1.0.jar:na]
	at com.zaxxer.hikari.pool.HikariPool$PoolEntryCreator.call(HikariPool.java:724) ~[HikariCP-5.1.0.jar:na]
	at com.zaxxer.hikari.pool.HikariPool$PoolEntryCreator.call(HikariPool.java:703) ~[HikariCP-5.1.0.jar:na]
	at java.base/java.util.concurrent.FutureTask.run(FutureTask.java:264) ~[na:na]
	at java.base/java.util.concurrent.ThreadPoolExecutor.runWorker(ThreadPoolExecutor.java:1136) ~[na:na]
	at java.base/java.util.concurrent.ThreadPoolExecutor$Worker.run(ThreadPoolExecutor.java:635) ~[na:na]
	at java.base/java.lang.Thread.run(Thread.java:842) ~[na:na]

2026-06-12T12:58:35.903+09:00 ERROR 15060 --- [quality-service] [http-nio-8083-exec-6] o.a.c.c.C.[.[.[/].[dispatcherServlet]    : Servlet.service() for servlet [dispatcherServlet] in context with path [] threw exception [Request processing failed: org.springframework.transaction.CannotCreateTransactionException: Could not open JPA EntityManager for transaction] with root cause

java.net.ConnectException: Connection refused: no further information
	at java.base/sun.nio.ch.Net.pollConnect(Native Method) ~[na:na]
	at java.base/sun.nio.ch.Net.pollConnectNow(Net.java:672) ~[na:na]
	at java.base/sun.nio.ch.NioSocketImpl.timedFinishConnect(NioSocketImpl.java:547) ~[na:na]
	at java.base/sun.nio.ch.NioSocketImpl.connect(NioSocketImpl.java:602) ~[na:na]
	at java.base/java.net.SocksSocketImpl.connect(SocksSocketImpl.java:327) ~[na:na]
	at java.base/java.net.Socket.connect(Socket.java:633) ~[na:na]
	at com.mysql.cj.protocol.StandardSocketFactory.connect(StandardSocketFactory.java:153) ~[mysql-connector-j-8.3.0.jar:8.3.0]
	at com.mysql.cj.protocol.a.NativeSocketConnection.connect(NativeSocketConnection.java:62) ~[mysql-connector-j-8.3.0.jar:8.3.0]
	at com.mysql.cj.NativeSession.connect(NativeSession.java:120) ~[mysql-connector-j-8.3.0.jar:8.3.0]
	at com.mysql.cj.jdbc.ConnectionImpl.connectOneTryOnly(ConnectionImpl.java:935) ~[mysql-connector-j-8.3.0.jar:8.3.0]
	at com.mysql.cj.jdbc.ConnectionImpl.createNewIO(ConnectionImpl.java:805) ~[mysql-connector-j-8.3.0.jar:8.3.0]
	at com.mysql.cj.jdbc.ConnectionImpl.<init>(ConnectionImpl.java:438) ~[mysql-connector-j-8.3.0.jar:8.3.0]
	at com.mysql.cj.jdbc.ConnectionImpl.getInstance(ConnectionImpl.java:241) ~[mysql-connector-j-8.3.0.jar:8.3.0]
	at com.mysql.cj.jdbc.NonRegisteringDriver.connect(NonRegisteringDriver.java:189) ~[mysql-connector-j-8.3.0.jar:8.3.0]
	at com.zaxxer.hikari.util.DriverDataSource.getConnection(DriverDataSource.java:137) ~[HikariCP-5.1.0.jar:na]
	at com.zaxxer.hikari.pool.PoolBase.newConnection(PoolBase.java:360) ~[HikariCP-5.1.0.jar:na]
	at com.zaxxer.hikari.pool.PoolBase.newPoolEntry(PoolBase.java:202) ~[HikariCP-5.1.0.jar:na]
	at com.zaxxer.hikari.pool.HikariPool.createPoolEntry(HikariPool.java:461) ~[HikariCP-5.1.0.jar:na]
	at com.zaxxer.hikari.pool.HikariPool$PoolEntryCreator.call(HikariPool.java:724) ~[HikariCP-5.1.0.jar:na]
	at com.zaxxer.hikari.pool.HikariPool$PoolEntryCreator.call(HikariPool.java:703) ~[HikariCP-5.1.0.jar:na]
	at java.base/java.util.concurrent.FutureTask.run(FutureTask.java:264) ~[na:na]
	at java.base/java.util.concurrent.ThreadPoolExecutor.runWorker(ThreadPoolExecutor.java:1136) ~[na:na]
	at java.base/java.util.concurrent.ThreadPoolExecutor$Worker.run(ThreadPoolExecutor.java:635) ~[na:na]
	at java.base/java.lang.Thread.run(Thread.java:842) ~[na:na]

2026-06-12T12:58:35.903+09:00 ERROR 15060 --- [quality-service] [http-nio-8083-exec-5] o.a.c.c.C.[.[.[/].[dispatcherServlet]    : Servlet.service() for servlet [dispatcherServlet] in context with path [] threw exception [Request processing failed: org.springframework.transaction.CannotCreateTransactionException: Could not open JPA EntityManager for transaction] with root cause

java.net.ConnectException: Connection refused: no further information
	at java.base/sun.nio.ch.Net.pollConnect(Native Method) ~[na:na]
	at java.base/sun.nio.ch.Net.pollConnectNow(Net.java:672) ~[na:na]
	at java.base/sun.nio.ch.NioSocketImpl.timedFinishConnect(NioSocketImpl.java:547) ~[na:na]
	at java.base/sun.nio.ch.NioSocketImpl.connect(NioSocketImpl.java:602) ~[na:na]
	at java.base/java.net.SocksSocketImpl.connect(SocksSocketImpl.java:327) ~[na:na]
	at java.base/java.net.Socket.connect(Socket.java:633) ~[na:na]
	at com.mysql.cj.protocol.StandardSocketFactory.connect(StandardSocketFactory.java:153) ~[mysql-connector-j-8.3.0.jar:8.3.0]
	at com.mysql.cj.protocol.a.NativeSocketConnection.connect(NativeSocketConnection.java:62) ~[mysql-connector-j-8.3.0.jar:8.3.0]
	at com.mysql.cj.NativeSession.connect(NativeSession.java:120) ~[mysql-connector-j-8.3.0.jar:8.3.0]
	at com.mysql.cj.jdbc.ConnectionImpl.connectOneTryOnly(ConnectionImpl.java:935) ~[mysql-connector-j-8.3.0.jar:8.3.0]
	at com.mysql.cj.jdbc.ConnectionImpl.createNewIO(ConnectionImpl.java:805) ~[mysql-connector-j-8.3.0.jar:8.3.0]
	at com.mysql.cj.jdbc.ConnectionImpl.<init>(ConnectionImpl.java:438) ~[mysql-connector-j-8.3.0.jar:8.3.0]
	at com.mysql.cj.jdbc.ConnectionImpl.getInstance(ConnectionImpl.java:241) ~[mysql-connector-j-8.3.0.jar:8.3.0]
	at com.mysql.cj.jdbc.NonRegisteringDriver.connect(NonRegisteringDriver.java:189) ~[mysql-connector-j-8.3.0.jar:8.3.0]
	at com.zaxxer.hikari.util.DriverDataSource.getConnection(DriverDataSource.java:137) ~[HikariCP-5.1.0.jar:na]
	at com.zaxxer.hikari.pool.PoolBase.newConnection(PoolBase.java:360) ~[HikariCP-5.1.0.jar:na]
	at com.zaxxer.hikari.pool.PoolBase.newPoolEntry(PoolBase.java:202) ~[HikariCP-5.1.0.jar:na]
	at com.zaxxer.hikari.pool.HikariPool.createPoolEntry(HikariPool.java:461) ~[HikariCP-5.1.0.jar:na]
	at com.zaxxer.hikari.pool.HikariPool$PoolEntryCreator.call(HikariPool.java:724) ~[HikariCP-5.1.0.jar:na]
	at com.zaxxer.hikari.pool.HikariPool$PoolEntryCreator.call(HikariPool.java:703) ~[HikariCP-5.1.0.jar:na]
	at java.base/java.util.concurrent.FutureTask.run(FutureTask.java:264) ~[na:na]
	at java.base/java.util.concurrent.ThreadPoolExecutor.runWorker(ThreadPoolExecutor.java:1136) ~[na:na]
	at java.base/java.util.concurrent.ThreadPoolExecutor$Worker.run(ThreadPoolExecutor.java:635) ~[na:na]
	at java.base/java.lang.Thread.run(Thread.java:842) ~[na:na]

2026-06-12T12:58:35.903+09:00 ERROR 15060 --- [quality-service] [http-nio-8083-exec-8] o.a.c.c.C.[.[.[/].[dispatcherServlet]    : Servlet.service() for servlet [dispatcherServlet] in context with path [] threw exception [Request processing failed: org.springframework.transaction.CannotCreateTransactionException: Could not open JPA EntityManager for transaction] with root cause

java.net.ConnectException: Connection refused: no further information
	at java.base/sun.nio.ch.Net.pollConnect(Native Method) ~[na:na]
	at java.base/sun.nio.ch.Net.pollConnectNow(Net.java:672) ~[na:na]
	at java.base/sun.nio.ch.NioSocketImpl.timedFinishConnect(NioSocketImpl.java:547) ~[na:na]
	at java.base/sun.nio.ch.NioSocketImpl.connect(NioSocketImpl.java:602) ~[na:na]
	at java.base/java.net.SocksSocketImpl.connect(SocksSocketImpl.java:327) ~[na:na]
	at java.base/java.net.Socket.connect(Socket.java:633) ~[na:na]
	at com.mysql.cj.protocol.StandardSocketFactory.connect(StandardSocketFactory.java:153) ~[mysql-connector-j-8.3.0.jar:8.3.0]
	at com.mysql.cj.protocol.a.NativeSocketConnection.connect(NativeSocketConnection.java:62) ~[mysql-connector-j-8.3.0.jar:8.3.0]
	at com.mysql.cj.NativeSession.connect(NativeSession.java:120) ~[mysql-connector-j-8.3.0.jar:8.3.0]
	at com.mysql.cj.jdbc.ConnectionImpl.connectOneTryOnly(ConnectionImpl.java:935) ~[mysql-connector-j-8.3.0.jar:8.3.0]
	at com.mysql.cj.jdbc.ConnectionImpl.createNewIO(ConnectionImpl.java:805) ~[mysql-connector-j-8.3.0.jar:8.3.0]
	at com.mysql.cj.jdbc.ConnectionImpl.<init>(ConnectionImpl.java:438) ~[mysql-connector-j-8.3.0.jar:8.3.0]
	at com.mysql.cj.jdbc.ConnectionImpl.getInstance(ConnectionImpl.java:241) ~[mysql-connector-j-8.3.0.jar:8.3.0]
	at com.mysql.cj.jdbc.NonRegisteringDriver.connect(NonRegisteringDriver.java:189) ~[mysql-connector-j-8.3.0.jar:8.3.0]
	at com.zaxxer.hikari.util.DriverDataSource.getConnection(DriverDataSource.java:137) ~[HikariCP-5.1.0.jar:na]
	at com.zaxxer.hikari.pool.PoolBase.newConnection(PoolBase.java:360) ~[HikariCP-5.1.0.jar:na]
	at com.zaxxer.hikari.pool.PoolBase.newPoolEntry(PoolBase.java:202) ~[HikariCP-5.1.0.jar:na]
	at com.zaxxer.hikari.pool.HikariPool.createPoolEntry(HikariPool.java:461) ~[HikariCP-5.1.0.jar:na]
	at com.zaxxer.hikari.pool.HikariPool$PoolEntryCreator.call(HikariPool.java:724) ~[HikariCP-5.1.0.jar:na]
	at com.zaxxer.hikari.pool.HikariPool$PoolEntryCreator.call(HikariPool.java:703) ~[HikariCP-5.1.0.jar:na]
	at java.base/java.util.concurrent.FutureTask.run(FutureTask.java:264) ~[na:na]
	at java.base/java.util.concurrent.ThreadPoolExecutor.runWorker(ThreadPoolExecutor.java:1136) ~[na:na]
	at java.base/java.util.concurrent.ThreadPoolExecutor$Worker.run(ThreadPoolExecutor.java:635) ~[na:na]
	at java.base/java.lang.Thread.run(Thread.java:842) ~[na:na]

2026-06-12T12:58:35.903+09:00 ERROR 15060 --- [quality-service] [http-nio-8083-exec-4] o.a.c.c.C.[.[.[/].[dispatcherServlet]    : Servlet.service() for servlet [dispatcherServlet] in context with path [] threw exception [Request processing failed: org.springframework.transaction.CannotCreateTransactionException: Could not open JPA EntityManager for transaction] with root cause

java.net.ConnectException: Connection refused: no further information
	at java.base/sun.nio.ch.Net.pollConnect(Native Method) ~[na:na]
	at java.base/sun.nio.ch.Net.pollConnectNow(Net.java:672) ~[na:na]
	at java.base/sun.nio.ch.NioSocketImpl.timedFinishConnect(NioSocketImpl.java:547) ~[na:na]
	at java.base/sun.nio.ch.NioSocketImpl.connect(NioSocketImpl.java:602) ~[na:na]
	at java.base/java.net.SocksSocketImpl.connect(SocksSocketImpl.java:327) ~[na:na]
	at java.base/java.net.Socket.connect(Socket.java:633) ~[na:na]
	at com.mysql.cj.protocol.StandardSocketFactory.connect(StandardSocketFactory.java:153) ~[mysql-connector-j-8.3.0.jar:8.3.0]
	at com.mysql.cj.protocol.a.NativeSocketConnection.connect(NativeSocketConnection.java:62) ~[mysql-connector-j-8.3.0.jar:8.3.0]
	at com.mysql.cj.NativeSession.connect(NativeSession.java:120) ~[mysql-connector-j-8.3.0.jar:8.3.0]
	at com.mysql.cj.jdbc.ConnectionImpl.connectOneTryOnly(ConnectionImpl.java:935) ~[mysql-connector-j-8.3.0.jar:8.3.0]
	at com.mysql.cj.jdbc.ConnectionImpl.createNewIO(ConnectionImpl.java:805) ~[mysql-connector-j-8.3.0.jar:8.3.0]
	at com.mysql.cj.jdbc.ConnectionImpl.<init>(ConnectionImpl.java:438) ~[mysql-connector-j-8.3.0.jar:8.3.0]
	at com.mysql.cj.jdbc.ConnectionImpl.getInstance(ConnectionImpl.java:241) ~[mysql-connector-j-8.3.0.jar:8.3.0]
	at com.mysql.cj.jdbc.NonRegisteringDriver.connect(NonRegisteringDriver.java:189) ~[mysql-connector-j-8.3.0.jar:8.3.0]
	at com.zaxxer.hikari.util.DriverDataSource.getConnection(DriverDataSource.java:137) ~[HikariCP-5.1.0.jar:na]
	at com.zaxxer.hikari.pool.PoolBase.newConnection(PoolBase.java:360) ~[HikariCP-5.1.0.jar:na]
	at com.zaxxer.hikari.pool.PoolBase.newPoolEntry(PoolBase.java:202) ~[HikariCP-5.1.0.jar:na]
	at com.zaxxer.hikari.pool.HikariPool.createPoolEntry(HikariPool.java:461) ~[HikariCP-5.1.0.jar:na]
	at com.zaxxer.hikari.pool.HikariPool$PoolEntryCreator.call(HikariPool.java:724) ~[HikariCP-5.1.0.jar:na]
	at com.zaxxer.hikari.pool.HikariPool$PoolEntryCreator.call(HikariPool.java:703) ~[HikariCP-5.1.0.jar:na]
	at java.base/java.util.concurrent.FutureTask.run(FutureTask.java:264) ~[na:na]
	at java.base/java.util.concurrent.ThreadPoolExecutor.runWorker(ThreadPoolExecutor.java:1136) ~[na:na]
	at java.base/java.util.concurrent.ThreadPoolExecutor$Worker.run(ThreadPoolExecutor.java:635) ~[na:na]
	at java.base/java.lang.Thread.run(Thread.java:842) ~[na:na]

2026-06-12T13:02:12.878+09:00  WARN 15060 --- [quality-service] [http-nio-8083-exec-10] o.h.engine.jdbc.spi.SqlExceptionHelper   : SQL Error: 0, SQLState: 08S01
2026-06-12T13:02:12.878+09:00  WARN 15060 --- [quality-service] [http-nio-8083-exec-7] o.h.engine.jdbc.spi.SqlExceptionHelper   : SQL Error: 0, SQLState: 08S01
2026-06-12T13:02:12.878+09:00  WARN 15060 --- [quality-service] [http-nio-8083-exec-3] o.h.engine.jdbc.spi.SqlExceptionHelper   : SQL Error: 0, SQLState: 08S01
2026-06-12T13:02:12.878+09:00 ERROR 15060 --- [quality-service] [http-nio-8083-exec-10] o.h.engine.jdbc.spi.SqlExceptionHelper   : HikariPool-1 - Connection is not available, request timed out after 30002ms (total=0, active=0, idle=0, waiting=8)
2026-06-12T13:02:12.878+09:00 ERROR 15060 --- [quality-service] [http-nio-8083-exec-7] o.h.engine.jdbc.spi.SqlExceptionHelper   : HikariPool-1 - Connection is not available, request timed out after 30000ms (total=0, active=0, idle=0, waiting=8)
2026-06-12T13:02:12.879+09:00 ERROR 15060 --- [quality-service] [http-nio-8083-exec-3] o.h.engine.jdbc.spi.SqlExceptionHelper   : HikariPool-1 - Connection is not available, request timed out after 30002ms (total=0, active=0, idle=0, waiting=8)
2026-06-12T13:02:12.879+09:00 ERROR 15060 --- [quality-service] [http-nio-8083-exec-10] o.h.engine.jdbc.spi.SqlExceptionHelper   : Communications link failure

The last packet sent successfully to the server was 0 milliseconds ago. The driver has not received any packets from the server.
2026-06-12T13:02:12.879+09:00 ERROR 15060 --- [quality-service] [http-nio-8083-exec-7] o.h.engine.jdbc.spi.SqlExceptionHelper   : Communications link failure

The last packet sent successfully to the server was 0 milliseconds ago. The driver has not received any packets from the server.
2026-06-12T13:02:12.879+09:00 ERROR 15060 --- [quality-service] [http-nio-8083-exec-3] o.h.engine.jdbc.spi.SqlExceptionHelper   : Communications link failure

The last packet sent successfully to the server was 0 milliseconds ago. The driver has not received any packets from the server.
2026-06-12T13:02:12.881+09:00 ERROR 15060 --- [quality-service] [http-nio-8083-exec-10] o.a.c.c.C.[.[.[/].[dispatcherServlet]    : Servlet.service() for servlet [dispatcherServlet] in context with path [] threw exception [Request processing failed: org.springframework.transaction.CannotCreateTransactionException: Could not open JPA EntityManager for transaction] with root cause

java.net.ConnectException: Connection refused: no further information
	at java.base/sun.nio.ch.Net.pollConnect(Native Method) ~[na:na]
	at java.base/sun.nio.ch.Net.pollConnectNow(Net.java:672) ~[na:na]
	at java.base/sun.nio.ch.NioSocketImpl.timedFinishConnect(NioSocketImpl.java:547) ~[na:na]
	at java.base/sun.nio.ch.NioSocketImpl.connect(NioSocketImpl.java:602) ~[na:na]
	at java.base/java.net.SocksSocketImpl.connect(SocksSocketImpl.java:327) ~[na:na]
	at java.base/java.net.Socket.connect(Socket.java:633) ~[na:na]
	at com.mysql.cj.protocol.StandardSocketFactory.connect(StandardSocketFactory.java:153) ~[mysql-connector-j-8.3.0.jar:8.3.0]
	at com.mysql.cj.protocol.a.NativeSocketConnection.connect(NativeSocketConnection.java:62) ~[mysql-connector-j-8.3.0.jar:8.3.0]
	at com.mysql.cj.NativeSession.connect(NativeSession.java:120) ~[mysql-connector-j-8.3.0.jar:8.3.0]
	at com.mysql.cj.jdbc.ConnectionImpl.connectOneTryOnly(ConnectionImpl.java:935) ~[mysql-connector-j-8.3.0.jar:8.3.0]
	at com.mysql.cj.jdbc.ConnectionImpl.createNewIO(ConnectionImpl.java:805) ~[mysql-connector-j-8.3.0.jar:8.3.0]
	at com.mysql.cj.jdbc.ConnectionImpl.<init>(ConnectionImpl.java:438) ~[mysql-connector-j-8.3.0.jar:8.3.0]
	at com.mysql.cj.jdbc.ConnectionImpl.getInstance(ConnectionImpl.java:241) ~[mysql-connector-j-8.3.0.jar:8.3.0]
	at com.mysql.cj.jdbc.NonRegisteringDriver.connect(NonRegisteringDriver.java:189) ~[mysql-connector-j-8.3.0.jar:8.3.0]
	at com.zaxxer.hikari.util.DriverDataSource.getConnection(DriverDataSource.java:137) ~[HikariCP-5.1.0.jar:na]
	at com.zaxxer.hikari.pool.PoolBase.newConnection(PoolBase.java:360) ~[HikariCP-5.1.0.jar:na]
	at com.zaxxer.hikari.pool.PoolBase.newPoolEntry(PoolBase.java:202) ~[HikariCP-5.1.0.jar:na]
	at com.zaxxer.hikari.pool.HikariPool.createPoolEntry(HikariPool.java:461) ~[HikariCP-5.1.0.jar:na]
	at com.zaxxer.hikari.pool.HikariPool$PoolEntryCreator.call(HikariPool.java:724) ~[HikariCP-5.1.0.jar:na]
	at com.zaxxer.hikari.pool.HikariPool$PoolEntryCreator.call(HikariPool.java:703) ~[HikariCP-5.1.0.jar:na]
	at java.base/java.util.concurrent.FutureTask.run(FutureTask.java:264) ~[na:na]
	at java.base/java.util.concurrent.ThreadPoolExecutor.runWorker(ThreadPoolExecutor.java:1136) ~[na:na]
	at java.base/java.util.concurrent.ThreadPoolExecutor$Worker.run(ThreadPoolExecutor.java:635) ~[na:na]
	at java.base/java.lang.Thread.run(Thread.java:842) ~[na:na]

2026-06-12T13:02:12.881+09:00 ERROR 15060 --- [quality-service] [http-nio-8083-exec-7] o.a.c.c.C.[.[.[/].[dispatcherServlet]    : Servlet.service() for servlet [dispatcherServlet] in context with path [] threw exception [Request processing failed: org.springframework.transaction.CannotCreateTransactionException: Could not open JPA EntityManager for transaction] with root cause

java.net.ConnectException: Connection refused: no further information
	at java.base/sun.nio.ch.Net.pollConnect(Native Method) ~[na:na]
	at java.base/sun.nio.ch.Net.pollConnectNow(Net.java:672) ~[na:na]
	at java.base/sun.nio.ch.NioSocketImpl.timedFinishConnect(NioSocketImpl.java:547) ~[na:na]
	at java.base/sun.nio.ch.NioSocketImpl.connect(NioSocketImpl.java:602) ~[na:na]
	at java.base/java.net.SocksSocketImpl.connect(SocksSocketImpl.java:327) ~[na:na]
	at java.base/java.net.Socket.connect(Socket.java:633) ~[na:na]
	at com.mysql.cj.protocol.StandardSocketFactory.connect(StandardSocketFactory.java:153) ~[mysql-connector-j-8.3.0.jar:8.3.0]
	at com.mysql.cj.protocol.a.NativeSocketConnection.connect(NativeSocketConnection.java:62) ~[mysql-connector-j-8.3.0.jar:8.3.0]
	at com.mysql.cj.NativeSession.connect(NativeSession.java:120) ~[mysql-connector-j-8.3.0.jar:8.3.0]
	at com.mysql.cj.jdbc.ConnectionImpl.connectOneTryOnly(ConnectionImpl.java:935) ~[mysql-connector-j-8.3.0.jar:8.3.0]
	at com.mysql.cj.jdbc.ConnectionImpl.createNewIO(ConnectionImpl.java:805) ~[mysql-connector-j-8.3.0.jar:8.3.0]
	at com.mysql.cj.jdbc.ConnectionImpl.<init>(ConnectionImpl.java:438) ~[mysql-connector-j-8.3.0.jar:8.3.0]
	at com.mysql.cj.jdbc.ConnectionImpl.getInstance(ConnectionImpl.java:241) ~[mysql-connector-j-8.3.0.jar:8.3.0]
	at com.mysql.cj.jdbc.NonRegisteringDriver.connect(NonRegisteringDriver.java:189) ~[mysql-connector-j-8.3.0.jar:8.3.0]
	at com.zaxxer.hikari.util.DriverDataSource.getConnection(DriverDataSource.java:137) ~[HikariCP-5.1.0.jar:na]
	at com.zaxxer.hikari.pool.PoolBase.newConnection(PoolBase.java:360) ~[HikariCP-5.1.0.jar:na]
	at com.zaxxer.hikari.pool.PoolBase.newPoolEntry(PoolBase.java:202) ~[HikariCP-5.1.0.jar:na]
	at com.zaxxer.hikari.pool.HikariPool.createPoolEntry(HikariPool.java:461) ~[HikariCP-5.1.0.jar:na]
	at com.zaxxer.hikari.pool.HikariPool$PoolEntryCreator.call(HikariPool.java:724) ~[HikariCP-5.1.0.jar:na]
	at com.zaxxer.hikari.pool.HikariPool$PoolEntryCreator.call(HikariPool.java:703) ~[HikariCP-5.1.0.jar:na]
	at java.base/java.util.concurrent.FutureTask.run(FutureTask.java:264) ~[na:na]
	at java.base/java.util.concurrent.ThreadPoolExecutor.runWorker(ThreadPoolExecutor.java:1136) ~[na:na]
	at java.base/java.util.concurrent.ThreadPoolExecutor$Worker.run(ThreadPoolExecutor.java:635) ~[na:na]
	at java.base/java.lang.Thread.run(Thread.java:842) ~[na:na]

2026-06-12T13:02:12.881+09:00 ERROR 15060 --- [quality-service] [http-nio-8083-exec-3] o.a.c.c.C.[.[.[/].[dispatcherServlet]    : Servlet.service() for servlet [dispatcherServlet] in context with path [] threw exception [Request processing failed: org.springframework.transaction.CannotCreateTransactionException: Could not open JPA EntityManager for transaction] with root cause

java.net.ConnectException: Connection refused: no further information
	at java.base/sun.nio.ch.Net.pollConnect(Native Method) ~[na:na]
	at java.base/sun.nio.ch.Net.pollConnectNow(Net.java:672) ~[na:na]
	at java.base/sun.nio.ch.NioSocketImpl.timedFinishConnect(NioSocketImpl.java:547) ~[na:na]
	at java.base/sun.nio.ch.NioSocketImpl.connect(NioSocketImpl.java:602) ~[na:na]
	at java.base/java.net.SocksSocketImpl.connect(SocksSocketImpl.java:327) ~[na:na]
	at java.base/java.net.Socket.connect(Socket.java:633) ~[na:na]
	at com.mysql.cj.protocol.StandardSocketFactory.connect(StandardSocketFactory.java:153) ~[mysql-connector-j-8.3.0.jar:8.3.0]
	at com.mysql.cj.protocol.a.NativeSocketConnection.connect(NativeSocketConnection.java:62) ~[mysql-connector-j-8.3.0.jar:8.3.0]
	at com.mysql.cj.NativeSession.connect(NativeSession.java:120) ~[mysql-connector-j-8.3.0.jar:8.3.0]
	at com.mysql.cj.jdbc.ConnectionImpl.connectOneTryOnly(ConnectionImpl.java:935) ~[mysql-connector-j-8.3.0.jar:8.3.0]
	at com.mysql.cj.jdbc.ConnectionImpl.createNewIO(ConnectionImpl.java:805) ~[mysql-connector-j-8.3.0.jar:8.3.0]
	at com.mysql.cj.jdbc.ConnectionImpl.<init>(ConnectionImpl.java:438) ~[mysql-connector-j-8.3.0.jar:8.3.0]
	at com.mysql.cj.jdbc.ConnectionImpl.getInstance(ConnectionImpl.java:241) ~[mysql-connector-j-8.3.0.jar:8.3.0]
	at com.mysql.cj.jdbc.NonRegisteringDriver.connect(NonRegisteringDriver.java:189) ~[mysql-connector-j-8.3.0.jar:8.3.0]
	at com.zaxxer.hikari.util.DriverDataSource.getConnection(DriverDataSource.java:137) ~[HikariCP-5.1.0.jar:na]
	at com.zaxxer.hikari.pool.PoolBase.newConnection(PoolBase.java:360) ~[HikariCP-5.1.0.jar:na]
	at com.zaxxer.hikari.pool.PoolBase.newPoolEntry(PoolBase.java:202) ~[HikariCP-5.1.0.jar:na]
	at com.zaxxer.hikari.pool.HikariPool.createPoolEntry(HikariPool.java:461) ~[HikariCP-5.1.0.jar:na]
	at com.zaxxer.hikari.pool.HikariPool$PoolEntryCreator.call(HikariPool.java:724) ~[HikariCP-5.1.0.jar:na]
	at com.zaxxer.hikari.pool.HikariPool$PoolEntryCreator.call(HikariPool.java:703) ~[HikariCP-5.1.0.jar:na]
	at java.base/java.util.concurrent.FutureTask.run(FutureTask.java:264) ~[na:na]
	at java.base/java.util.concurrent.ThreadPoolExecutor.runWorker(ThreadPoolExecutor.java:1136) ~[na:na]
	at java.base/java.util.concurrent.ThreadPoolExecutor$Worker.run(ThreadPoolExecutor.java:635) ~[na:na]
	at java.base/java.lang.Thread.run(Thread.java:842) ~[na:na]

2026-06-12T13:02:12.887+09:00  WARN 15060 --- [quality-service] [http-nio-8083-exec-1] o.h.engine.jdbc.spi.SqlExceptionHelper   : SQL Error: 0, SQLState: 08S01
2026-06-12T13:02:12.887+09:00 ERROR 15060 --- [quality-service] [http-nio-8083-exec-1] o.h.engine.jdbc.spi.SqlExceptionHelper   : HikariPool-1 - Connection is not available, request timed out after 30009ms (total=0, active=0, idle=0, waiting=6)
2026-06-12T13:02:12.887+09:00  WARN 15060 --- [quality-service] [http-nio-8083-exec-9] o.h.engine.jdbc.spi.SqlExceptionHelper   : SQL Error: 0, SQLState: 08S01
2026-06-12T13:02:12.889+09:00 ERROR 15060 --- [quality-service] [http-nio-8083-exec-9] o.h.engine.jdbc.spi.SqlExceptionHelper   : HikariPool-1 - Connection is not available, request timed out after 30007ms (total=0, active=0, idle=0, waiting=6)
2026-06-12T13:02:12.889+09:00 ERROR 15060 --- [quality-service] [http-nio-8083-exec-9] o.h.engine.jdbc.spi.SqlExceptionHelper   : Communications link failure

The last packet sent successfully to the server was 0 milliseconds ago. The driver has not received any packets from the server.
2026-06-12T13:02:12.887+09:00 ERROR 15060 --- [quality-service] [http-nio-8083-exec-1] o.h.engine.jdbc.spi.SqlExceptionHelper   : Communications link failure

The last packet sent successfully to the server was 0 milliseconds ago. The driver has not received any packets from the server.
2026-06-12T13:02:12.889+09:00 ERROR 15060 --- [quality-service] [http-nio-8083-exec-1] o.a.c.c.C.[.[.[/].[dispatcherServlet]    : Servlet.service() for servlet [dispatcherServlet] in context with path [] threw exception [Request processing failed: org.springframework.transaction.CannotCreateTransactionException: Could not open JPA EntityManager for transaction] with root cause

java.net.ConnectException: Connection refused: no further information
	at java.base/sun.nio.ch.Net.pollConnect(Native Method) ~[na:na]
	at java.base/sun.nio.ch.Net.pollConnectNow(Net.java:672) ~[na:na]
	at java.base/sun.nio.ch.NioSocketImpl.timedFinishConnect(NioSocketImpl.java:547) ~[na:na]
	at java.base/sun.nio.ch.NioSocketImpl.connect(NioSocketImpl.java:602) ~[na:na]
	at java.base/java.net.SocksSocketImpl.connect(SocksSocketImpl.java:327) ~[na:na]
	at java.base/java.net.Socket.connect(Socket.java:633) ~[na:na]
	at com.mysql.cj.protocol.StandardSocketFactory.connect(StandardSocketFactory.java:153) ~[mysql-connector-j-8.3.0.jar:8.3.0]
	at com.mysql.cj.protocol.a.NativeSocketConnection.connect(NativeSocketConnection.java:62) ~[mysql-connector-j-8.3.0.jar:8.3.0]
	at com.mysql.cj.NativeSession.connect(NativeSession.java:120) ~[mysql-connector-j-8.3.0.jar:8.3.0]
	at com.mysql.cj.jdbc.ConnectionImpl.connectOneTryOnly(ConnectionImpl.java:935) ~[mysql-connector-j-8.3.0.jar:8.3.0]
	at com.mysql.cj.jdbc.ConnectionImpl.createNewIO(ConnectionImpl.java:805) ~[mysql-connector-j-8.3.0.jar:8.3.0]
	at com.mysql.cj.jdbc.ConnectionImpl.<init>(ConnectionImpl.java:438) ~[mysql-connector-j-8.3.0.jar:8.3.0]
	at com.mysql.cj.jdbc.ConnectionImpl.getInstance(ConnectionImpl.java:241) ~[mysql-connector-j-8.3.0.jar:8.3.0]
	at com.mysql.cj.jdbc.NonRegisteringDriver.connect(NonRegisteringDriver.java:189) ~[mysql-connector-j-8.3.0.jar:8.3.0]
	at com.zaxxer.hikari.util.DriverDataSource.getConnection(DriverDataSource.java:137) ~[HikariCP-5.1.0.jar:na]
	at com.zaxxer.hikari.pool.PoolBase.newConnection(PoolBase.java:360) ~[HikariCP-5.1.0.jar:na]
	at com.zaxxer.hikari.pool.PoolBase.newPoolEntry(PoolBase.java:202) ~[HikariCP-5.1.0.jar:na]
	at com.zaxxer.hikari.pool.HikariPool.createPoolEntry(HikariPool.java:461) ~[HikariCP-5.1.0.jar:na]
	at com.zaxxer.hikari.pool.HikariPool$PoolEntryCreator.call(HikariPool.java:724) ~[HikariCP-5.1.0.jar:na]
	at com.zaxxer.hikari.pool.HikariPool$PoolEntryCreator.call(HikariPool.java:703) ~[HikariCP-5.1.0.jar:na]
	at java.base/java.util.concurrent.FutureTask.run(FutureTask.java:264) ~[na:na]
	at java.base/java.util.concurrent.ThreadPoolExecutor.runWorker(ThreadPoolExecutor.java:1136) ~[na:na]
	at java.base/java.util.concurrent.ThreadPoolExecutor$Worker.run(ThreadPoolExecutor.java:635) ~[na:na]
	at java.base/java.lang.Thread.run(Thread.java:842) ~[na:na]

2026-06-12T13:02:12.889+09:00 ERROR 15060 --- [quality-service] [http-nio-8083-exec-9] o.a.c.c.C.[.[.[/].[dispatcherServlet]    : Servlet.service() for servlet [dispatcherServlet] in context with path [] threw exception [Request processing failed: org.springframework.transaction.CannotCreateTransactionException: Could not open JPA EntityManager for transaction] with root cause

java.net.ConnectException: Connection refused: no further information
	at java.base/sun.nio.ch.Net.pollConnect(Native Method) ~[na:na]
	at java.base/sun.nio.ch.Net.pollConnectNow(Net.java:672) ~[na:na]
	at java.base/sun.nio.ch.NioSocketImpl.timedFinishConnect(NioSocketImpl.java:547) ~[na:na]
	at java.base/sun.nio.ch.NioSocketImpl.connect(NioSocketImpl.java:602) ~[na:na]
	at java.base/java.net.SocksSocketImpl.connect(SocksSocketImpl.java:327) ~[na:na]
	at java.base/java.net.Socket.connect(Socket.java:633) ~[na:na]
	at com.mysql.cj.protocol.StandardSocketFactory.connect(StandardSocketFactory.java:153) ~[mysql-connector-j-8.3.0.jar:8.3.0]
	at com.mysql.cj.protocol.a.NativeSocketConnection.connect(NativeSocketConnection.java:62) ~[mysql-connector-j-8.3.0.jar:8.3.0]
	at com.mysql.cj.NativeSession.connect(NativeSession.java:120) ~[mysql-connector-j-8.3.0.jar:8.3.0]
	at com.mysql.cj.jdbc.ConnectionImpl.connectOneTryOnly(ConnectionImpl.java:935) ~[mysql-connector-j-8.3.0.jar:8.3.0]
	at com.mysql.cj.jdbc.ConnectionImpl.createNewIO(ConnectionImpl.java:805) ~[mysql-connector-j-8.3.0.jar:8.3.0]
	at com.mysql.cj.jdbc.ConnectionImpl.<init>(ConnectionImpl.java:438) ~[mysql-connector-j-8.3.0.jar:8.3.0]
	at com.mysql.cj.jdbc.ConnectionImpl.getInstance(ConnectionImpl.java:241) ~[mysql-connector-j-8.3.0.jar:8.3.0]
	at com.mysql.cj.jdbc.NonRegisteringDriver.connect(NonRegisteringDriver.java:189) ~[mysql-connector-j-8.3.0.jar:8.3.0]
	at com.zaxxer.hikari.util.DriverDataSource.getConnection(DriverDataSource.java:137) ~[HikariCP-5.1.0.jar:na]
	at com.zaxxer.hikari.pool.PoolBase.newConnection(PoolBase.java:360) ~[HikariCP-5.1.0.jar:na]
	at com.zaxxer.hikari.pool.PoolBase.newPoolEntry(PoolBase.java:202) ~[HikariCP-5.1.0.jar:na]
	at com.zaxxer.hikari.pool.HikariPool.createPoolEntry(HikariPool.java:461) ~[HikariCP-5.1.0.jar:na]
	at com.zaxxer.hikari.pool.HikariPool$PoolEntryCreator.call(HikariPool.java:724) ~[HikariCP-5.1.0.jar:na]
	at com.zaxxer.hikari.pool.HikariPool$PoolEntryCreator.call(HikariPool.java:703) ~[HikariCP-5.1.0.jar:na]
	at java.base/java.util.concurrent.FutureTask.run(FutureTask.java:264) ~[na:na]
	at java.base/java.util.concurrent.ThreadPoolExecutor.runWorker(ThreadPoolExecutor.java:1136) ~[na:na]
	at java.base/java.util.concurrent.ThreadPoolExecutor$Worker.run(ThreadPoolExecutor.java:635) ~[na:na]
	at java.base/java.lang.Thread.run(Thread.java:842) ~[na:na]

2026-06-12T13:02:17.266+09:00  WARN 15060 --- [quality-service] [http-nio-8083-exec-2] o.h.engine.jdbc.spi.SqlExceptionHelper   : SQL Error: 0, SQLState: 08S01
2026-06-12T13:02:17.266+09:00  WARN 15060 --- [quality-service] [http-nio-8083-exec-6] o.h.engine.jdbc.spi.SqlExceptionHelper   : SQL Error: 0, SQLState: 08S01
2026-06-12T13:02:17.266+09:00  WARN 15060 --- [quality-service] [http-nio-8083-exec-8] o.h.engine.jdbc.spi.SqlExceptionHelper   : SQL Error: 0, SQLState: 08S01
2026-06-12T13:02:17.266+09:00  WARN 15060 --- [quality-service] [http-nio-8083-exec-4] o.h.engine.jdbc.spi.SqlExceptionHelper   : SQL Error: 0, SQLState: 08S01
2026-06-12T13:02:17.267+09:00 ERROR 15060 --- [quality-service] [http-nio-8083-exec-2] o.h.engine.jdbc.spi.SqlExceptionHelper   : HikariPool-1 - Connection is not available, request timed out after 30005ms (total=0, active=0, idle=0, waiting=3)
2026-06-12T13:02:17.267+09:00 ERROR 15060 --- [quality-service] [http-nio-8083-exec-8] o.h.engine.jdbc.spi.SqlExceptionHelper   : HikariPool-1 - Connection is not available, request timed out after 30007ms (total=0, active=0, idle=0, waiting=1)
2026-06-12T13:02:17.266+09:00  WARN 15060 --- [quality-service] [http-nio-8083-exec-5] o.h.engine.jdbc.spi.SqlExceptionHelper   : SQL Error: 0, SQLState: 08S01
2026-06-12T13:02:17.267+09:00 ERROR 15060 --- [quality-service] [http-nio-8083-exec-4] o.h.engine.jdbc.spi.SqlExceptionHelper   : HikariPool-1 - Connection is not available, request timed out after 30005ms (total=0, active=0, idle=0, waiting=2)
2026-06-12T13:02:17.267+09:00 ERROR 15060 --- [quality-service] [http-nio-8083-exec-6] o.h.engine.jdbc.spi.SqlExceptionHelper   : HikariPool-1 - Connection is not available, request timed out after 30005ms (total=0, active=0, idle=0, waiting=3)
2026-06-12T13:02:17.267+09:00 ERROR 15060 --- [quality-service] [http-nio-8083-exec-5] o.h.engine.jdbc.spi.SqlExceptionHelper   : HikariPool-1 - Connection is not available, request timed out after 30004ms (total=0, active=0, idle=0, waiting=3)
2026-06-12T13:02:17.267+09:00 ERROR 15060 --- [quality-service] [http-nio-8083-exec-2] o.h.engine.jdbc.spi.SqlExceptionHelper   : Communications link failure

The last packet sent successfully to the server was 0 milliseconds ago. The driver has not received any packets from the server.
2026-06-12T13:02:17.267+09:00 ERROR 15060 --- [quality-service] [http-nio-8083-exec-6] o.h.engine.jdbc.spi.SqlExceptionHelper   : Communications link failure

The last packet sent successfully to the server was 0 milliseconds ago. The driver has not received any packets from the server.
2026-06-12T13:02:17.267+09:00 ERROR 15060 --- [quality-service] [http-nio-8083-exec-8] o.h.engine.jdbc.spi.SqlExceptionHelper   : Communications link failure

The last packet sent successfully to the server was 0 milliseconds ago. The driver has not received any packets from the server.
2026-06-12T13:02:17.267+09:00 ERROR 15060 --- [quality-service] [http-nio-8083-exec-4] o.h.engine.jdbc.spi.SqlExceptionHelper   : Communications link failure

The last packet sent successfully to the server was 0 milliseconds ago. The driver has not received any packets from the server.
2026-06-12T13:02:17.267+09:00 ERROR 15060 --- [quality-service] [http-nio-8083-exec-5] o.h.engine.jdbc.spi.SqlExceptionHelper   : Communications link failure

The last packet sent successfully to the server was 0 milliseconds ago. The driver has not received any packets from the server.
2026-06-12T13:02:17.270+09:00 ERROR 15060 --- [quality-service] [http-nio-8083-exec-4] o.a.c.c.C.[.[.[/].[dispatcherServlet]    : Servlet.service() for servlet [dispatcherServlet] in context with path [] threw exception [Request processing failed: org.springframework.transaction.CannotCreateTransactionException: Could not open JPA EntityManager for transaction] with root cause

java.net.ConnectException: Connection refused: no further information
	at java.base/sun.nio.ch.Net.pollConnect(Native Method) ~[na:na]
	at java.base/sun.nio.ch.Net.pollConnectNow(Net.java:672) ~[na:na]
	at java.base/sun.nio.ch.NioSocketImpl.timedFinishConnect(NioSocketImpl.java:547) ~[na:na]
	at java.base/sun.nio.ch.NioSocketImpl.connect(NioSocketImpl.java:602) ~[na:na]
	at java.base/java.net.SocksSocketImpl.connect(SocksSocketImpl.java:327) ~[na:na]
	at java.base/java.net.Socket.connect(Socket.java:633) ~[na:na]
	at com.mysql.cj.protocol.StandardSocketFactory.connect(StandardSocketFactory.java:153) ~[mysql-connector-j-8.3.0.jar:8.3.0]
	at com.mysql.cj.protocol.a.NativeSocketConnection.connect(NativeSocketConnection.java:62) ~[mysql-connector-j-8.3.0.jar:8.3.0]
	at com.mysql.cj.NativeSession.connect(NativeSession.java:120) ~[mysql-connector-j-8.3.0.jar:8.3.0]
	at com.mysql.cj.jdbc.ConnectionImpl.connectOneTryOnly(ConnectionImpl.java:935) ~[mysql-connector-j-8.3.0.jar:8.3.0]
	at com.mysql.cj.jdbc.ConnectionImpl.createNewIO(ConnectionImpl.java:805) ~[mysql-connector-j-8.3.0.jar:8.3.0]
	at com.mysql.cj.jdbc.ConnectionImpl.<init>(ConnectionImpl.java:438) ~[mysql-connector-j-8.3.0.jar:8.3.0]
	at com.mysql.cj.jdbc.ConnectionImpl.getInstance(ConnectionImpl.java:241) ~[mysql-connector-j-8.3.0.jar:8.3.0]
	at com.mysql.cj.jdbc.NonRegisteringDriver.connect(NonRegisteringDriver.java:189) ~[mysql-connector-j-8.3.0.jar:8.3.0]
	at com.zaxxer.hikari.util.DriverDataSource.getConnection(DriverDataSource.java:137) ~[HikariCP-5.1.0.jar:na]
	at com.zaxxer.hikari.pool.PoolBase.newConnection(PoolBase.java:360) ~[HikariCP-5.1.0.jar:na]
	at com.zaxxer.hikari.pool.PoolBase.newPoolEntry(PoolBase.java:202) ~[HikariCP-5.1.0.jar:na]
	at com.zaxxer.hikari.pool.HikariPool.createPoolEntry(HikariPool.java:461) ~[HikariCP-5.1.0.jar:na]
	at com.zaxxer.hikari.pool.HikariPool$PoolEntryCreator.call(HikariPool.java:724) ~[HikariCP-5.1.0.jar:na]
	at com.zaxxer.hikari.pool.HikariPool$PoolEntryCreator.call(HikariPool.java:703) ~[HikariCP-5.1.0.jar:na]
	at java.base/java.util.concurrent.FutureTask.run(FutureTask.java:264) ~[na:na]
	at java.base/java.util.concurrent.ThreadPoolExecutor.runWorker(ThreadPoolExecutor.java:1136) ~[na:na]
	at java.base/java.util.concurrent.ThreadPoolExecutor$Worker.run(ThreadPoolExecutor.java:635) ~[na:na]
	at java.base/java.lang.Thread.run(Thread.java:842) ~[na:na]

2026-06-12T13:02:17.270+09:00 ERROR 15060 --- [quality-service] [http-nio-8083-exec-8] o.a.c.c.C.[.[.[/].[dispatcherServlet]    : Servlet.service() for servlet [dispatcherServlet] in context with path [] threw exception [Request processing failed: org.springframework.transaction.CannotCreateTransactionException: Could not open JPA EntityManager for transaction] with root cause

java.net.ConnectException: Connection refused: no further information
	at java.base/sun.nio.ch.Net.pollConnect(Native Method) ~[na:na]
	at java.base/sun.nio.ch.Net.pollConnectNow(Net.java:672) ~[na:na]
	at java.base/sun.nio.ch.NioSocketImpl.timedFinishConnect(NioSocketImpl.java:547) ~[na:na]
	at java.base/sun.nio.ch.NioSocketImpl.connect(NioSocketImpl.java:602) ~[na:na]
	at java.base/java.net.SocksSocketImpl.connect(SocksSocketImpl.java:327) ~[na:na]
	at java.base/java.net.Socket.connect(Socket.java:633) ~[na:na]
	at com.mysql.cj.protocol.StandardSocketFactory.connect(StandardSocketFactory.java:153) ~[mysql-connector-j-8.3.0.jar:8.3.0]
	at com.mysql.cj.protocol.a.NativeSocketConnection.connect(NativeSocketConnection.java:62) ~[mysql-connector-j-8.3.0.jar:8.3.0]
	at com.mysql.cj.NativeSession.connect(NativeSession.java:120) ~[mysql-connector-j-8.3.0.jar:8.3.0]
	at com.mysql.cj.jdbc.ConnectionImpl.connectOneTryOnly(ConnectionImpl.java:935) ~[mysql-connector-j-8.3.0.jar:8.3.0]
	at com.mysql.cj.jdbc.ConnectionImpl.createNewIO(ConnectionImpl.java:805) ~[mysql-connector-j-8.3.0.jar:8.3.0]
	at com.mysql.cj.jdbc.ConnectionImpl.<init>(ConnectionImpl.java:438) ~[mysql-connector-j-8.3.0.jar:8.3.0]
	at com.mysql.cj.jdbc.ConnectionImpl.getInstance(ConnectionImpl.java:241) ~[mysql-connector-j-8.3.0.jar:8.3.0]
	at com.mysql.cj.jdbc.NonRegisteringDriver.connect(NonRegisteringDriver.java:189) ~[mysql-connector-j-8.3.0.jar:8.3.0]
	at com.zaxxer.hikari.util.DriverDataSource.getConnection(DriverDataSource.java:137) ~[HikariCP-5.1.0.jar:na]
	at com.zaxxer.hikari.pool.PoolBase.newConnection(PoolBase.java:360) ~[HikariCP-5.1.0.jar:na]
	at com.zaxxer.hikari.pool.PoolBase.newPoolEntry(PoolBase.java:202) ~[HikariCP-5.1.0.jar:na]
	at com.zaxxer.hikari.pool.HikariPool.createPoolEntry(HikariPool.java:461) ~[HikariCP-5.1.0.jar:na]
	at com.zaxxer.hikari.pool.HikariPool$PoolEntryCreator.call(HikariPool.java:724) ~[HikariCP-5.1.0.jar:na]
	at com.zaxxer.hikari.pool.HikariPool$PoolEntryCreator.call(HikariPool.java:703) ~[HikariCP-5.1.0.jar:na]
	at java.base/java.util.concurrent.FutureTask.run(FutureTask.java:264) ~[na:na]
	at java.base/java.util.concurrent.ThreadPoolExecutor.runWorker(ThreadPoolExecutor.java:1136) ~[na:na]
	at java.base/java.util.concurrent.ThreadPoolExecutor$Worker.run(ThreadPoolExecutor.java:635) ~[na:na]
	at java.base/java.lang.Thread.run(Thread.java:842) ~[na:na]

2026-06-12T13:02:17.270+09:00 ERROR 15060 --- [quality-service] [http-nio-8083-exec-6] o.a.c.c.C.[.[.[/].[dispatcherServlet]    : Servlet.service() for servlet [dispatcherServlet] in context with path [] threw exception [Request processing failed: org.springframework.transaction.CannotCreateTransactionException: Could not open JPA EntityManager for transaction] with root cause

java.net.ConnectException: Connection refused: no further information
	at java.base/sun.nio.ch.Net.pollConnect(Native Method) ~[na:na]
	at java.base/sun.nio.ch.Net.pollConnectNow(Net.java:672) ~[na:na]
	at java.base/sun.nio.ch.NioSocketImpl.timedFinishConnect(NioSocketImpl.java:547) ~[na:na]
	at java.base/sun.nio.ch.NioSocketImpl.connect(NioSocketImpl.java:602) ~[na:na]
	at java.base/java.net.SocksSocketImpl.connect(SocksSocketImpl.java:327) ~[na:na]
	at java.base/java.net.Socket.connect(Socket.java:633) ~[na:na]
	at com.mysql.cj.protocol.StandardSocketFactory.connect(StandardSocketFactory.java:153) ~[mysql-connector-j-8.3.0.jar:8.3.0]
	at com.mysql.cj.protocol.a.NativeSocketConnection.connect(NativeSocketConnection.java:62) ~[mysql-connector-j-8.3.0.jar:8.3.0]
	at com.mysql.cj.NativeSession.connect(NativeSession.java:120) ~[mysql-connector-j-8.3.0.jar:8.3.0]
	at com.mysql.cj.jdbc.ConnectionImpl.connectOneTryOnly(ConnectionImpl.java:935) ~[mysql-connector-j-8.3.0.jar:8.3.0]
	at com.mysql.cj.jdbc.ConnectionImpl.createNewIO(ConnectionImpl.java:805) ~[mysql-connector-j-8.3.0.jar:8.3.0]
	at com.mysql.cj.jdbc.ConnectionImpl.<init>(ConnectionImpl.java:438) ~[mysql-connector-j-8.3.0.jar:8.3.0]
	at com.mysql.cj.jdbc.ConnectionImpl.getInstance(ConnectionImpl.java:241) ~[mysql-connector-j-8.3.0.jar:8.3.0]
	at com.mysql.cj.jdbc.NonRegisteringDriver.connect(NonRegisteringDriver.java:189) ~[mysql-connector-j-8.3.0.jar:8.3.0]
	at com.zaxxer.hikari.util.DriverDataSource.getConnection(DriverDataSource.java:137) ~[HikariCP-5.1.0.jar:na]
	at com.zaxxer.hikari.pool.PoolBase.newConnection(PoolBase.java:360) ~[HikariCP-5.1.0.jar:na]
	at com.zaxxer.hikari.pool.PoolBase.newPoolEntry(PoolBase.java:202) ~[HikariCP-5.1.0.jar:na]
	at com.zaxxer.hikari.pool.HikariPool.createPoolEntry(HikariPool.java:461) ~[HikariCP-5.1.0.jar:na]
	at com.zaxxer.hikari.pool.HikariPool$PoolEntryCreator.call(HikariPool.java:724) ~[HikariCP-5.1.0.jar:na]
	at com.zaxxer.hikari.pool.HikariPool$PoolEntryCreator.call(HikariPool.java:703) ~[HikariCP-5.1.0.jar:na]
	at java.base/java.util.concurrent.FutureTask.run(FutureTask.java:264) ~[na:na]
	at java.base/java.util.concurrent.ThreadPoolExecutor.runWorker(ThreadPoolExecutor.java:1136) ~[na:na]
	at java.base/java.util.concurrent.ThreadPoolExecutor$Worker.run(ThreadPoolExecutor.java:635) ~[na:na]
	at java.base/java.lang.Thread.run(Thread.java:842) ~[na:na]

2026-06-12T13:02:17.270+09:00 ERROR 15060 --- [quality-service] [http-nio-8083-exec-5] o.a.c.c.C.[.[.[/].[dispatcherServlet]    : Servlet.service() for servlet [dispatcherServlet] in context with path [] threw exception [Request processing failed: org.springframework.transaction.CannotCreateTransactionException: Could not open JPA EntityManager for transaction] with root cause

java.net.ConnectException: Connection refused: no further information
	at java.base/sun.nio.ch.Net.pollConnect(Native Method) ~[na:na]
	at java.base/sun.nio.ch.Net.pollConnectNow(Net.java:672) ~[na:na]
	at java.base/sun.nio.ch.NioSocketImpl.timedFinishConnect(NioSocketImpl.java:547) ~[na:na]
	at java.base/sun.nio.ch.NioSocketImpl.connect(NioSocketImpl.java:602) ~[na:na]
	at java.base/java.net.SocksSocketImpl.connect(SocksSocketImpl.java:327) ~[na:na]
	at java.base/java.net.Socket.connect(Socket.java:633) ~[na:na]
	at com.mysql.cj.protocol.StandardSocketFactory.connect(StandardSocketFactory.java:153) ~[mysql-connector-j-8.3.0.jar:8.3.0]
	at com.mysql.cj.protocol.a.NativeSocketConnection.connect(NativeSocketConnection.java:62) ~[mysql-connector-j-8.3.0.jar:8.3.0]
	at com.mysql.cj.NativeSession.connect(NativeSession.java:120) ~[mysql-connector-j-8.3.0.jar:8.3.0]
	at com.mysql.cj.jdbc.ConnectionImpl.connectOneTryOnly(ConnectionImpl.java:935) ~[mysql-connector-j-8.3.0.jar:8.3.0]
	at com.mysql.cj.jdbc.ConnectionImpl.createNewIO(ConnectionImpl.java:805) ~[mysql-connector-j-8.3.0.jar:8.3.0]
	at com.mysql.cj.jdbc.ConnectionImpl.<init>(ConnectionImpl.java:438) ~[mysql-connector-j-8.3.0.jar:8.3.0]
	at com.mysql.cj.jdbc.ConnectionImpl.getInstance(ConnectionImpl.java:241) ~[mysql-connector-j-8.3.0.jar:8.3.0]
	at com.mysql.cj.jdbc.NonRegisteringDriver.connect(NonRegisteringDriver.java:189) ~[mysql-connector-j-8.3.0.jar:8.3.0]
	at com.zaxxer.hikari.util.DriverDataSource.getConnection(DriverDataSource.java:137) ~[HikariCP-5.1.0.jar:na]
	at com.zaxxer.hikari.pool.PoolBase.newConnection(PoolBase.java:360) ~[HikariCP-5.1.0.jar:na]
	at com.zaxxer.hikari.pool.PoolBase.newPoolEntry(PoolBase.java:202) ~[HikariCP-5.1.0.jar:na]
	at com.zaxxer.hikari.pool.HikariPool.createPoolEntry(HikariPool.java:461) ~[HikariCP-5.1.0.jar:na]
	at com.zaxxer.hikari.pool.HikariPool$PoolEntryCreator.call(HikariPool.java:724) ~[HikariCP-5.1.0.jar:na]
	at com.zaxxer.hikari.pool.HikariPool$PoolEntryCreator.call(HikariPool.java:703) ~[HikariCP-5.1.0.jar:na]
	at java.base/java.util.concurrent.FutureTask.run(FutureTask.java:264) ~[na:na]
	at java.base/java.util.concurrent.ThreadPoolExecutor.runWorker(ThreadPoolExecutor.java:1136) ~[na:na]
	at java.base/java.util.concurrent.ThreadPoolExecutor$Worker.run(ThreadPoolExecutor.java:635) ~[na:na]
	at java.base/java.lang.Thread.run(Thread.java:842) ~[na:na]

2026-06-12T13:02:17.270+09:00 ERROR 15060 --- [quality-service] [http-nio-8083-exec-2] o.a.c.c.C.[.[.[/].[dispatcherServlet]    : Servlet.service() for servlet [dispatcherServlet] in context with path [] threw exception [Request processing failed: org.springframework.transaction.CannotCreateTransactionException: Could not open JPA EntityManager for transaction] with root cause

java.net.ConnectException: Connection refused: no further information
	at java.base/sun.nio.ch.Net.pollConnect(Native Method) ~[na:na]
	at java.base/sun.nio.ch.Net.pollConnectNow(Net.java:672) ~[na:na]
	at java.base/sun.nio.ch.NioSocketImpl.timedFinishConnect(NioSocketImpl.java:547) ~[na:na]
	at java.base/sun.nio.ch.NioSocketImpl.connect(NioSocketImpl.java:602) ~[na:na]
	at java.base/java.net.SocksSocketImpl.connect(SocksSocketImpl.java:327) ~[na:na]
	at java.base/java.net.Socket.connect(Socket.java:633) ~[na:na]
	at com.mysql.cj.protocol.StandardSocketFactory.connect(StandardSocketFactory.java:153) ~[mysql-connector-j-8.3.0.jar:8.3.0]
	at com.mysql.cj.protocol.a.NativeSocketConnection.connect(NativeSocketConnection.java:62) ~[mysql-connector-j-8.3.0.jar:8.3.0]
	at com.mysql.cj.NativeSession.connect(NativeSession.java:120) ~[mysql-connector-j-8.3.0.jar:8.3.0]
	at com.mysql.cj.jdbc.ConnectionImpl.connectOneTryOnly(ConnectionImpl.java:935) ~[mysql-connector-j-8.3.0.jar:8.3.0]
	at com.mysql.cj.jdbc.ConnectionImpl.createNewIO(ConnectionImpl.java:805) ~[mysql-connector-j-8.3.0.jar:8.3.0]
	at com.mysql.cj.jdbc.ConnectionImpl.<init>(ConnectionImpl.java:438) ~[mysql-connector-j-8.3.0.jar:8.3.0]
	at com.mysql.cj.jdbc.ConnectionImpl.getInstance(ConnectionImpl.java:241) ~[mysql-connector-j-8.3.0.jar:8.3.0]
	at com.mysql.cj.jdbc.NonRegisteringDriver.connect(NonRegisteringDriver.java:189) ~[mysql-connector-j-8.3.0.jar:8.3.0]
	at com.zaxxer.hikari.util.DriverDataSource.getConnection(DriverDataSource.java:137) ~[HikariCP-5.1.0.jar:na]
	at com.zaxxer.hikari.pool.PoolBase.newConnection(PoolBase.java:360) ~[HikariCP-5.1.0.jar:na]
	at com.zaxxer.hikari.pool.PoolBase.newPoolEntry(PoolBase.java:202) ~[HikariCP-5.1.0.jar:na]
	at com.zaxxer.hikari.pool.HikariPool.createPoolEntry(HikariPool.java:461) ~[HikariCP-5.1.0.jar:na]
	at com.zaxxer.hikari.pool.HikariPool$PoolEntryCreator.call(HikariPool.java:724) ~[HikariCP-5.1.0.jar:na]
	at com.zaxxer.hikari.pool.HikariPool$PoolEntryCreator.call(HikariPool.java:703) ~[HikariCP-5.1.0.jar:na]
	at java.base/java.util.concurrent.FutureTask.run(FutureTask.java:264) ~[na:na]
	at java.base/java.util.concurrent.ThreadPoolExecutor.runWorker(ThreadPoolExecutor.java:1136) ~[na:na]
	at java.base/java.util.concurrent.ThreadPoolExecutor$Worker.run(ThreadPoolExecutor.java:635) ~[na:na]
	at java.base/java.lang.Thread.run(Thread.java:842) ~[na:na]

2026-06-12T13:02:37.285+09:00  WARN 15060 --- [quality-service] [http-nio-8083-exec-11] o.h.engine.jdbc.spi.SqlExceptionHelper   : SQL Error: 0, SQLState: 08S01
2026-06-12T13:02:37.285+09:00 ERROR 15060 --- [quality-service] [http-nio-8083-exec-11] o.h.engine.jdbc.spi.SqlExceptionHelper   : HikariPool-1 - Connection is not available, request timed out after 30006ms (total=0, active=0, idle=0, waiting=4)
2026-06-12T13:02:37.285+09:00 ERROR 15060 --- [quality-service] [http-nio-8083-exec-11] o.h.engine.jdbc.spi.SqlExceptionHelper   : Communications link failure

The last packet sent successfully to the server was 0 milliseconds ago. The driver has not received any packets from the server.
2026-06-12T13:02:37.287+09:00 ERROR 15060 --- [quality-service] [http-nio-8083-exec-11] o.a.c.c.C.[.[.[/].[dispatcherServlet]    : Servlet.service() for servlet [dispatcherServlet] in context with path [] threw exception [Request processing failed: org.springframework.transaction.CannotCreateTransactionException: Could not open JPA EntityManager for transaction] with root cause

java.net.ConnectException: Connection refused: no further information
	at java.base/sun.nio.ch.Net.pollConnect(Native Method) ~[na:na]
	at java.base/sun.nio.ch.Net.pollConnectNow(Net.java:672) ~[na:na]
	at java.base/sun.nio.ch.NioSocketImpl.timedFinishConnect(NioSocketImpl.java:547) ~[na:na]
	at java.base/sun.nio.ch.NioSocketImpl.connect(NioSocketImpl.java:602) ~[na:na]
	at java.base/java.net.SocksSocketImpl.connect(SocksSocketImpl.java:327) ~[na:na]
	at java.base/java.net.Socket.connect(Socket.java:633) ~[na:na]
	at com.mysql.cj.protocol.StandardSocketFactory.connect(StandardSocketFactory.java:153) ~[mysql-connector-j-8.3.0.jar:8.3.0]
	at com.mysql.cj.protocol.a.NativeSocketConnection.connect(NativeSocketConnection.java:62) ~[mysql-connector-j-8.3.0.jar:8.3.0]
	at com.mysql.cj.NativeSession.connect(NativeSession.java:120) ~[mysql-connector-j-8.3.0.jar:8.3.0]
	at com.mysql.cj.jdbc.ConnectionImpl.connectOneTryOnly(ConnectionImpl.java:935) ~[mysql-connector-j-8.3.0.jar:8.3.0]
	at com.mysql.cj.jdbc.ConnectionImpl.createNewIO(ConnectionImpl.java:805) ~[mysql-connector-j-8.3.0.jar:8.3.0]
	at com.mysql.cj.jdbc.ConnectionImpl.<init>(ConnectionImpl.java:438) ~[mysql-connector-j-8.3.0.jar:8.3.0]
	at com.mysql.cj.jdbc.ConnectionImpl.getInstance(ConnectionImpl.java:241) ~[mysql-connector-j-8.3.0.jar:8.3.0]
	at com.mysql.cj.jdbc.NonRegisteringDriver.connect(NonRegisteringDriver.java:189) ~[mysql-connector-j-8.3.0.jar:8.3.0]
	at com.zaxxer.hikari.util.DriverDataSource.getConnection(DriverDataSource.java:137) ~[HikariCP-5.1.0.jar:na]
	at com.zaxxer.hikari.pool.PoolBase.newConnection(PoolBase.java:360) ~[HikariCP-5.1.0.jar:na]
	at com.zaxxer.hikari.pool.PoolBase.newPoolEntry(PoolBase.java:202) ~[HikariCP-5.1.0.jar:na]
	at com.zaxxer.hikari.pool.HikariPool.createPoolEntry(HikariPool.java:461) ~[HikariCP-5.1.0.jar:na]
	at com.zaxxer.hikari.pool.HikariPool$PoolEntryCreator.call(HikariPool.java:724) ~[HikariCP-5.1.0.jar:na]
	at com.zaxxer.hikari.pool.HikariPool$PoolEntryCreator.call(HikariPool.java:703) ~[HikariCP-5.1.0.jar:na]
	at java.base/java.util.concurrent.FutureTask.run(FutureTask.java:264) ~[na:na]
	at java.base/java.util.concurrent.ThreadPoolExecutor.runWorker(ThreadPoolExecutor.java:1136) ~[na:na]
	at java.base/java.util.concurrent.ThreadPoolExecutor$Worker.run(ThreadPoolExecutor.java:635) ~[na:na]
	at java.base/java.lang.Thread.run(Thread.java:842) ~[na:na]

2026-06-12T13:02:47.287+09:00  WARN 15060 --- [quality-service] [http-nio-8083-exec-7] o.h.engine.jdbc.spi.SqlExceptionHelper   : SQL Error: 0, SQLState: 08S01
2026-06-12T13:02:47.287+09:00  WARN 15060 --- [quality-service] [http-nio-8083-exec-10] o.h.engine.jdbc.spi.SqlExceptionHelper   : SQL Error: 0, SQLState: 08S01
2026-06-12T13:02:47.287+09:00  WARN 15060 --- [quality-service] [http-nio-8083-exec-3] o.h.engine.jdbc.spi.SqlExceptionHelper   : SQL Error: 0, SQLState: 08S01
2026-06-12T13:02:47.287+09:00 ERROR 15060 --- [quality-service] [http-nio-8083-exec-7] o.h.engine.jdbc.spi.SqlExceptionHelper   : HikariPool-1 - Connection is not available, request timed out after 30000ms (total=0, active=0, idle=0, waiting=1)
2026-06-12T13:02:47.287+09:00 ERROR 15060 --- [quality-service] [http-nio-8083-exec-10] o.h.engine.jdbc.spi.SqlExceptionHelper   : HikariPool-1 - Connection is not available, request timed out after 30003ms (total=0, active=0, idle=0, waiting=1)
2026-06-12T13:02:47.287+09:00 ERROR 15060 --- [quality-service] [http-nio-8083-exec-10] o.h.engine.jdbc.spi.SqlExceptionHelper   : Communications link failure

The last packet sent successfully to the server was 0 milliseconds ago. The driver has not received any packets from the server.
2026-06-12T13:02:47.287+09:00 ERROR 15060 --- [quality-service] [http-nio-8083-exec-7] o.h.engine.jdbc.spi.SqlExceptionHelper   : Communications link failure

The last packet sent successfully to the server was 0 milliseconds ago. The driver has not received any packets from the server.
2026-06-12T13:02:47.287+09:00 ERROR 15060 --- [quality-service] [http-nio-8083-exec-3] o.h.engine.jdbc.spi.SqlExceptionHelper   : HikariPool-1 - Connection is not available, request timed out after 30006ms (total=0, active=0, idle=0, waiting=1)
2026-06-12T13:02:47.287+09:00 ERROR 15060 --- [quality-service] [http-nio-8083-exec-3] o.h.engine.jdbc.spi.SqlExceptionHelper   : Communications link failure

The last packet sent successfully to the server was 0 milliseconds ago. The driver has not received any packets from the server.
2026-06-12T13:02:47.287+09:00 ERROR 15060 --- [quality-service] [http-nio-8083-exec-7] o.a.c.c.C.[.[.[/].[dispatcherServlet]    : Servlet.service() for servlet [dispatcherServlet] in context with path [] threw exception [Request processing failed: org.springframework.transaction.CannotCreateTransactionException: Could not open JPA EntityManager for transaction] with root cause

java.net.ConnectException: Connection refused: no further information
	at java.base/sun.nio.ch.Net.pollConnect(Native Method) ~[na:na]
	at java.base/sun.nio.ch.Net.pollConnectNow(Net.java:672) ~[na:na]
	at java.base/sun.nio.ch.NioSocketImpl.timedFinishConnect(NioSocketImpl.java:547) ~[na:na]
	at java.base/sun.nio.ch.NioSocketImpl.connect(NioSocketImpl.java:602) ~[na:na]
	at java.base/java.net.SocksSocketImpl.connect(SocksSocketImpl.java:327) ~[na:na]
	at java.base/java.net.Socket.connect(Socket.java:633) ~[na:na]
	at com.mysql.cj.protocol.StandardSocketFactory.connect(StandardSocketFactory.java:153) ~[mysql-connector-j-8.3.0.jar:8.3.0]
	at com.mysql.cj.protocol.a.NativeSocketConnection.connect(NativeSocketConnection.java:62) ~[mysql-connector-j-8.3.0.jar:8.3.0]
	at com.mysql.cj.NativeSession.connect(NativeSession.java:120) ~[mysql-connector-j-8.3.0.jar:8.3.0]
	at com.mysql.cj.jdbc.ConnectionImpl.connectOneTryOnly(ConnectionImpl.java:935) ~[mysql-connector-j-8.3.0.jar:8.3.0]
	at com.mysql.cj.jdbc.ConnectionImpl.createNewIO(ConnectionImpl.java:805) ~[mysql-connector-j-8.3.0.jar:8.3.0]
	at com.mysql.cj.jdbc.ConnectionImpl.<init>(ConnectionImpl.java:438) ~[mysql-connector-j-8.3.0.jar:8.3.0]
	at com.mysql.cj.jdbc.ConnectionImpl.getInstance(ConnectionImpl.java:241) ~[mysql-connector-j-8.3.0.jar:8.3.0]
	at com.mysql.cj.jdbc.NonRegisteringDriver.connect(NonRegisteringDriver.java:189) ~[mysql-connector-j-8.3.0.jar:8.3.0]
	at com.zaxxer.hikari.util.DriverDataSource.getConnection(DriverDataSource.java:137) ~[HikariCP-5.1.0.jar:na]
	at com.zaxxer.hikari.pool.PoolBase.newConnection(PoolBase.java:360) ~[HikariCP-5.1.0.jar:na]
	at com.zaxxer.hikari.pool.PoolBase.newPoolEntry(PoolBase.java:202) ~[HikariCP-5.1.0.jar:na]
	at com.zaxxer.hikari.pool.HikariPool.createPoolEntry(HikariPool.java:461) ~[HikariCP-5.1.0.jar:na]
	at com.zaxxer.hikari.pool.HikariPool$PoolEntryCreator.call(HikariPool.java:724) ~[HikariCP-5.1.0.jar:na]
	at com.zaxxer.hikari.pool.HikariPool$PoolEntryCreator.call(HikariPool.java:703) ~[HikariCP-5.1.0.jar:na]
	at java.base/java.util.concurrent.FutureTask.run(FutureTask.java:264) ~[na:na]
	at java.base/java.util.concurrent.ThreadPoolExecutor.runWorker(ThreadPoolExecutor.java:1136) ~[na:na]
	at java.base/java.util.concurrent.ThreadPoolExecutor$Worker.run(ThreadPoolExecutor.java:635) ~[na:na]
	at java.base/java.lang.Thread.run(Thread.java:842) ~[na:na]

2026-06-12T13:02:47.287+09:00 ERROR 15060 --- [quality-service] [http-nio-8083-exec-3] o.a.c.c.C.[.[.[/].[dispatcherServlet]    : Servlet.service() for servlet [dispatcherServlet] in context with path [] threw exception [Request processing failed: org.springframework.transaction.CannotCreateTransactionException: Could not open JPA EntityManager for transaction] with root cause

java.net.ConnectException: Connection refused: no further information
	at java.base/sun.nio.ch.Net.pollConnect(Native Method) ~[na:na]
	at java.base/sun.nio.ch.Net.pollConnectNow(Net.java:672) ~[na:na]
	at java.base/sun.nio.ch.NioSocketImpl.timedFinishConnect(NioSocketImpl.java:547) ~[na:na]
	at java.base/sun.nio.ch.NioSocketImpl.connect(NioSocketImpl.java:602) ~[na:na]
	at java.base/java.net.SocksSocketImpl.connect(SocksSocketImpl.java:327) ~[na:na]
	at java.base/java.net.Socket.connect(Socket.java:633) ~[na:na]
	at com.mysql.cj.protocol.StandardSocketFactory.connect(StandardSocketFactory.java:153) ~[mysql-connector-j-8.3.0.jar:8.3.0]
	at com.mysql.cj.protocol.a.NativeSocketConnection.connect(NativeSocketConnection.java:62) ~[mysql-connector-j-8.3.0.jar:8.3.0]
	at com.mysql.cj.NativeSession.connect(NativeSession.java:120) ~[mysql-connector-j-8.3.0.jar:8.3.0]
	at com.mysql.cj.jdbc.ConnectionImpl.connectOneTryOnly(ConnectionImpl.java:935) ~[mysql-connector-j-8.3.0.jar:8.3.0]
	at com.mysql.cj.jdbc.ConnectionImpl.createNewIO(ConnectionImpl.java:805) ~[mysql-connector-j-8.3.0.jar:8.3.0]
	at com.mysql.cj.jdbc.ConnectionImpl.<init>(ConnectionImpl.java:438) ~[mysql-connector-j-8.3.0.jar:8.3.0]
	at com.mysql.cj.jdbc.ConnectionImpl.getInstance(ConnectionImpl.java:241) ~[mysql-connector-j-8.3.0.jar:8.3.0]
	at com.mysql.cj.jdbc.NonRegisteringDriver.connect(NonRegisteringDriver.java:189) ~[mysql-connector-j-8.3.0.jar:8.3.0]
	at com.zaxxer.hikari.util.DriverDataSource.getConnection(DriverDataSource.java:137) ~[HikariCP-5.1.0.jar:na]
	at com.zaxxer.hikari.pool.PoolBase.newConnection(PoolBase.java:360) ~[HikariCP-5.1.0.jar:na]
	at com.zaxxer.hikari.pool.PoolBase.newPoolEntry(PoolBase.java:202) ~[HikariCP-5.1.0.jar:na]
	at com.zaxxer.hikari.pool.HikariPool.createPoolEntry(HikariPool.java:461) ~[HikariCP-5.1.0.jar:na]
	at com.zaxxer.hikari.pool.HikariPool$PoolEntryCreator.call(HikariPool.java:724) ~[HikariCP-5.1.0.jar:na]
	at com.zaxxer.hikari.pool.HikariPool$PoolEntryCreator.call(HikariPool.java:703) ~[HikariCP-5.1.0.jar:na]
	at java.base/java.util.concurrent.FutureTask.run(FutureTask.java:264) ~[na:na]
	at java.base/java.util.concurrent.ThreadPoolExecutor.runWorker(ThreadPoolExecutor.java:1136) ~[na:na]
	at java.base/java.util.concurrent.ThreadPoolExecutor$Worker.run(ThreadPoolExecutor.java:635) ~[na:na]
	at java.base/java.lang.Thread.run(Thread.java:842) ~[na:na]

2026-06-12T13:02:47.287+09:00 ERROR 15060 --- [quality-service] [http-nio-8083-exec-10] o.a.c.c.C.[.[.[/].[dispatcherServlet]    : Servlet.service() for servlet [dispatcherServlet] in context with path [] threw exception [Request processing failed: org.springframework.transaction.CannotCreateTransactionException: Could not open JPA EntityManager for transaction] with root cause

java.net.ConnectException: Connection refused: no further information
	at java.base/sun.nio.ch.Net.pollConnect(Native Method) ~[na:na]
	at java.base/sun.nio.ch.Net.pollConnectNow(Net.java:672) ~[na:na]
	at java.base/sun.nio.ch.NioSocketImpl.timedFinishConnect(NioSocketImpl.java:547) ~[na:na]
	at java.base/sun.nio.ch.NioSocketImpl.connect(NioSocketImpl.java:602) ~[na:na]
	at java.base/java.net.SocksSocketImpl.connect(SocksSocketImpl.java:327) ~[na:na]
	at java.base/java.net.Socket.connect(Socket.java:633) ~[na:na]
	at com.mysql.cj.protocol.StandardSocketFactory.connect(StandardSocketFactory.java:153) ~[mysql-connector-j-8.3.0.jar:8.3.0]
	at com.mysql.cj.protocol.a.NativeSocketConnection.connect(NativeSocketConnection.java:62) ~[mysql-connector-j-8.3.0.jar:8.3.0]
	at com.mysql.cj.NativeSession.connect(NativeSession.java:120) ~[mysql-connector-j-8.3.0.jar:8.3.0]
	at com.mysql.cj.jdbc.ConnectionImpl.connectOneTryOnly(ConnectionImpl.java:935) ~[mysql-connector-j-8.3.0.jar:8.3.0]
	at com.mysql.cj.jdbc.ConnectionImpl.createNewIO(ConnectionImpl.java:805) ~[mysql-connector-j-8.3.0.jar:8.3.0]
	at com.mysql.cj.jdbc.ConnectionImpl.<init>(ConnectionImpl.java:438) ~[mysql-connector-j-8.3.0.jar:8.3.0]
	at com.mysql.cj.jdbc.ConnectionImpl.getInstance(ConnectionImpl.java:241) ~[mysql-connector-j-8.3.0.jar:8.3.0]
	at com.mysql.cj.jdbc.NonRegisteringDriver.connect(NonRegisteringDriver.java:189) ~[mysql-connector-j-8.3.0.jar:8.3.0]
	at com.zaxxer.hikari.util.DriverDataSource.getConnection(DriverDataSource.java:137) ~[HikariCP-5.1.0.jar:na]
	at com.zaxxer.hikari.pool.PoolBase.newConnection(PoolBase.java:360) ~[HikariCP-5.1.0.jar:na]
	at com.zaxxer.hikari.pool.PoolBase.newPoolEntry(PoolBase.java:202) ~[HikariCP-5.1.0.jar:na]
	at com.zaxxer.hikari.pool.HikariPool.createPoolEntry(HikariPool.java:461) ~[HikariCP-5.1.0.jar:na]
	at com.zaxxer.hikari.pool.HikariPool$PoolEntryCreator.call(HikariPool.java:724) ~[HikariCP-5.1.0.jar:na]
	at com.zaxxer.hikari.pool.HikariPool$PoolEntryCreator.call(HikariPool.java:703) ~[HikariCP-5.1.0.jar:na]
	at java.base/java.util.concurrent.FutureTask.run(FutureTask.java:264) ~[na:na]
	at java.base/java.util.concurrent.ThreadPoolExecutor.runWorker(ThreadPoolExecutor.java:1136) ~[na:na]
	at java.base/java.util.concurrent.ThreadPoolExecutor$Worker.run(ThreadPoolExecutor.java:635) ~[na:na]
	at java.base/java.lang.Thread.run(Thread.java:842) ~[na:na]

2026-06-12T13:02:47.303+09:00  WARN 15060 --- [quality-service] [http-nio-8083-exec-9] o.h.engine.jdbc.spi.SqlExceptionHelper   : SQL Error: 0, SQLState: 08S01
2026-06-12T13:02:47.303+09:00 ERROR 15060 --- [quality-service] [http-nio-8083-exec-9] o.h.engine.jdbc.spi.SqlExceptionHelper   : HikariPool-1 - Connection is not available, request timed out after 30015ms (total=0, active=0, idle=0, waiting=0)
2026-06-12T13:02:47.303+09:00 ERROR 15060 --- [quality-service] [http-nio-8083-exec-9] o.h.engine.jdbc.spi.SqlExceptionHelper   : Communications link failure

The last packet sent successfully to the server was 0 milliseconds ago. The driver has not received any packets from the server.
2026-06-12T13:02:47.303+09:00 ERROR 15060 --- [quality-service] [http-nio-8083-exec-9] o.a.c.c.C.[.[.[/].[dispatcherServlet]    : Servlet.service() for servlet [dispatcherServlet] in context with path [] threw exception [Request processing failed: org.springframework.transaction.CannotCreateTransactionException: Could not open JPA EntityManager for transaction] with root cause

java.net.ConnectException: Connection refused: no further information
	at java.base/sun.nio.ch.Net.pollConnect(Native Method) ~[na:na]
	at java.base/sun.nio.ch.Net.pollConnectNow(Net.java:672) ~[na:na]
	at java.base/sun.nio.ch.NioSocketImpl.timedFinishConnect(NioSocketImpl.java:547) ~[na:na]
	at java.base/sun.nio.ch.NioSocketImpl.connect(NioSocketImpl.java:602) ~[na:na]
	at java.base/java.net.SocksSocketImpl.connect(SocksSocketImpl.java:327) ~[na:na]
	at java.base/java.net.Socket.connect(Socket.java:633) ~[na:na]
	at com.mysql.cj.protocol.StandardSocketFactory.connect(StandardSocketFactory.java:153) ~[mysql-connector-j-8.3.0.jar:8.3.0]
	at com.mysql.cj.protocol.a.NativeSocketConnection.connect(NativeSocketConnection.java:62) ~[mysql-connector-j-8.3.0.jar:8.3.0]
	at com.mysql.cj.NativeSession.connect(NativeSession.java:120) ~[mysql-connector-j-8.3.0.jar:8.3.0]
	at com.mysql.cj.jdbc.ConnectionImpl.connectOneTryOnly(ConnectionImpl.java:935) ~[mysql-connector-j-8.3.0.jar:8.3.0]
	at com.mysql.cj.jdbc.ConnectionImpl.createNewIO(ConnectionImpl.java:805) ~[mysql-connector-j-8.3.0.jar:8.3.0]
	at com.mysql.cj.jdbc.ConnectionImpl.<init>(ConnectionImpl.java:438) ~[mysql-connector-j-8.3.0.jar:8.3.0]
	at com.mysql.cj.jdbc.ConnectionImpl.getInstance(ConnectionImpl.java:241) ~[mysql-connector-j-8.3.0.jar:8.3.0]
	at com.mysql.cj.jdbc.NonRegisteringDriver.connect(NonRegisteringDriver.java:189) ~[mysql-connector-j-8.3.0.jar:8.3.0]
	at com.zaxxer.hikari.util.DriverDataSource.getConnection(DriverDataSource.java:137) ~[HikariCP-5.1.0.jar:na]
	at com.zaxxer.hikari.pool.PoolBase.newConnection(PoolBase.java:360) ~[HikariCP-5.1.0.jar:na]
	at com.zaxxer.hikari.pool.PoolBase.newPoolEntry(PoolBase.java:202) ~[HikariCP-5.1.0.jar:na]
	at com.zaxxer.hikari.pool.HikariPool.createPoolEntry(HikariPool.java:461) ~[HikariCP-5.1.0.jar:na]
	at com.zaxxer.hikari.pool.HikariPool$PoolEntryCreator.call(HikariPool.java:724) ~[HikariCP-5.1.0.jar:na]
	at com.zaxxer.hikari.pool.HikariPool$PoolEntryCreator.call(HikariPool.java:703) ~[HikariCP-5.1.0.jar:na]
	at java.base/java.util.concurrent.FutureTask.run(FutureTask.java:264) ~[na:na]
	at java.base/java.util.concurrent.ThreadPoolExecutor.runWorker(ThreadPoolExecutor.java:1136) ~[na:na]
	at java.base/java.util.concurrent.ThreadPoolExecutor$Worker.run(ThreadPoolExecutor.java:635) ~[na:na]
	at java.base/java.lang.Thread.run(Thread.java:842) ~[na:na]

2026-06-12T13:08:39.730+09:00  WARN 15060 --- [quality-service] [http-nio-8083-exec-5] o.h.engine.jdbc.spi.SqlExceptionHelper   : SQL Error: 0, SQLState: 08S01
2026-06-12T13:08:39.730+09:00  WARN 15060 --- [quality-service] [http-nio-8083-exec-4] o.h.engine.jdbc.spi.SqlExceptionHelper   : SQL Error: 0, SQLState: 08S01
2026-06-12T13:08:39.730+09:00  WARN 15060 --- [quality-service] [http-nio-8083-exec-6] o.h.engine.jdbc.spi.SqlExceptionHelper   : SQL Error: 0, SQLState: 08S01
2026-06-12T13:08:39.730+09:00  WARN 15060 --- [quality-service] [http-nio-8083-exec-2] o.h.engine.jdbc.spi.SqlExceptionHelper   : SQL Error: 0, SQLState: 08S01
2026-06-12T13:08:39.730+09:00  WARN 15060 --- [quality-service] [http-nio-8083-exec-8] o.h.engine.jdbc.spi.SqlExceptionHelper   : SQL Error: 0, SQLState: 08S01
2026-06-12T13:08:39.731+09:00 ERROR 15060 --- [quality-service] [http-nio-8083-exec-4] o.h.engine.jdbc.spi.SqlExceptionHelper   : HikariPool-1 - Connection is not available, request timed out after 30008ms (total=0, active=0, idle=0, waiting=9)
2026-06-12T13:08:39.731+09:00 ERROR 15060 --- [quality-service] [http-nio-8083-exec-5] o.h.engine.jdbc.spi.SqlExceptionHelper   : HikariPool-1 - Connection is not available, request timed out after 30006ms (total=0, active=0, idle=0, waiting=10)
2026-06-12T13:08:39.731+09:00 ERROR 15060 --- [quality-service] [http-nio-8083-exec-2] o.h.engine.jdbc.spi.SqlExceptionHelper   : HikariPool-1 - Connection is not available, request timed out after 30008ms (total=0, active=0, idle=0, waiting=9)
2026-06-12T13:08:39.731+09:00 ERROR 15060 --- [quality-service] [http-nio-8083-exec-6] o.h.engine.jdbc.spi.SqlExceptionHelper   : HikariPool-1 - Connection is not available, request timed out after 30008ms (total=0, active=0, idle=0, waiting=10)
2026-06-12T13:08:39.731+09:00 ERROR 15060 --- [quality-service] [http-nio-8083-exec-4] o.h.engine.jdbc.spi.SqlExceptionHelper   : Communications link failure

The last packet sent successfully to the server was 0 milliseconds ago. The driver has not received any packets from the server.
2026-06-12T13:08:39.731+09:00 ERROR 15060 --- [quality-service] [http-nio-8083-exec-8] o.h.engine.jdbc.spi.SqlExceptionHelper   : HikariPool-1 - Connection is not available, request timed out after 30007ms (total=0, active=0, idle=0, waiting=10)
2026-06-12T13:08:39.731+09:00 ERROR 15060 --- [quality-service] [http-nio-8083-exec-2] o.h.engine.jdbc.spi.SqlExceptionHelper   : Communications link failure

The last packet sent successfully to the server was 0 milliseconds ago. The driver has not received any packets from the server.
2026-06-12T13:08:39.731+09:00 ERROR 15060 --- [quality-service] [http-nio-8083-exec-5] o.h.engine.jdbc.spi.SqlExceptionHelper   : Communications link failure

The last packet sent successfully to the server was 0 milliseconds ago. The driver has not received any packets from the server.
2026-06-12T13:08:39.731+09:00 ERROR 15060 --- [quality-service] [http-nio-8083-exec-6] o.h.engine.jdbc.spi.SqlExceptionHelper   : Communications link failure

The last packet sent successfully to the server was 0 milliseconds ago. The driver has not received any packets from the server.
2026-06-12T13:08:39.731+09:00 ERROR 15060 --- [quality-service] [http-nio-8083-exec-8] o.h.engine.jdbc.spi.SqlExceptionHelper   : Communications link failure

The last packet sent successfully to the server was 0 milliseconds ago. The driver has not received any packets from the server.
2026-06-12T13:08:39.733+09:00 ERROR 15060 --- [quality-service] [http-nio-8083-exec-2] o.a.c.c.C.[.[.[/].[dispatcherServlet]    : Servlet.service() for servlet [dispatcherServlet] in context with path [] threw exception [Request processing failed: org.springframework.transaction.CannotCreateTransactionException: Could not open JPA EntityManager for transaction] with root cause

java.net.ConnectException: Connection refused: no further information
	at java.base/sun.nio.ch.Net.pollConnect(Native Method) ~[na:na]
	at java.base/sun.nio.ch.Net.pollConnectNow(Net.java:672) ~[na:na]
	at java.base/sun.nio.ch.NioSocketImpl.timedFinishConnect(NioSocketImpl.java:547) ~[na:na]
	at java.base/sun.nio.ch.NioSocketImpl.connect(NioSocketImpl.java:602) ~[na:na]
	at java.base/java.net.SocksSocketImpl.connect(SocksSocketImpl.java:327) ~[na:na]
	at java.base/java.net.Socket.connect(Socket.java:633) ~[na:na]
	at com.mysql.cj.protocol.StandardSocketFactory.connect(StandardSocketFactory.java:153) ~[mysql-connector-j-8.3.0.jar:8.3.0]
	at com.mysql.cj.protocol.a.NativeSocketConnection.connect(NativeSocketConnection.java:62) ~[mysql-connector-j-8.3.0.jar:8.3.0]
	at com.mysql.cj.NativeSession.connect(NativeSession.java:120) ~[mysql-connector-j-8.3.0.jar:8.3.0]
	at com.mysql.cj.jdbc.ConnectionImpl.connectOneTryOnly(ConnectionImpl.java:935) ~[mysql-connector-j-8.3.0.jar:8.3.0]
	at com.mysql.cj.jdbc.ConnectionImpl.createNewIO(ConnectionImpl.java:805) ~[mysql-connector-j-8.3.0.jar:8.3.0]
	at com.mysql.cj.jdbc.ConnectionImpl.<init>(ConnectionImpl.java:438) ~[mysql-connector-j-8.3.0.jar:8.3.0]
	at com.mysql.cj.jdbc.ConnectionImpl.getInstance(ConnectionImpl.java:241) ~[mysql-connector-j-8.3.0.jar:8.3.0]
	at com.mysql.cj.jdbc.NonRegisteringDriver.connect(NonRegisteringDriver.java:189) ~[mysql-connector-j-8.3.0.jar:8.3.0]
	at com.zaxxer.hikari.util.DriverDataSource.getConnection(DriverDataSource.java:137) ~[HikariCP-5.1.0.jar:na]
	at com.zaxxer.hikari.pool.PoolBase.newConnection(PoolBase.java:360) ~[HikariCP-5.1.0.jar:na]
	at com.zaxxer.hikari.pool.PoolBase.newPoolEntry(PoolBase.java:202) ~[HikariCP-5.1.0.jar:na]
	at com.zaxxer.hikari.pool.HikariPool.createPoolEntry(HikariPool.java:461) ~[HikariCP-5.1.0.jar:na]
	at com.zaxxer.hikari.pool.HikariPool$PoolEntryCreator.call(HikariPool.java:724) ~[HikariCP-5.1.0.jar:na]
	at com.zaxxer.hikari.pool.HikariPool$PoolEntryCreator.call(HikariPool.java:703) ~[HikariCP-5.1.0.jar:na]
	at java.base/java.util.concurrent.FutureTask.run(FutureTask.java:264) ~[na:na]
	at java.base/java.util.concurrent.ThreadPoolExecutor.runWorker(ThreadPoolExecutor.java:1136) ~[na:na]
	at java.base/java.util.concurrent.ThreadPoolExecutor$Worker.run(ThreadPoolExecutor.java:635) ~[na:na]
	at java.base/java.lang.Thread.run(Thread.java:842) ~[na:na]

2026-06-12T13:08:39.733+09:00 ERROR 15060 --- [quality-service] [http-nio-8083-exec-6] o.a.c.c.C.[.[.[/].[dispatcherServlet]    : Servlet.service() for servlet [dispatcherServlet] in context with path [] threw exception [Request processing failed: org.springframework.transaction.CannotCreateTransactionException: Could not open JPA EntityManager for transaction] with root cause

java.net.ConnectException: Connection refused: no further information
	at java.base/sun.nio.ch.Net.pollConnect(Native Method) ~[na:na]
	at java.base/sun.nio.ch.Net.pollConnectNow(Net.java:672) ~[na:na]
	at java.base/sun.nio.ch.NioSocketImpl.timedFinishConnect(NioSocketImpl.java:547) ~[na:na]
	at java.base/sun.nio.ch.NioSocketImpl.connect(NioSocketImpl.java:602) ~[na:na]
	at java.base/java.net.SocksSocketImpl.connect(SocksSocketImpl.java:327) ~[na:na]
	at java.base/java.net.Socket.connect(Socket.java:633) ~[na:na]
	at com.mysql.cj.protocol.StandardSocketFactory.connect(StandardSocketFactory.java:153) ~[mysql-connector-j-8.3.0.jar:8.3.0]
	at com.mysql.cj.protocol.a.NativeSocketConnection.connect(NativeSocketConnection.java:62) ~[mysql-connector-j-8.3.0.jar:8.3.0]
	at com.mysql.cj.NativeSession.connect(NativeSession.java:120) ~[mysql-connector-j-8.3.0.jar:8.3.0]
	at com.mysql.cj.jdbc.ConnectionImpl.connectOneTryOnly(ConnectionImpl.java:935) ~[mysql-connector-j-8.3.0.jar:8.3.0]
	at com.mysql.cj.jdbc.ConnectionImpl.createNewIO(ConnectionImpl.java:805) ~[mysql-connector-j-8.3.0.jar:8.3.0]
	at com.mysql.cj.jdbc.ConnectionImpl.<init>(ConnectionImpl.java:438) ~[mysql-connector-j-8.3.0.jar:8.3.0]
	at com.mysql.cj.jdbc.ConnectionImpl.getInstance(ConnectionImpl.java:241) ~[mysql-connector-j-8.3.0.jar:8.3.0]
	at com.mysql.cj.jdbc.NonRegisteringDriver.connect(NonRegisteringDriver.java:189) ~[mysql-connector-j-8.3.0.jar:8.3.0]
	at com.zaxxer.hikari.util.DriverDataSource.getConnection(DriverDataSource.java:137) ~[HikariCP-5.1.0.jar:na]
	at com.zaxxer.hikari.pool.PoolBase.newConnection(PoolBase.java:360) ~[HikariCP-5.1.0.jar:na]
	at com.zaxxer.hikari.pool.PoolBase.newPoolEntry(PoolBase.java:202) ~[HikariCP-5.1.0.jar:na]
	at com.zaxxer.hikari.pool.HikariPool.createPoolEntry(HikariPool.java:461) ~[HikariCP-5.1.0.jar:na]
	at com.zaxxer.hikari.pool.HikariPool$PoolEntryCreator.call(HikariPool.java:724) ~[HikariCP-5.1.0.jar:na]
	at com.zaxxer.hikari.pool.HikariPool$PoolEntryCreator.call(HikariPool.java:703) ~[HikariCP-5.1.0.jar:na]
	at java.base/java.util.concurrent.FutureTask.run(FutureTask.java:264) ~[na:na]
	at java.base/java.util.concurrent.ThreadPoolExecutor.runWorker(ThreadPoolExecutor.java:1136) ~[na:na]
	at java.base/java.util.concurrent.ThreadPoolExecutor$Worker.run(ThreadPoolExecutor.java:635) ~[na:na]
	at java.base/java.lang.Thread.run(Thread.java:842) ~[na:na]

2026-06-12T13:08:39.733+09:00 ERROR 15060 --- [quality-service] [http-nio-8083-exec-4] o.a.c.c.C.[.[.[/].[dispatcherServlet]    : Servlet.service() for servlet [dispatcherServlet] in context with path [] threw exception [Request processing failed: org.springframework.transaction.CannotCreateTransactionException: Could not open JPA EntityManager for transaction] with root cause

java.net.ConnectException: Connection refused: no further information
	at java.base/sun.nio.ch.Net.pollConnect(Native Method) ~[na:na]
	at java.base/sun.nio.ch.Net.pollConnectNow(Net.java:672) ~[na:na]
	at java.base/sun.nio.ch.NioSocketImpl.timedFinishConnect(NioSocketImpl.java:547) ~[na:na]
	at java.base/sun.nio.ch.NioSocketImpl.connect(NioSocketImpl.java:602) ~[na:na]
	at java.base/java.net.SocksSocketImpl.connect(SocksSocketImpl.java:327) ~[na:na]
	at java.base/java.net.Socket.connect(Socket.java:633) ~[na:na]
	at com.mysql.cj.protocol.StandardSocketFactory.connect(StandardSocketFactory.java:153) ~[mysql-connector-j-8.3.0.jar:8.3.0]
	at com.mysql.cj.protocol.a.NativeSocketConnection.connect(NativeSocketConnection.java:62) ~[mysql-connector-j-8.3.0.jar:8.3.0]
	at com.mysql.cj.NativeSession.connect(NativeSession.java:120) ~[mysql-connector-j-8.3.0.jar:8.3.0]
	at com.mysql.cj.jdbc.ConnectionImpl.connectOneTryOnly(ConnectionImpl.java:935) ~[mysql-connector-j-8.3.0.jar:8.3.0]
	at com.mysql.cj.jdbc.ConnectionImpl.createNewIO(ConnectionImpl.java:805) ~[mysql-connector-j-8.3.0.jar:8.3.0]
	at com.mysql.cj.jdbc.ConnectionImpl.<init>(ConnectionImpl.java:438) ~[mysql-connector-j-8.3.0.jar:8.3.0]
	at com.mysql.cj.jdbc.ConnectionImpl.getInstance(ConnectionImpl.java:241) ~[mysql-connector-j-8.3.0.jar:8.3.0]
	at com.mysql.cj.jdbc.NonRegisteringDriver.connect(NonRegisteringDriver.java:189) ~[mysql-connector-j-8.3.0.jar:8.3.0]
	at com.zaxxer.hikari.util.DriverDataSource.getConnection(DriverDataSource.java:137) ~[HikariCP-5.1.0.jar:na]
	at com.zaxxer.hikari.pool.PoolBase.newConnection(PoolBase.java:360) ~[HikariCP-5.1.0.jar:na]
	at com.zaxxer.hikari.pool.PoolBase.newPoolEntry(PoolBase.java:202) ~[HikariCP-5.1.0.jar:na]
	at com.zaxxer.hikari.pool.HikariPool.createPoolEntry(HikariPool.java:461) ~[HikariCP-5.1.0.jar:na]
	at com.zaxxer.hikari.pool.HikariPool$PoolEntryCreator.call(HikariPool.java:724) ~[HikariCP-5.1.0.jar:na]
	at com.zaxxer.hikari.pool.HikariPool$PoolEntryCreator.call(HikariPool.java:703) ~[HikariCP-5.1.0.jar:na]
	at java.base/java.util.concurrent.FutureTask.run(FutureTask.java:264) ~[na:na]
	at java.base/java.util.concurrent.ThreadPoolExecutor.runWorker(ThreadPoolExecutor.java:1136) ~[na:na]
	at java.base/java.util.concurrent.ThreadPoolExecutor$Worker.run(ThreadPoolExecutor.java:635) ~[na:na]
	at java.base/java.lang.Thread.run(Thread.java:842) ~[na:na]

2026-06-12T13:08:39.733+09:00 ERROR 15060 --- [quality-service] [http-nio-8083-exec-8] o.a.c.c.C.[.[.[/].[dispatcherServlet]    : Servlet.service() for servlet [dispatcherServlet] in context with path [] threw exception [Request processing failed: org.springframework.transaction.CannotCreateTransactionException: Could not open JPA EntityManager for transaction] with root cause

java.net.ConnectException: Connection refused: no further information
	at java.base/sun.nio.ch.Net.pollConnect(Native Method) ~[na:na]
	at java.base/sun.nio.ch.Net.pollConnectNow(Net.java:672) ~[na:na]
	at java.base/sun.nio.ch.NioSocketImpl.timedFinishConnect(NioSocketImpl.java:547) ~[na:na]
	at java.base/sun.nio.ch.NioSocketImpl.connect(NioSocketImpl.java:602) ~[na:na]
	at java.base/java.net.SocksSocketImpl.connect(SocksSocketImpl.java:327) ~[na:na]
	at java.base/java.net.Socket.connect(Socket.java:633) ~[na:na]
	at com.mysql.cj.protocol.StandardSocketFactory.connect(StandardSocketFactory.java:153) ~[mysql-connector-j-8.3.0.jar:8.3.0]
	at com.mysql.cj.protocol.a.NativeSocketConnection.connect(NativeSocketConnection.java:62) ~[mysql-connector-j-8.3.0.jar:8.3.0]
	at com.mysql.cj.NativeSession.connect(NativeSession.java:120) ~[mysql-connector-j-8.3.0.jar:8.3.0]
	at com.mysql.cj.jdbc.ConnectionImpl.connectOneTryOnly(ConnectionImpl.java:935) ~[mysql-connector-j-8.3.0.jar:8.3.0]
	at com.mysql.cj.jdbc.ConnectionImpl.createNewIO(ConnectionImpl.java:805) ~[mysql-connector-j-8.3.0.jar:8.3.0]
	at com.mysql.cj.jdbc.ConnectionImpl.<init>(ConnectionImpl.java:438) ~[mysql-connector-j-8.3.0.jar:8.3.0]
	at com.mysql.cj.jdbc.ConnectionImpl.getInstance(ConnectionImpl.java:241) ~[mysql-connector-j-8.3.0.jar:8.3.0]
	at com.mysql.cj.jdbc.NonRegisteringDriver.connect(NonRegisteringDriver.java:189) ~[mysql-connector-j-8.3.0.jar:8.3.0]
	at com.zaxxer.hikari.util.DriverDataSource.getConnection(DriverDataSource.java:137) ~[HikariCP-5.1.0.jar:na]
	at com.zaxxer.hikari.pool.PoolBase.newConnection(PoolBase.java:360) ~[HikariCP-5.1.0.jar:na]
	at com.zaxxer.hikari.pool.PoolBase.newPoolEntry(PoolBase.java:202) ~[HikariCP-5.1.0.jar:na]
	at com.zaxxer.hikari.pool.HikariPool.createPoolEntry(HikariPool.java:461) ~[HikariCP-5.1.0.jar:na]
	at com.zaxxer.hikari.pool.HikariPool$PoolEntryCreator.call(HikariPool.java:724) ~[HikariCP-5.1.0.jar:na]
	at com.zaxxer.hikari.pool.HikariPool$PoolEntryCreator.call(HikariPool.java:703) ~[HikariCP-5.1.0.jar:na]
	at java.base/java.util.concurrent.FutureTask.run(FutureTask.java:264) ~[na:na]
	at java.base/java.util.concurrent.ThreadPoolExecutor.runWorker(ThreadPoolExecutor.java:1136) ~[na:na]
	at java.base/java.util.concurrent.ThreadPoolExecutor$Worker.run(ThreadPoolExecutor.java:635) ~[na:na]
	at java.base/java.lang.Thread.run(Thread.java:842) ~[na:na]

2026-06-12T13:08:39.733+09:00 ERROR 15060 --- [quality-service] [http-nio-8083-exec-5] o.a.c.c.C.[.[.[/].[dispatcherServlet]    : Servlet.service() for servlet [dispatcherServlet] in context with path [] threw exception [Request processing failed: org.springframework.transaction.CannotCreateTransactionException: Could not open JPA EntityManager for transaction] with root cause

java.net.ConnectException: Connection refused: no further information
	at java.base/sun.nio.ch.Net.pollConnect(Native Method) ~[na:na]
	at java.base/sun.nio.ch.Net.pollConnectNow(Net.java:672) ~[na:na]
	at java.base/sun.nio.ch.NioSocketImpl.timedFinishConnect(NioSocketImpl.java:547) ~[na:na]
	at java.base/sun.nio.ch.NioSocketImpl.connect(NioSocketImpl.java:602) ~[na:na]
	at java.base/java.net.SocksSocketImpl.connect(SocksSocketImpl.java:327) ~[na:na]
	at java.base/java.net.Socket.connect(Socket.java:633) ~[na:na]
	at com.mysql.cj.protocol.StandardSocketFactory.connect(StandardSocketFactory.java:153) ~[mysql-connector-j-8.3.0.jar:8.3.0]
	at com.mysql.cj.protocol.a.NativeSocketConnection.connect(NativeSocketConnection.java:62) ~[mysql-connector-j-8.3.0.jar:8.3.0]
	at com.mysql.cj.NativeSession.connect(NativeSession.java:120) ~[mysql-connector-j-8.3.0.jar:8.3.0]
	at com.mysql.cj.jdbc.ConnectionImpl.connectOneTryOnly(ConnectionImpl.java:935) ~[mysql-connector-j-8.3.0.jar:8.3.0]
	at com.mysql.cj.jdbc.ConnectionImpl.createNewIO(ConnectionImpl.java:805) ~[mysql-connector-j-8.3.0.jar:8.3.0]
	at com.mysql.cj.jdbc.ConnectionImpl.<init>(ConnectionImpl.java:438) ~[mysql-connector-j-8.3.0.jar:8.3.0]
	at com.mysql.cj.jdbc.ConnectionImpl.getInstance(ConnectionImpl.java:241) ~[mysql-connector-j-8.3.0.jar:8.3.0]
	at com.mysql.cj.jdbc.NonRegisteringDriver.connect(NonRegisteringDriver.java:189) ~[mysql-connector-j-8.3.0.jar:8.3.0]
	at com.zaxxer.hikari.util.DriverDataSource.getConnection(DriverDataSource.java:137) ~[HikariCP-5.1.0.jar:na]
	at com.zaxxer.hikari.pool.PoolBase.newConnection(PoolBase.java:360) ~[HikariCP-5.1.0.jar:na]
	at com.zaxxer.hikari.pool.PoolBase.newPoolEntry(PoolBase.java:202) ~[HikariCP-5.1.0.jar:na]
	at com.zaxxer.hikari.pool.HikariPool.createPoolEntry(HikariPool.java:461) ~[HikariCP-5.1.0.jar:na]
	at com.zaxxer.hikari.pool.HikariPool$PoolEntryCreator.call(HikariPool.java:724) ~[HikariCP-5.1.0.jar:na]
	at com.zaxxer.hikari.pool.HikariPool$PoolEntryCreator.call(HikariPool.java:703) ~[HikariCP-5.1.0.jar:na]
	at java.base/java.util.concurrent.FutureTask.run(FutureTask.java:264) ~[na:na]
	at java.base/java.util.concurrent.ThreadPoolExecutor.runWorker(ThreadPoolExecutor.java:1136) ~[na:na]
	at java.base/java.util.concurrent.ThreadPoolExecutor$Worker.run(ThreadPoolExecutor.java:635) ~[na:na]
	at java.base/java.lang.Thread.run(Thread.java:842) ~[na:na]

2026-06-12T13:08:53.145+09:00  WARN 15060 --- [quality-service] [http-nio-8083-exec-11] o.h.engine.jdbc.spi.SqlExceptionHelper   : SQL Error: 0, SQLState: 08S01
2026-06-12T13:08:53.145+09:00 ERROR 15060 --- [quality-service] [http-nio-8083-exec-11] o.h.engine.jdbc.spi.SqlExceptionHelper   : HikariPool-1 - Connection is not available, request timed out after 30001ms (total=0, active=0, idle=0, waiting=9)
2026-06-12T13:08:53.145+09:00 ERROR 15060 --- [quality-service] [http-nio-8083-exec-11] o.h.engine.jdbc.spi.SqlExceptionHelper   : Communications link failure

The last packet sent successfully to the server was 0 milliseconds ago. The driver has not received any packets from the server.
2026-06-12T13:08:53.146+09:00 ERROR 15060 --- [quality-service] [http-nio-8083-exec-11] o.a.c.c.C.[.[.[/].[dispatcherServlet]    : Servlet.service() for servlet [dispatcherServlet] in context with path [] threw exception [Request processing failed: org.springframework.transaction.CannotCreateTransactionException: Could not open JPA EntityManager for transaction] with root cause

java.net.ConnectException: Connection refused: no further information
	at java.base/sun.nio.ch.Net.pollConnect(Native Method) ~[na:na]
	at java.base/sun.nio.ch.Net.pollConnectNow(Net.java:672) ~[na:na]
	at java.base/sun.nio.ch.NioSocketImpl.timedFinishConnect(NioSocketImpl.java:547) ~[na:na]
	at java.base/sun.nio.ch.NioSocketImpl.connect(NioSocketImpl.java:602) ~[na:na]
	at java.base/java.net.SocksSocketImpl.connect(SocksSocketImpl.java:327) ~[na:na]
	at java.base/java.net.Socket.connect(Socket.java:633) ~[na:na]
	at com.mysql.cj.protocol.StandardSocketFactory.connect(StandardSocketFactory.java:153) ~[mysql-connector-j-8.3.0.jar:8.3.0]
	at com.mysql.cj.protocol.a.NativeSocketConnection.connect(NativeSocketConnection.java:62) ~[mysql-connector-j-8.3.0.jar:8.3.0]
	at com.mysql.cj.NativeSession.connect(NativeSession.java:120) ~[mysql-connector-j-8.3.0.jar:8.3.0]
	at com.mysql.cj.jdbc.ConnectionImpl.connectOneTryOnly(ConnectionImpl.java:935) ~[mysql-connector-j-8.3.0.jar:8.3.0]
	at com.mysql.cj.jdbc.ConnectionImpl.createNewIO(ConnectionImpl.java:805) ~[mysql-connector-j-8.3.0.jar:8.3.0]
	at com.mysql.cj.jdbc.ConnectionImpl.<init>(ConnectionImpl.java:438) ~[mysql-connector-j-8.3.0.jar:8.3.0]
	at com.mysql.cj.jdbc.ConnectionImpl.getInstance(ConnectionImpl.java:241) ~[mysql-connector-j-8.3.0.jar:8.3.0]
	at com.mysql.cj.jdbc.NonRegisteringDriver.connect(NonRegisteringDriver.java:189) ~[mysql-connector-j-8.3.0.jar:8.3.0]
	at com.zaxxer.hikari.util.DriverDataSource.getConnection(DriverDataSource.java:137) ~[HikariCP-5.1.0.jar:na]
	at com.zaxxer.hikari.pool.PoolBase.newConnection(PoolBase.java:360) ~[HikariCP-5.1.0.jar:na]
	at com.zaxxer.hikari.pool.PoolBase.newPoolEntry(PoolBase.java:202) ~[HikariCP-5.1.0.jar:na]
	at com.zaxxer.hikari.pool.HikariPool.createPoolEntry(HikariPool.java:461) ~[HikariCP-5.1.0.jar:na]
	at com.zaxxer.hikari.pool.HikariPool$PoolEntryCreator.call(HikariPool.java:724) ~[HikariCP-5.1.0.jar:na]
	at com.zaxxer.hikari.pool.HikariPool$PoolEntryCreator.call(HikariPool.java:703) ~[HikariCP-5.1.0.jar:na]
	at java.base/java.util.concurrent.FutureTask.run(FutureTask.java:264) ~[na:na]
	at java.base/java.util.concurrent.ThreadPoolExecutor.runWorker(ThreadPoolExecutor.java:1136) ~[na:na]
	at java.base/java.util.concurrent.ThreadPoolExecutor$Worker.run(ThreadPoolExecutor.java:635) ~[na:na]
	at java.base/java.lang.Thread.run(Thread.java:842) ~[na:na]

2026-06-12T13:08:53.161+09:00  WARN 15060 --- [quality-service] [http-nio-8083-exec-7] o.h.engine.jdbc.spi.SqlExceptionHelper   : SQL Error: 0, SQLState: 08S01
2026-06-12T13:08:53.161+09:00  WARN 15060 --- [quality-service] [http-nio-8083-exec-9] o.h.engine.jdbc.spi.SqlExceptionHelper   : SQL Error: 0, SQLState: 08S01
2026-06-12T13:08:53.161+09:00  WARN 15060 --- [quality-service] [http-nio-8083-exec-3] o.h.engine.jdbc.spi.SqlExceptionHelper   : SQL Error: 0, SQLState: 08S01
2026-06-12T13:08:53.163+09:00 ERROR 15060 --- [quality-service] [http-nio-8083-exec-7] o.h.engine.jdbc.spi.SqlExceptionHelper   : HikariPool-1 - Connection is not available, request timed out after 30012ms (total=0, active=0, idle=0, waiting=6)
2026-06-12T13:08:53.163+09:00 ERROR 15060 --- [quality-service] [http-nio-8083-exec-3] o.h.engine.jdbc.spi.SqlExceptionHelper   : HikariPool-1 - Connection is not available, request timed out after 30012ms (total=0, active=0, idle=0, waiting=6)
2026-06-12T13:08:53.163+09:00 ERROR 15060 --- [quality-service] [http-nio-8083-exec-9] o.h.engine.jdbc.spi.SqlExceptionHelper   : HikariPool-1 - Connection is not available, request timed out after 30013ms (total=0, active=0, idle=0, waiting=7)
2026-06-12T13:08:53.163+09:00 ERROR 15060 --- [quality-service] [http-nio-8083-exec-3] o.h.engine.jdbc.spi.SqlExceptionHelper   : Communications link failure

The last packet sent successfully to the server was 0 milliseconds ago. The driver has not received any packets from the server.
2026-06-12T13:08:53.163+09:00 ERROR 15060 --- [quality-service] [http-nio-8083-exec-7] o.h.engine.jdbc.spi.SqlExceptionHelper   : Communications link failure

The last packet sent successfully to the server was 0 milliseconds ago. The driver has not received any packets from the server.
2026-06-12T13:08:53.163+09:00 ERROR 15060 --- [quality-service] [http-nio-8083-exec-9] o.h.engine.jdbc.spi.SqlExceptionHelper   : Communications link failure

The last packet sent successfully to the server was 0 milliseconds ago. The driver has not received any packets from the server.
2026-06-12T13:08:53.165+09:00 ERROR 15060 --- [quality-service] [http-nio-8083-exec-3] o.a.c.c.C.[.[.[/].[dispatcherServlet]    : Servlet.service() for servlet [dispatcherServlet] in context with path [] threw exception [Request processing failed: org.springframework.transaction.CannotCreateTransactionException: Could not open JPA EntityManager for transaction] with root cause

java.net.ConnectException: Connection refused: no further information
	at java.base/sun.nio.ch.Net.pollConnect(Native Method) ~[na:na]
	at java.base/sun.nio.ch.Net.pollConnectNow(Net.java:672) ~[na:na]
	at java.base/sun.nio.ch.NioSocketImpl.timedFinishConnect(NioSocketImpl.java:547) ~[na:na]
	at java.base/sun.nio.ch.NioSocketImpl.connect(NioSocketImpl.java:602) ~[na:na]
	at java.base/java.net.SocksSocketImpl.connect(SocksSocketImpl.java:327) ~[na:na]
	at java.base/java.net.Socket.connect(Socket.java:633) ~[na:na]
	at com.mysql.cj.protocol.StandardSocketFactory.connect(StandardSocketFactory.java:153) ~[mysql-connector-j-8.3.0.jar:8.3.0]
	at com.mysql.cj.protocol.a.NativeSocketConnection.connect(NativeSocketConnection.java:62) ~[mysql-connector-j-8.3.0.jar:8.3.0]
	at com.mysql.cj.NativeSession.connect(NativeSession.java:120) ~[mysql-connector-j-8.3.0.jar:8.3.0]
	at com.mysql.cj.jdbc.ConnectionImpl.connectOneTryOnly(ConnectionImpl.java:935) ~[mysql-connector-j-8.3.0.jar:8.3.0]
	at com.mysql.cj.jdbc.ConnectionImpl.createNewIO(ConnectionImpl.java:805) ~[mysql-connector-j-8.3.0.jar:8.3.0]
	at com.mysql.cj.jdbc.ConnectionImpl.<init>(ConnectionImpl.java:438) ~[mysql-connector-j-8.3.0.jar:8.3.0]
	at com.mysql.cj.jdbc.ConnectionImpl.getInstance(ConnectionImpl.java:241) ~[mysql-connector-j-8.3.0.jar:8.3.0]
	at com.mysql.cj.jdbc.NonRegisteringDriver.connect(NonRegisteringDriver.java:189) ~[mysql-connector-j-8.3.0.jar:8.3.0]
	at com.zaxxer.hikari.util.DriverDataSource.getConnection(DriverDataSource.java:137) ~[HikariCP-5.1.0.jar:na]
	at com.zaxxer.hikari.pool.PoolBase.newConnection(PoolBase.java:360) ~[HikariCP-5.1.0.jar:na]
	at com.zaxxer.hikari.pool.PoolBase.newPoolEntry(PoolBase.java:202) ~[HikariCP-5.1.0.jar:na]
	at com.zaxxer.hikari.pool.HikariPool.createPoolEntry(HikariPool.java:461) ~[HikariCP-5.1.0.jar:na]
	at com.zaxxer.hikari.pool.HikariPool$PoolEntryCreator.call(HikariPool.java:724) ~[HikariCP-5.1.0.jar:na]
	at com.zaxxer.hikari.pool.HikariPool$PoolEntryCreator.call(HikariPool.java:703) ~[HikariCP-5.1.0.jar:na]
	at java.base/java.util.concurrent.FutureTask.run(FutureTask.java:264) ~[na:na]
	at java.base/java.util.concurrent.ThreadPoolExecutor.runWorker(ThreadPoolExecutor.java:1136) ~[na:na]
	at java.base/java.util.concurrent.ThreadPoolExecutor$Worker.run(ThreadPoolExecutor.java:635) ~[na:na]
	at java.base/java.lang.Thread.run(Thread.java:842) ~[na:na]

2026-06-12T13:08:53.165+09:00 ERROR 15060 --- [quality-service] [http-nio-8083-exec-7] o.a.c.c.C.[.[.[/].[dispatcherServlet]    : Servlet.service() for servlet [dispatcherServlet] in context with path [] threw exception [Request processing failed: org.springframework.transaction.CannotCreateTransactionException: Could not open JPA EntityManager for transaction] with root cause

java.net.ConnectException: Connection refused: no further information
	at java.base/sun.nio.ch.Net.pollConnect(Native Method) ~[na:na]
	at java.base/sun.nio.ch.Net.pollConnectNow(Net.java:672) ~[na:na]
	at java.base/sun.nio.ch.NioSocketImpl.timedFinishConnect(NioSocketImpl.java:547) ~[na:na]
	at java.base/sun.nio.ch.NioSocketImpl.connect(NioSocketImpl.java:602) ~[na:na]
	at java.base/java.net.SocksSocketImpl.connect(SocksSocketImpl.java:327) ~[na:na]
	at java.base/java.net.Socket.connect(Socket.java:633) ~[na:na]
	at com.mysql.cj.protocol.StandardSocketFactory.connect(StandardSocketFactory.java:153) ~[mysql-connector-j-8.3.0.jar:8.3.0]
	at com.mysql.cj.protocol.a.NativeSocketConnection.connect(NativeSocketConnection.java:62) ~[mysql-connector-j-8.3.0.jar:8.3.0]
	at com.mysql.cj.NativeSession.connect(NativeSession.java:120) ~[mysql-connector-j-8.3.0.jar:8.3.0]
	at com.mysql.cj.jdbc.ConnectionImpl.connectOneTryOnly(ConnectionImpl.java:935) ~[mysql-connector-j-8.3.0.jar:8.3.0]
	at com.mysql.cj.jdbc.ConnectionImpl.createNewIO(ConnectionImpl.java:805) ~[mysql-connector-j-8.3.0.jar:8.3.0]
	at com.mysql.cj.jdbc.ConnectionImpl.<init>(ConnectionImpl.java:438) ~[mysql-connector-j-8.3.0.jar:8.3.0]
	at com.mysql.cj.jdbc.ConnectionImpl.getInstance(ConnectionImpl.java:241) ~[mysql-connector-j-8.3.0.jar:8.3.0]
	at com.mysql.cj.jdbc.NonRegisteringDriver.connect(NonRegisteringDriver.java:189) ~[mysql-connector-j-8.3.0.jar:8.3.0]
	at com.zaxxer.hikari.util.DriverDataSource.getConnection(DriverDataSource.java:137) ~[HikariCP-5.1.0.jar:na]
	at com.zaxxer.hikari.pool.PoolBase.newConnection(PoolBase.java:360) ~[HikariCP-5.1.0.jar:na]
	at com.zaxxer.hikari.pool.PoolBase.newPoolEntry(PoolBase.java:202) ~[HikariCP-5.1.0.jar:na]
	at com.zaxxer.hikari.pool.HikariPool.createPoolEntry(HikariPool.java:461) ~[HikariCP-5.1.0.jar:na]
	at com.zaxxer.hikari.pool.HikariPool$PoolEntryCreator.call(HikariPool.java:724) ~[HikariCP-5.1.0.jar:na]
	at com.zaxxer.hikari.pool.HikariPool$PoolEntryCreator.call(HikariPool.java:703) ~[HikariCP-5.1.0.jar:na]
	at java.base/java.util.concurrent.FutureTask.run(FutureTask.java:264) ~[na:na]
	at java.base/java.util.concurrent.ThreadPoolExecutor.runWorker(ThreadPoolExecutor.java:1136) ~[na:na]
	at java.base/java.util.concurrent.ThreadPoolExecutor$Worker.run(ThreadPoolExecutor.java:635) ~[na:na]
	at java.base/java.lang.Thread.run(Thread.java:842) ~[na:na]

2026-06-12T13:08:53.165+09:00 ERROR 15060 --- [quality-service] [http-nio-8083-exec-9] o.a.c.c.C.[.[.[/].[dispatcherServlet]    : Servlet.service() for servlet [dispatcherServlet] in context with path [] threw exception [Request processing failed: org.springframework.transaction.CannotCreateTransactionException: Could not open JPA EntityManager for transaction] with root cause

java.net.ConnectException: Connection refused: no further information
	at java.base/sun.nio.ch.Net.pollConnect(Native Method) ~[na:na]
	at java.base/sun.nio.ch.Net.pollConnectNow(Net.java:672) ~[na:na]
	at java.base/sun.nio.ch.NioSocketImpl.timedFinishConnect(NioSocketImpl.java:547) ~[na:na]
	at java.base/sun.nio.ch.NioSocketImpl.connect(NioSocketImpl.java:602) ~[na:na]
	at java.base/java.net.SocksSocketImpl.connect(SocksSocketImpl.java:327) ~[na:na]
	at java.base/java.net.Socket.connect(Socket.java:633) ~[na:na]
	at com.mysql.cj.protocol.StandardSocketFactory.connect(StandardSocketFactory.java:153) ~[mysql-connector-j-8.3.0.jar:8.3.0]
	at com.mysql.cj.protocol.a.NativeSocketConnection.connect(NativeSocketConnection.java:62) ~[mysql-connector-j-8.3.0.jar:8.3.0]
	at com.mysql.cj.NativeSession.connect(NativeSession.java:120) ~[mysql-connector-j-8.3.0.jar:8.3.0]
	at com.mysql.cj.jdbc.ConnectionImpl.connectOneTryOnly(ConnectionImpl.java:935) ~[mysql-connector-j-8.3.0.jar:8.3.0]
	at com.mysql.cj.jdbc.ConnectionImpl.createNewIO(ConnectionImpl.java:805) ~[mysql-connector-j-8.3.0.jar:8.3.0]
	at com.mysql.cj.jdbc.ConnectionImpl.<init>(ConnectionImpl.java:438) ~[mysql-connector-j-8.3.0.jar:8.3.0]
	at com.mysql.cj.jdbc.ConnectionImpl.getInstance(ConnectionImpl.java:241) ~[mysql-connector-j-8.3.0.jar:8.3.0]
	at com.mysql.cj.jdbc.NonRegisteringDriver.connect(NonRegisteringDriver.java:189) ~[mysql-connector-j-8.3.0.jar:8.3.0]
	at com.zaxxer.hikari.util.DriverDataSource.getConnection(DriverDataSource.java:137) ~[HikariCP-5.1.0.jar:na]
	at com.zaxxer.hikari.pool.PoolBase.newConnection(PoolBase.java:360) ~[HikariCP-5.1.0.jar:na]
	at com.zaxxer.hikari.pool.PoolBase.newPoolEntry(PoolBase.java:202) ~[HikariCP-5.1.0.jar:na]
	at com.zaxxer.hikari.pool.HikariPool.createPoolEntry(HikariPool.java:461) ~[HikariCP-5.1.0.jar:na]
	at com.zaxxer.hikari.pool.HikariPool$PoolEntryCreator.call(HikariPool.java:724) ~[HikariCP-5.1.0.jar:na]
	at com.zaxxer.hikari.pool.HikariPool$PoolEntryCreator.call(HikariPool.java:703) ~[HikariCP-5.1.0.jar:na]
	at java.base/java.util.concurrent.FutureTask.run(FutureTask.java:264) ~[na:na]
	at java.base/java.util.concurrent.ThreadPoolExecutor.runWorker(ThreadPoolExecutor.java:1136) ~[na:na]
	at java.base/java.util.concurrent.ThreadPoolExecutor$Worker.run(ThreadPoolExecutor.java:635) ~[na:na]
	at java.base/java.lang.Thread.run(Thread.java:842) ~[na:na]

2026-06-12T13:08:53.454+09:00  WARN 15060 --- [quality-service] [http-nio-8083-exec-10] o.h.engine.jdbc.spi.SqlExceptionHelper   : SQL Error: 0, SQLState: 08S01
2026-06-12T13:08:53.454+09:00 ERROR 15060 --- [quality-service] [http-nio-8083-exec-10] o.h.engine.jdbc.spi.SqlExceptionHelper   : HikariPool-1 - Connection is not available, request timed out after 30002ms (total=0, active=0, idle=0, waiting=5)
2026-06-12T13:08:53.454+09:00 ERROR 15060 --- [quality-service] [http-nio-8083-exec-10] o.h.engine.jdbc.spi.SqlExceptionHelper   : Communications link failure

The last packet sent successfully to the server was 0 milliseconds ago. The driver has not received any packets from the server.
2026-06-12T13:08:53.455+09:00 ERROR 15060 --- [quality-service] [http-nio-8083-exec-10] o.a.c.c.C.[.[.[/].[dispatcherServlet]    : Servlet.service() for servlet [dispatcherServlet] in context with path [] threw exception [Request processing failed: org.springframework.transaction.CannotCreateTransactionException: Could not open JPA EntityManager for transaction] with root cause

java.net.ConnectException: Connection refused: no further information
	at java.base/sun.nio.ch.Net.pollConnect(Native Method) ~[na:na]
	at java.base/sun.nio.ch.Net.pollConnectNow(Net.java:672) ~[na:na]
	at java.base/sun.nio.ch.NioSocketImpl.timedFinishConnect(NioSocketImpl.java:547) ~[na:na]
	at java.base/sun.nio.ch.NioSocketImpl.connect(NioSocketImpl.java:602) ~[na:na]
	at java.base/java.net.SocksSocketImpl.connect(SocksSocketImpl.java:327) ~[na:na]
	at java.base/java.net.Socket.connect(Socket.java:633) ~[na:na]
	at com.mysql.cj.protocol.StandardSocketFactory.connect(StandardSocketFactory.java:153) ~[mysql-connector-j-8.3.0.jar:8.3.0]
	at com.mysql.cj.protocol.a.NativeSocketConnection.connect(NativeSocketConnection.java:62) ~[mysql-connector-j-8.3.0.jar:8.3.0]
	at com.mysql.cj.NativeSession.connect(NativeSession.java:120) ~[mysql-connector-j-8.3.0.jar:8.3.0]
	at com.mysql.cj.jdbc.ConnectionImpl.connectOneTryOnly(ConnectionImpl.java:935) ~[mysql-connector-j-8.3.0.jar:8.3.0]
	at com.mysql.cj.jdbc.ConnectionImpl.createNewIO(ConnectionImpl.java:805) ~[mysql-connector-j-8.3.0.jar:8.3.0]
	at com.mysql.cj.jdbc.ConnectionImpl.<init>(ConnectionImpl.java:438) ~[mysql-connector-j-8.3.0.jar:8.3.0]
	at com.mysql.cj.jdbc.ConnectionImpl.getInstance(ConnectionImpl.java:241) ~[mysql-connector-j-8.3.0.jar:8.3.0]
	at com.mysql.cj.jdbc.NonRegisteringDriver.connect(NonRegisteringDriver.java:189) ~[mysql-connector-j-8.3.0.jar:8.3.0]
	at com.zaxxer.hikari.util.DriverDataSource.getConnection(DriverDataSource.java:137) ~[HikariCP-5.1.0.jar:na]
	at com.zaxxer.hikari.pool.PoolBase.newConnection(PoolBase.java:360) ~[HikariCP-5.1.0.jar:na]
	at com.zaxxer.hikari.pool.PoolBase.newPoolEntry(PoolBase.java:202) ~[HikariCP-5.1.0.jar:na]
	at com.zaxxer.hikari.pool.HikariPool.createPoolEntry(HikariPool.java:461) ~[HikariCP-5.1.0.jar:na]
	at com.zaxxer.hikari.pool.HikariPool$PoolEntryCreator.call(HikariPool.java:724) ~[HikariCP-5.1.0.jar:na]
	at com.zaxxer.hikari.pool.HikariPool$PoolEntryCreator.call(HikariPool.java:703) ~[HikariCP-5.1.0.jar:na]
	at java.base/java.util.concurrent.FutureTask.run(FutureTask.java:264) ~[na:na]
	at java.base/java.util.concurrent.ThreadPoolExecutor.runWorker(ThreadPoolExecutor.java:1136) ~[na:na]
	at java.base/java.util.concurrent.ThreadPoolExecutor$Worker.run(ThreadPoolExecutor.java:635) ~[na:na]
	at java.base/java.lang.Thread.run(Thread.java:842) ~[na:na]

2026-06-12T13:08:53.461+09:00  WARN 15060 --- [quality-service] [http-nio-8083-exec-12] o.h.engine.jdbc.spi.SqlExceptionHelper   : SQL Error: 0, SQLState: 08S01
2026-06-12T13:08:53.461+09:00 ERROR 15060 --- [quality-service] [http-nio-8083-exec-12] o.h.engine.jdbc.spi.SqlExceptionHelper   : HikariPool-1 - Connection is not available, request timed out after 30007ms (total=0, active=0, idle=0, waiting=2)
2026-06-12T13:08:53.461+09:00 ERROR 15060 --- [quality-service] [http-nio-8083-exec-12] o.h.engine.jdbc.spi.SqlExceptionHelper   : Communications link failure

The last packet sent successfully to the server was 0 milliseconds ago. The driver has not received any packets from the server.
2026-06-12T13:08:53.461+09:00  WARN 15060 --- [quality-service] [http-nio-8083-exec-15] o.h.engine.jdbc.spi.SqlExceptionHelper   : SQL Error: 0, SQLState: 08S01
2026-06-12T13:08:53.461+09:00 ERROR 15060 --- [quality-service] [http-nio-8083-exec-15] o.h.engine.jdbc.spi.SqlExceptionHelper   : HikariPool-1 - Connection is not available, request timed out after 30004ms (total=0, active=0, idle=0, waiting=3)
2026-06-12T13:08:53.461+09:00  WARN 15060 --- [quality-service] [http-nio-8083-exec-13] o.h.engine.jdbc.spi.SqlExceptionHelper   : SQL Error: 0, SQLState: 08S01
2026-06-12T13:08:53.463+09:00 ERROR 15060 --- [quality-service] [http-nio-8083-exec-13] o.h.engine.jdbc.spi.SqlExceptionHelper   : HikariPool-1 - Connection is not available, request timed out after 30007ms (total=0, active=0, idle=0, waiting=3)
2026-06-12T13:08:53.463+09:00 ERROR 15060 --- [quality-service] [http-nio-8083-exec-15] o.h.engine.jdbc.spi.SqlExceptionHelper   : Communications link failure

The last packet sent successfully to the server was 0 milliseconds ago. The driver has not received any packets from the server.
2026-06-12T13:08:53.463+09:00 ERROR 15060 --- [quality-service] [http-nio-8083-exec-13] o.h.engine.jdbc.spi.SqlExceptionHelper   : Communications link failure

The last packet sent successfully to the server was 0 milliseconds ago. The driver has not received any packets from the server.
2026-06-12T13:08:53.463+09:00  WARN 15060 --- [quality-service] [http-nio-8083-exec-14] o.h.engine.jdbc.spi.SqlExceptionHelper   : SQL Error: 0, SQLState: 08S01
2026-06-12T13:08:53.463+09:00 ERROR 15060 --- [quality-service] [http-nio-8083-exec-14] o.h.engine.jdbc.spi.SqlExceptionHelper   : HikariPool-1 - Connection is not available, request timed out after 30007ms (total=0, active=0, idle=0, waiting=1)
2026-06-12T13:08:53.463+09:00 ERROR 15060 --- [quality-service] [http-nio-8083-exec-14] o.h.engine.jdbc.spi.SqlExceptionHelper   : Communications link failure

The last packet sent successfully to the server was 0 milliseconds ago. The driver has not received any packets from the server.
2026-06-12T13:08:53.463+09:00 ERROR 15060 --- [quality-service] [http-nio-8083-exec-12] o.a.c.c.C.[.[.[/].[dispatcherServlet]    : Servlet.service() for servlet [dispatcherServlet] in context with path [] threw exception [Request processing failed: org.springframework.transaction.CannotCreateTransactionException: Could not open JPA EntityManager for transaction] with root cause

java.net.ConnectException: Connection refused: no further information
	at java.base/sun.nio.ch.Net.pollConnect(Native Method) ~[na:na]
	at java.base/sun.nio.ch.Net.pollConnectNow(Net.java:672) ~[na:na]
	at java.base/sun.nio.ch.NioSocketImpl.timedFinishConnect(NioSocketImpl.java:547) ~[na:na]
	at java.base/sun.nio.ch.NioSocketImpl.connect(NioSocketImpl.java:602) ~[na:na]
	at java.base/java.net.SocksSocketImpl.connect(SocksSocketImpl.java:327) ~[na:na]
	at java.base/java.net.Socket.connect(Socket.java:633) ~[na:na]
	at com.mysql.cj.protocol.StandardSocketFactory.connect(StandardSocketFactory.java:153) ~[mysql-connector-j-8.3.0.jar:8.3.0]
	at com.mysql.cj.protocol.a.NativeSocketConnection.connect(NativeSocketConnection.java:62) ~[mysql-connector-j-8.3.0.jar:8.3.0]
	at com.mysql.cj.NativeSession.connect(NativeSession.java:120) ~[mysql-connector-j-8.3.0.jar:8.3.0]
	at com.mysql.cj.jdbc.ConnectionImpl.connectOneTryOnly(ConnectionImpl.java:935) ~[mysql-connector-j-8.3.0.jar:8.3.0]
	at com.mysql.cj.jdbc.ConnectionImpl.createNewIO(ConnectionImpl.java:805) ~[mysql-connector-j-8.3.0.jar:8.3.0]
	at com.mysql.cj.jdbc.ConnectionImpl.<init>(ConnectionImpl.java:438) ~[mysql-connector-j-8.3.0.jar:8.3.0]
	at com.mysql.cj.jdbc.ConnectionImpl.getInstance(ConnectionImpl.java:241) ~[mysql-connector-j-8.3.0.jar:8.3.0]
	at com.mysql.cj.jdbc.NonRegisteringDriver.connect(NonRegisteringDriver.java:189) ~[mysql-connector-j-8.3.0.jar:8.3.0]
	at com.zaxxer.hikari.util.DriverDataSource.getConnection(DriverDataSource.java:137) ~[HikariCP-5.1.0.jar:na]
	at com.zaxxer.hikari.pool.PoolBase.newConnection(PoolBase.java:360) ~[HikariCP-5.1.0.jar:na]
	at com.zaxxer.hikari.pool.PoolBase.newPoolEntry(PoolBase.java:202) ~[HikariCP-5.1.0.jar:na]
	at com.zaxxer.hikari.pool.HikariPool.createPoolEntry(HikariPool.java:461) ~[HikariCP-5.1.0.jar:na]
	at com.zaxxer.hikari.pool.HikariPool$PoolEntryCreator.call(HikariPool.java:724) ~[HikariCP-5.1.0.jar:na]
	at com.zaxxer.hikari.pool.HikariPool$PoolEntryCreator.call(HikariPool.java:703) ~[HikariCP-5.1.0.jar:na]
	at java.base/java.util.concurrent.FutureTask.run(FutureTask.java:264) ~[na:na]
	at java.base/java.util.concurrent.ThreadPoolExecutor.runWorker(ThreadPoolExecutor.java:1136) ~[na:na]
	at java.base/java.util.concurrent.ThreadPoolExecutor$Worker.run(ThreadPoolExecutor.java:635) ~[na:na]
	at java.base/java.lang.Thread.run(Thread.java:842) ~[na:na]

2026-06-12T13:08:53.463+09:00 ERROR 15060 --- [quality-service] [http-nio-8083-exec-15] o.a.c.c.C.[.[.[/].[dispatcherServlet]    : Servlet.service() for servlet [dispatcherServlet] in context with path [] threw exception [Request processing failed: org.springframework.transaction.CannotCreateTransactionException: Could not open JPA EntityManager for transaction] with root cause

java.net.ConnectException: Connection refused: no further information
	at java.base/sun.nio.ch.Net.pollConnect(Native Method) ~[na:na]
	at java.base/sun.nio.ch.Net.pollConnectNow(Net.java:672) ~[na:na]
	at java.base/sun.nio.ch.NioSocketImpl.timedFinishConnect(NioSocketImpl.java:547) ~[na:na]
	at java.base/sun.nio.ch.NioSocketImpl.connect(NioSocketImpl.java:602) ~[na:na]
	at java.base/java.net.SocksSocketImpl.connect(SocksSocketImpl.java:327) ~[na:na]
	at java.base/java.net.Socket.connect(Socket.java:633) ~[na:na]
	at com.mysql.cj.protocol.StandardSocketFactory.connect(StandardSocketFactory.java:153) ~[mysql-connector-j-8.3.0.jar:8.3.0]
	at com.mysql.cj.protocol.a.NativeSocketConnection.connect(NativeSocketConnection.java:62) ~[mysql-connector-j-8.3.0.jar:8.3.0]
	at com.mysql.cj.NativeSession.connect(NativeSession.java:120) ~[mysql-connector-j-8.3.0.jar:8.3.0]
	at com.mysql.cj.jdbc.ConnectionImpl.connectOneTryOnly(ConnectionImpl.java:935) ~[mysql-connector-j-8.3.0.jar:8.3.0]
	at com.mysql.cj.jdbc.ConnectionImpl.createNewIO(ConnectionImpl.java:805) ~[mysql-connector-j-8.3.0.jar:8.3.0]
	at com.mysql.cj.jdbc.ConnectionImpl.<init>(ConnectionImpl.java:438) ~[mysql-connector-j-8.3.0.jar:8.3.0]
	at com.mysql.cj.jdbc.ConnectionImpl.getInstance(ConnectionImpl.java:241) ~[mysql-connector-j-8.3.0.jar:8.3.0]
	at com.mysql.cj.jdbc.NonRegisteringDriver.connect(NonRegisteringDriver.java:189) ~[mysql-connector-j-8.3.0.jar:8.3.0]
	at com.zaxxer.hikari.util.DriverDataSource.getConnection(DriverDataSource.java:137) ~[HikariCP-5.1.0.jar:na]
	at com.zaxxer.hikari.pool.PoolBase.newConnection(PoolBase.java:360) ~[HikariCP-5.1.0.jar:na]
	at com.zaxxer.hikari.pool.PoolBase.newPoolEntry(PoolBase.java:202) ~[HikariCP-5.1.0.jar:na]
	at com.zaxxer.hikari.pool.HikariPool.createPoolEntry(HikariPool.java:461) ~[HikariCP-5.1.0.jar:na]
	at com.zaxxer.hikari.pool.HikariPool$PoolEntryCreator.call(HikariPool.java:724) ~[HikariCP-5.1.0.jar:na]
	at com.zaxxer.hikari.pool.HikariPool$PoolEntryCreator.call(HikariPool.java:703) ~[HikariCP-5.1.0.jar:na]
	at java.base/java.util.concurrent.FutureTask.run(FutureTask.java:264) ~[na:na]
	at java.base/java.util.concurrent.ThreadPoolExecutor.runWorker(ThreadPoolExecutor.java:1136) ~[na:na]
	at java.base/java.util.concurrent.ThreadPoolExecutor$Worker.run(ThreadPoolExecutor.java:635) ~[na:na]
	at java.base/java.lang.Thread.run(Thread.java:842) ~[na:na]

2026-06-12T13:08:53.464+09:00 ERROR 15060 --- [quality-service] [http-nio-8083-exec-14] o.a.c.c.C.[.[.[/].[dispatcherServlet]    : Servlet.service() for servlet [dispatcherServlet] in context with path [] threw exception [Request processing failed: org.springframework.transaction.CannotCreateTransactionException: Could not open JPA EntityManager for transaction] with root cause

java.net.ConnectException: Connection refused: no further information
	at java.base/sun.nio.ch.Net.pollConnect(Native Method) ~[na:na]
	at java.base/sun.nio.ch.Net.pollConnectNow(Net.java:672) ~[na:na]
	at java.base/sun.nio.ch.NioSocketImpl.timedFinishConnect(NioSocketImpl.java:547) ~[na:na]
	at java.base/sun.nio.ch.NioSocketImpl.connect(NioSocketImpl.java:602) ~[na:na]
	at java.base/java.net.SocksSocketImpl.connect(SocksSocketImpl.java:327) ~[na:na]
	at java.base/java.net.Socket.connect(Socket.java:633) ~[na:na]
	at com.mysql.cj.protocol.StandardSocketFactory.connect(StandardSocketFactory.java:153) ~[mysql-connector-j-8.3.0.jar:8.3.0]
	at com.mysql.cj.protocol.a.NativeSocketConnection.connect(NativeSocketConnection.java:62) ~[mysql-connector-j-8.3.0.jar:8.3.0]
	at com.mysql.cj.NativeSession.connect(NativeSession.java:120) ~[mysql-connector-j-8.3.0.jar:8.3.0]
	at com.mysql.cj.jdbc.ConnectionImpl.connectOneTryOnly(ConnectionImpl.java:935) ~[mysql-connector-j-8.3.0.jar:8.3.0]
	at com.mysql.cj.jdbc.ConnectionImpl.createNewIO(ConnectionImpl.java:805) ~[mysql-connector-j-8.3.0.jar:8.3.0]
	at com.mysql.cj.jdbc.ConnectionImpl.<init>(ConnectionImpl.java:438) ~[mysql-connector-j-8.3.0.jar:8.3.0]
	at com.mysql.cj.jdbc.ConnectionImpl.getInstance(ConnectionImpl.java:241) ~[mysql-connector-j-8.3.0.jar:8.3.0]
	at com.mysql.cj.jdbc.NonRegisteringDriver.connect(NonRegisteringDriver.java:189) ~[mysql-connector-j-8.3.0.jar:8.3.0]
	at com.zaxxer.hikari.util.DriverDataSource.getConnection(DriverDataSource.java:137) ~[HikariCP-5.1.0.jar:na]
	at com.zaxxer.hikari.pool.PoolBase.newConnection(PoolBase.java:360) ~[HikariCP-5.1.0.jar:na]
	at com.zaxxer.hikari.pool.PoolBase.newPoolEntry(PoolBase.java:202) ~[HikariCP-5.1.0.jar:na]
	at com.zaxxer.hikari.pool.HikariPool.createPoolEntry(HikariPool.java:461) ~[HikariCP-5.1.0.jar:na]
	at com.zaxxer.hikari.pool.HikariPool$PoolEntryCreator.call(HikariPool.java:724) ~[HikariCP-5.1.0.jar:na]
	at com.zaxxer.hikari.pool.HikariPool$PoolEntryCreator.call(HikariPool.java:703) ~[HikariCP-5.1.0.jar:na]
	at java.base/java.util.concurrent.FutureTask.run(FutureTask.java:264) ~[na:na]
	at java.base/java.util.concurrent.ThreadPoolExecutor.runWorker(ThreadPoolExecutor.java:1136) ~[na:na]
	at java.base/java.util.concurrent.ThreadPoolExecutor$Worker.run(ThreadPoolExecutor.java:635) ~[na:na]
	at java.base/java.lang.Thread.run(Thread.java:842) ~[na:na]

2026-06-12T13:08:53.463+09:00 ERROR 15060 --- [quality-service] [http-nio-8083-exec-13] o.a.c.c.C.[.[.[/].[dispatcherServlet]    : Servlet.service() for servlet [dispatcherServlet] in context with path [] threw exception [Request processing failed: org.springframework.transaction.CannotCreateTransactionException: Could not open JPA EntityManager for transaction] with root cause

java.net.ConnectException: Connection refused: no further information
	at java.base/sun.nio.ch.Net.pollConnect(Native Method) ~[na:na]
	at java.base/sun.nio.ch.Net.pollConnectNow(Net.java:672) ~[na:na]
	at java.base/sun.nio.ch.NioSocketImpl.timedFinishConnect(NioSocketImpl.java:547) ~[na:na]
	at java.base/sun.nio.ch.NioSocketImpl.connect(NioSocketImpl.java:602) ~[na:na]
	at java.base/java.net.SocksSocketImpl.connect(SocksSocketImpl.java:327) ~[na:na]
	at java.base/java.net.Socket.connect(Socket.java:633) ~[na:na]
	at com.mysql.cj.protocol.StandardSocketFactory.connect(StandardSocketFactory.java:153) ~[mysql-connector-j-8.3.0.jar:8.3.0]
	at com.mysql.cj.protocol.a.NativeSocketConnection.connect(NativeSocketConnection.java:62) ~[mysql-connector-j-8.3.0.jar:8.3.0]
	at com.mysql.cj.NativeSession.connect(NativeSession.java:120) ~[mysql-connector-j-8.3.0.jar:8.3.0]
	at com.mysql.cj.jdbc.ConnectionImpl.connectOneTryOnly(ConnectionImpl.java:935) ~[mysql-connector-j-8.3.0.jar:8.3.0]
	at com.mysql.cj.jdbc.ConnectionImpl.createNewIO(ConnectionImpl.java:805) ~[mysql-connector-j-8.3.0.jar:8.3.0]
	at com.mysql.cj.jdbc.ConnectionImpl.<init>(ConnectionImpl.java:438) ~[mysql-connector-j-8.3.0.jar:8.3.0]
	at com.mysql.cj.jdbc.ConnectionImpl.getInstance(ConnectionImpl.java:241) ~[mysql-connector-j-8.3.0.jar:8.3.0]
	at com.mysql.cj.jdbc.NonRegisteringDriver.connect(NonRegisteringDriver.java:189) ~[mysql-connector-j-8.3.0.jar:8.3.0]
	at com.zaxxer.hikari.util.DriverDataSource.getConnection(DriverDataSource.java:137) ~[HikariCP-5.1.0.jar:na]
	at com.zaxxer.hikari.pool.PoolBase.newConnection(PoolBase.java:360) ~[HikariCP-5.1.0.jar:na]
	at com.zaxxer.hikari.pool.PoolBase.newPoolEntry(PoolBase.java:202) ~[HikariCP-5.1.0.jar:na]
	at com.zaxxer.hikari.pool.HikariPool.createPoolEntry(HikariPool.java:461) ~[HikariCP-5.1.0.jar:na]
	at com.zaxxer.hikari.pool.HikariPool$PoolEntryCreator.call(HikariPool.java:724) ~[HikariCP-5.1.0.jar:na]
	at com.zaxxer.hikari.pool.HikariPool$PoolEntryCreator.call(HikariPool.java:703) ~[HikariCP-5.1.0.jar:na]
	at java.base/java.util.concurrent.FutureTask.run(FutureTask.java:264) ~[na:na]
	at java.base/java.util.concurrent.ThreadPoolExecutor.runWorker(ThreadPoolExecutor.java:1136) ~[na:na]
	at java.base/java.util.concurrent.ThreadPoolExecutor$Worker.run(ThreadPoolExecutor.java:635) ~[na:na]
	at java.base/java.lang.Thread.run(Thread.java:842) ~[na:na]

2026-06-12T13:09:13.496+09:00  WARN 15060 --- [quality-service] [http-nio-8083-exec-4] o.h.engine.jdbc.spi.SqlExceptionHelper   : SQL Error: 0, SQLState: 08S01
2026-06-12T13:09:13.496+09:00 ERROR 15060 --- [quality-service] [http-nio-8083-exec-4] o.h.engine.jdbc.spi.SqlExceptionHelper   : HikariPool-1 - Connection is not available, request timed out after 30012ms (total=0, active=0, idle=0, waiting=4)
2026-06-12T13:09:13.497+09:00 ERROR 15060 --- [quality-service] [http-nio-8083-exec-4] o.h.engine.jdbc.spi.SqlExceptionHelper   : Communications link failure

The last packet sent successfully to the server was 0 milliseconds ago. The driver has not received any packets from the server.
2026-06-12T13:09:13.498+09:00 ERROR 15060 --- [quality-service] [http-nio-8083-exec-4] o.a.c.c.C.[.[.[/].[dispatcherServlet]    : Servlet.service() for servlet [dispatcherServlet] in context with path [] threw exception [Request processing failed: org.springframework.transaction.CannotCreateTransactionException: Could not open JPA EntityManager for transaction] with root cause

java.net.ConnectException: Connection refused: no further information
	at java.base/sun.nio.ch.Net.pollConnect(Native Method) ~[na:na]
	at java.base/sun.nio.ch.Net.pollConnectNow(Net.java:672) ~[na:na]
	at java.base/sun.nio.ch.NioSocketImpl.timedFinishConnect(NioSocketImpl.java:547) ~[na:na]
	at java.base/sun.nio.ch.NioSocketImpl.connect(NioSocketImpl.java:602) ~[na:na]
	at java.base/java.net.SocksSocketImpl.connect(SocksSocketImpl.java:327) ~[na:na]
	at java.base/java.net.Socket.connect(Socket.java:633) ~[na:na]
	at com.mysql.cj.protocol.StandardSocketFactory.connect(StandardSocketFactory.java:153) ~[mysql-connector-j-8.3.0.jar:8.3.0]
	at com.mysql.cj.protocol.a.NativeSocketConnection.connect(NativeSocketConnection.java:62) ~[mysql-connector-j-8.3.0.jar:8.3.0]
	at com.mysql.cj.NativeSession.connect(NativeSession.java:120) ~[mysql-connector-j-8.3.0.jar:8.3.0]
	at com.mysql.cj.jdbc.ConnectionImpl.connectOneTryOnly(ConnectionImpl.java:935) ~[mysql-connector-j-8.3.0.jar:8.3.0]
	at com.mysql.cj.jdbc.ConnectionImpl.createNewIO(ConnectionImpl.java:805) ~[mysql-connector-j-8.3.0.jar:8.3.0]
	at com.mysql.cj.jdbc.ConnectionImpl.<init>(ConnectionImpl.java:438) ~[mysql-connector-j-8.3.0.jar:8.3.0]
	at com.mysql.cj.jdbc.ConnectionImpl.getInstance(ConnectionImpl.java:241) ~[mysql-connector-j-8.3.0.jar:8.3.0]
	at com.mysql.cj.jdbc.NonRegisteringDriver.connect(NonRegisteringDriver.java:189) ~[mysql-connector-j-8.3.0.jar:8.3.0]
	at com.zaxxer.hikari.util.DriverDataSource.getConnection(DriverDataSource.java:137) ~[HikariCP-5.1.0.jar:na]
	at com.zaxxer.hikari.pool.PoolBase.newConnection(PoolBase.java:360) ~[HikariCP-5.1.0.jar:na]
	at com.zaxxer.hikari.pool.PoolBase.newPoolEntry(PoolBase.java:202) ~[HikariCP-5.1.0.jar:na]
	at com.zaxxer.hikari.pool.HikariPool.createPoolEntry(HikariPool.java:461) ~[HikariCP-5.1.0.jar:na]
	at com.zaxxer.hikari.pool.HikariPool$PoolEntryCreator.call(HikariPool.java:724) ~[HikariCP-5.1.0.jar:na]
	at com.zaxxer.hikari.pool.HikariPool$PoolEntryCreator.call(HikariPool.java:703) ~[HikariCP-5.1.0.jar:na]
	at java.base/java.util.concurrent.FutureTask.run(FutureTask.java:264) ~[na:na]
	at java.base/java.util.concurrent.ThreadPoolExecutor.runWorker(ThreadPoolExecutor.java:1136) ~[na:na]
	at java.base/java.util.concurrent.ThreadPoolExecutor$Worker.run(ThreadPoolExecutor.java:635) ~[na:na]
	at java.base/java.lang.Thread.run(Thread.java:842) ~[na:na]

2026-06-12T13:09:23.476+09:00  WARN 15060 --- [quality-service] [http-nio-8083-exec-5] o.h.engine.jdbc.spi.SqlExceptionHelper   : SQL Error: 0, SQLState: 08S01
2026-06-12T13:09:23.476+09:00  WARN 15060 --- [quality-service] [http-nio-8083-exec-2] o.h.engine.jdbc.spi.SqlExceptionHelper   : SQL Error: 0, SQLState: 08S01
2026-06-12T13:09:23.477+09:00 ERROR 15060 --- [quality-service] [http-nio-8083-exec-5] o.h.engine.jdbc.spi.SqlExceptionHelper   : HikariPool-1 - Connection is not available, request timed out after 30012ms (total=0, active=0, idle=0, waiting=3)
2026-06-12T13:09:23.477+09:00 ERROR 15060 --- [quality-service] [http-nio-8083-exec-2] o.h.engine.jdbc.spi.SqlExceptionHelper   : HikariPool-1 - Connection is not available, request timed out after 30004ms (total=0, active=0, idle=0, waiting=2)
2026-06-12T13:09:23.477+09:00 ERROR 15060 --- [quality-service] [http-nio-8083-exec-5] o.h.engine.jdbc.spi.SqlExceptionHelper   : Communications link failure

The last packet sent successfully to the server was 0 milliseconds ago. The driver has not received any packets from the server.
2026-06-12T13:09:23.477+09:00 ERROR 15060 --- [quality-service] [http-nio-8083-exec-2] o.h.engine.jdbc.spi.SqlExceptionHelper   : Communications link failure

The last packet sent successfully to the server was 0 milliseconds ago. The driver has not received any packets from the server.
2026-06-12T13:09:23.477+09:00 ERROR 15060 --- [quality-service] [http-nio-8083-exec-5] o.a.c.c.C.[.[.[/].[dispatcherServlet]    : Servlet.service() for servlet [dispatcherServlet] in context with path [] threw exception [Request processing failed: org.springframework.transaction.CannotCreateTransactionException: Could not open JPA EntityManager for transaction] with root cause

java.net.ConnectException: Connection refused: no further information
	at java.base/sun.nio.ch.Net.pollConnect(Native Method) ~[na:na]
	at java.base/sun.nio.ch.Net.pollConnectNow(Net.java:672) ~[na:na]
	at java.base/sun.nio.ch.NioSocketImpl.timedFinishConnect(NioSocketImpl.java:547) ~[na:na]
	at java.base/sun.nio.ch.NioSocketImpl.connect(NioSocketImpl.java:602) ~[na:na]
	at java.base/java.net.SocksSocketImpl.connect(SocksSocketImpl.java:327) ~[na:na]
	at java.base/java.net.Socket.connect(Socket.java:633) ~[na:na]
	at com.mysql.cj.protocol.StandardSocketFactory.connect(StandardSocketFactory.java:153) ~[mysql-connector-j-8.3.0.jar:8.3.0]
	at com.mysql.cj.protocol.a.NativeSocketConnection.connect(NativeSocketConnection.java:62) ~[mysql-connector-j-8.3.0.jar:8.3.0]
	at com.mysql.cj.NativeSession.connect(NativeSession.java:120) ~[mysql-connector-j-8.3.0.jar:8.3.0]
	at com.mysql.cj.jdbc.ConnectionImpl.connectOneTryOnly(ConnectionImpl.java:935) ~[mysql-connector-j-8.3.0.jar:8.3.0]
	at com.mysql.cj.jdbc.ConnectionImpl.createNewIO(ConnectionImpl.java:805) ~[mysql-connector-j-8.3.0.jar:8.3.0]
	at com.mysql.cj.jdbc.ConnectionImpl.<init>(ConnectionImpl.java:438) ~[mysql-connector-j-8.3.0.jar:8.3.0]
	at com.mysql.cj.jdbc.ConnectionImpl.getInstance(ConnectionImpl.java:241) ~[mysql-connector-j-8.3.0.jar:8.3.0]
	at com.mysql.cj.jdbc.NonRegisteringDriver.connect(NonRegisteringDriver.java:189) ~[mysql-connector-j-8.3.0.jar:8.3.0]
	at com.zaxxer.hikari.util.DriverDataSource.getConnection(DriverDataSource.java:137) ~[HikariCP-5.1.0.jar:na]
	at com.zaxxer.hikari.pool.PoolBase.newConnection(PoolBase.java:360) ~[HikariCP-5.1.0.jar:na]
	at com.zaxxer.hikari.pool.PoolBase.newPoolEntry(PoolBase.java:202) ~[HikariCP-5.1.0.jar:na]
	at com.zaxxer.hikari.pool.HikariPool.createPoolEntry(HikariPool.java:461) ~[HikariCP-5.1.0.jar:na]
	at com.zaxxer.hikari.pool.HikariPool$PoolEntryCreator.call(HikariPool.java:724) ~[HikariCP-5.1.0.jar:na]
	at com.zaxxer.hikari.pool.HikariPool$PoolEntryCreator.call(HikariPool.java:703) ~[HikariCP-5.1.0.jar:na]
	at java.base/java.util.concurrent.FutureTask.run(FutureTask.java:264) ~[na:na]
	at java.base/java.util.concurrent.ThreadPoolExecutor.runWorker(ThreadPoolExecutor.java:1136) ~[na:na]
	at java.base/java.util.concurrent.ThreadPoolExecutor$Worker.run(ThreadPoolExecutor.java:635) ~[na:na]
	at java.base/java.lang.Thread.run(Thread.java:842) ~[na:na]

2026-06-12T13:09:23.477+09:00 ERROR 15060 --- [quality-service] [http-nio-8083-exec-2] o.a.c.c.C.[.[.[/].[dispatcherServlet]    : Servlet.service() for servlet [dispatcherServlet] in context with path [] threw exception [Request processing failed: org.springframework.transaction.CannotCreateTransactionException: Could not open JPA EntityManager for transaction] with root cause

java.net.ConnectException: Connection refused: no further information
	at java.base/sun.nio.ch.Net.pollConnect(Native Method) ~[na:na]
	at java.base/sun.nio.ch.Net.pollConnectNow(Net.java:672) ~[na:na]
	at java.base/sun.nio.ch.NioSocketImpl.timedFinishConnect(NioSocketImpl.java:547) ~[na:na]
	at java.base/sun.nio.ch.NioSocketImpl.connect(NioSocketImpl.java:602) ~[na:na]
	at java.base/java.net.SocksSocketImpl.connect(SocksSocketImpl.java:327) ~[na:na]
	at java.base/java.net.Socket.connect(Socket.java:633) ~[na:na]
	at com.mysql.cj.protocol.StandardSocketFactory.connect(StandardSocketFactory.java:153) ~[mysql-connector-j-8.3.0.jar:8.3.0]
	at com.mysql.cj.protocol.a.NativeSocketConnection.connect(NativeSocketConnection.java:62) ~[mysql-connector-j-8.3.0.jar:8.3.0]
	at com.mysql.cj.NativeSession.connect(NativeSession.java:120) ~[mysql-connector-j-8.3.0.jar:8.3.0]
	at com.mysql.cj.jdbc.ConnectionImpl.connectOneTryOnly(ConnectionImpl.java:935) ~[mysql-connector-j-8.3.0.jar:8.3.0]
	at com.mysql.cj.jdbc.ConnectionImpl.createNewIO(ConnectionImpl.java:805) ~[mysql-connector-j-8.3.0.jar:8.3.0]
	at com.mysql.cj.jdbc.ConnectionImpl.<init>(ConnectionImpl.java:438) ~[mysql-connector-j-8.3.0.jar:8.3.0]
	at com.mysql.cj.jdbc.ConnectionImpl.getInstance(ConnectionImpl.java:241) ~[mysql-connector-j-8.3.0.jar:8.3.0]
	at com.mysql.cj.jdbc.NonRegisteringDriver.connect(NonRegisteringDriver.java:189) ~[mysql-connector-j-8.3.0.jar:8.3.0]
	at com.zaxxer.hikari.util.DriverDataSource.getConnection(DriverDataSource.java:137) ~[HikariCP-5.1.0.jar:na]
	at com.zaxxer.hikari.pool.PoolBase.newConnection(PoolBase.java:360) ~[HikariCP-5.1.0.jar:na]
	at com.zaxxer.hikari.pool.PoolBase.newPoolEntry(PoolBase.java:202) ~[HikariCP-5.1.0.jar:na]
	at com.zaxxer.hikari.pool.HikariPool.createPoolEntry(HikariPool.java:461) ~[HikariCP-5.1.0.jar:na]
	at com.zaxxer.hikari.pool.HikariPool$PoolEntryCreator.call(HikariPool.java:724) ~[HikariCP-5.1.0.jar:na]
	at com.zaxxer.hikari.pool.HikariPool$PoolEntryCreator.call(HikariPool.java:703) ~[HikariCP-5.1.0.jar:na]
	at java.base/java.util.concurrent.FutureTask.run(FutureTask.java:264) ~[na:na]
	at java.base/java.util.concurrent.ThreadPoolExecutor.runWorker(ThreadPoolExecutor.java:1136) ~[na:na]
	at java.base/java.util.concurrent.ThreadPoolExecutor$Worker.run(ThreadPoolExecutor.java:635) ~[na:na]
	at java.base/java.lang.Thread.run(Thread.java:842) ~[na:na]

2026-06-12T13:09:23.492+09:00  WARN 15060 --- [quality-service] [http-nio-8083-exec-8] o.h.engine.jdbc.spi.SqlExceptionHelper   : SQL Error: 0, SQLState: 08S01
2026-06-12T13:09:23.492+09:00  WARN 15060 --- [quality-service] [http-nio-8083-exec-6] o.h.engine.jdbc.spi.SqlExceptionHelper   : SQL Error: 0, SQLState: 08S01
2026-06-12T13:09:23.493+09:00 ERROR 15060 --- [quality-service] [http-nio-8083-exec-8] o.h.engine.jdbc.spi.SqlExceptionHelper   : HikariPool-1 - Connection is not available, request timed out after 30013ms (total=0, active=0, idle=0, waiting=0)
2026-06-12T13:09:23.493+09:00 ERROR 15060 --- [quality-service] [http-nio-8083-exec-6] o.h.engine.jdbc.spi.SqlExceptionHelper   : HikariPool-1 - Connection is not available, request timed out after 30011ms (total=0, active=0, idle=0, waiting=0)
2026-06-12T13:09:23.493+09:00 ERROR 15060 --- [quality-service] [http-nio-8083-exec-6] o.h.engine.jdbc.spi.SqlExceptionHelper   : Communications link failure

The last packet sent successfully to the server was 0 milliseconds ago. The driver has not received any packets from the server.
2026-06-12T13:09:23.493+09:00 ERROR 15060 --- [quality-service] [http-nio-8083-exec-8] o.h.engine.jdbc.spi.SqlExceptionHelper   : Communications link failure

The last packet sent successfully to the server was 0 milliseconds ago. The driver has not received any packets from the server.
2026-06-12T13:09:23.494+09:00 ERROR 15060 --- [quality-service] [http-nio-8083-exec-8] o.a.c.c.C.[.[.[/].[dispatcherServlet]    : Servlet.service() for servlet [dispatcherServlet] in context with path [] threw exception [Request processing failed: org.springframework.transaction.CannotCreateTransactionException: Could not open JPA EntityManager for transaction] with root cause

java.net.ConnectException: Connection refused: no further information
	at java.base/sun.nio.ch.Net.pollConnect(Native Method) ~[na:na]
	at java.base/sun.nio.ch.Net.pollConnectNow(Net.java:672) ~[na:na]
	at java.base/sun.nio.ch.NioSocketImpl.timedFinishConnect(NioSocketImpl.java:547) ~[na:na]
	at java.base/sun.nio.ch.NioSocketImpl.connect(NioSocketImpl.java:602) ~[na:na]
	at java.base/java.net.SocksSocketImpl.connect(SocksSocketImpl.java:327) ~[na:na]
	at java.base/java.net.Socket.connect(Socket.java:633) ~[na:na]
	at com.mysql.cj.protocol.StandardSocketFactory.connect(StandardSocketFactory.java:153) ~[mysql-connector-j-8.3.0.jar:8.3.0]
	at com.mysql.cj.protocol.a.NativeSocketConnection.connect(NativeSocketConnection.java:62) ~[mysql-connector-j-8.3.0.jar:8.3.0]
	at com.mysql.cj.NativeSession.connect(NativeSession.java:120) ~[mysql-connector-j-8.3.0.jar:8.3.0]
	at com.mysql.cj.jdbc.ConnectionImpl.connectOneTryOnly(ConnectionImpl.java:935) ~[mysql-connector-j-8.3.0.jar:8.3.0]
	at com.mysql.cj.jdbc.ConnectionImpl.createNewIO(ConnectionImpl.java:805) ~[mysql-connector-j-8.3.0.jar:8.3.0]
	at com.mysql.cj.jdbc.ConnectionImpl.<init>(ConnectionImpl.java:438) ~[mysql-connector-j-8.3.0.jar:8.3.0]
	at com.mysql.cj.jdbc.ConnectionImpl.getInstance(ConnectionImpl.java:241) ~[mysql-connector-j-8.3.0.jar:8.3.0]
	at com.mysql.cj.jdbc.NonRegisteringDriver.connect(NonRegisteringDriver.java:189) ~[mysql-connector-j-8.3.0.jar:8.3.0]
	at com.zaxxer.hikari.util.DriverDataSource.getConnection(DriverDataSource.java:137) ~[HikariCP-5.1.0.jar:na]
	at com.zaxxer.hikari.pool.PoolBase.newConnection(PoolBase.java:360) ~[HikariCP-5.1.0.jar:na]
	at com.zaxxer.hikari.pool.PoolBase.newPoolEntry(PoolBase.java:202) ~[HikariCP-5.1.0.jar:na]
	at com.zaxxer.hikari.pool.HikariPool.createPoolEntry(HikariPool.java:461) ~[HikariCP-5.1.0.jar:na]
	at com.zaxxer.hikari.pool.HikariPool$PoolEntryCreator.call(HikariPool.java:724) ~[HikariCP-5.1.0.jar:na]
	at com.zaxxer.hikari.pool.HikariPool$PoolEntryCreator.call(HikariPool.java:703) ~[HikariCP-5.1.0.jar:na]
	at java.base/java.util.concurrent.FutureTask.run(FutureTask.java:264) ~[na:na]
	at java.base/java.util.concurrent.ThreadPoolExecutor.runWorker(ThreadPoolExecutor.java:1136) ~[na:na]
	at java.base/java.util.concurrent.ThreadPoolExecutor$Worker.run(ThreadPoolExecutor.java:635) ~[na:na]
	at java.base/java.lang.Thread.run(Thread.java:842) ~[na:na]

2026-06-12T13:09:23.494+09:00 ERROR 15060 --- [quality-service] [http-nio-8083-exec-6] o.a.c.c.C.[.[.[/].[dispatcherServlet]    : Servlet.service() for servlet [dispatcherServlet] in context with path [] threw exception [Request processing failed: org.springframework.transaction.CannotCreateTransactionException: Could not open JPA EntityManager for transaction] with root cause

java.net.ConnectException: Connection refused: no further information
	at java.base/sun.nio.ch.Net.pollConnect(Native Method) ~[na:na]
	at java.base/sun.nio.ch.Net.pollConnectNow(Net.java:672) ~[na:na]
	at java.base/sun.nio.ch.NioSocketImpl.timedFinishConnect(NioSocketImpl.java:547) ~[na:na]
	at java.base/sun.nio.ch.NioSocketImpl.connect(NioSocketImpl.java:602) ~[na:na]
	at java.base/java.net.SocksSocketImpl.connect(SocksSocketImpl.java:327) ~[na:na]
	at java.base/java.net.Socket.connect(Socket.java:633) ~[na:na]
	at com.mysql.cj.protocol.StandardSocketFactory.connect(StandardSocketFactory.java:153) ~[mysql-connector-j-8.3.0.jar:8.3.0]
	at com.mysql.cj.protocol.a.NativeSocketConnection.connect(NativeSocketConnection.java:62) ~[mysql-connector-j-8.3.0.jar:8.3.0]
	at com.mysql.cj.NativeSession.connect(NativeSession.java:120) ~[mysql-connector-j-8.3.0.jar:8.3.0]
	at com.mysql.cj.jdbc.ConnectionImpl.connectOneTryOnly(ConnectionImpl.java:935) ~[mysql-connector-j-8.3.0.jar:8.3.0]
	at com.mysql.cj.jdbc.ConnectionImpl.createNewIO(ConnectionImpl.java:805) ~[mysql-connector-j-8.3.0.jar:8.3.0]
	at com.mysql.cj.jdbc.ConnectionImpl.<init>(ConnectionImpl.java:438) ~[mysql-connector-j-8.3.0.jar:8.3.0]
	at com.mysql.cj.jdbc.ConnectionImpl.getInstance(ConnectionImpl.java:241) ~[mysql-connector-j-8.3.0.jar:8.3.0]
	at com.mysql.cj.jdbc.NonRegisteringDriver.connect(NonRegisteringDriver.java:189) ~[mysql-connector-j-8.3.0.jar:8.3.0]
	at com.zaxxer.hikari.util.DriverDataSource.getConnection(DriverDataSource.java:137) ~[HikariCP-5.1.0.jar:na]
	at com.zaxxer.hikari.pool.PoolBase.newConnection(PoolBase.java:360) ~[HikariCP-5.1.0.jar:na]
	at com.zaxxer.hikari.pool.PoolBase.newPoolEntry(PoolBase.java:202) ~[HikariCP-5.1.0.jar:na]
	at com.zaxxer.hikari.pool.HikariPool.createPoolEntry(HikariPool.java:461) ~[HikariCP-5.1.0.jar:na]
	at com.zaxxer.hikari.pool.HikariPool$PoolEntryCreator.call(HikariPool.java:724) ~[HikariCP-5.1.0.jar:na]
	at com.zaxxer.hikari.pool.HikariPool$PoolEntryCreator.call(HikariPool.java:703) ~[HikariCP-5.1.0.jar:na]
	at java.base/java.util.concurrent.FutureTask.run(FutureTask.java:264) ~[na:na]
	at java.base/java.util.concurrent.ThreadPoolExecutor.runWorker(ThreadPoolExecutor.java:1136) ~[na:na]
	at java.base/java.util.concurrent.ThreadPoolExecutor$Worker.run(ThreadPoolExecutor.java:635) ~[na:na]
	at java.base/java.lang.Thread.run(Thread.java:842) ~[na:na]

2026-06-12T13:10:17.653+09:00 DEBUG 15060 --- [quality-service] [http-nio-8083-exec-4] org.hibernate.SQL                        : select ip1_0.id,ip1_0.completed_count,ip1_0.created_at,ip1_0.process_name,ip1_0.process_status,ip1_0.progress_rate,ip1_0.total_vehicle_count,ip1_0.waiting_count from inspection_process ip1_0
2026-06-12T13:10:57.960+09:00 DEBUG 15060 --- [quality-service] [http-nio-8083-exec-14] org.hibernate.SQL                        : select irh1_0.id,irh1_0.inspection_type,irh1_0.record_time,irh1_0.risk_score from inspection_risk_history irh1_0
2026-06-12T13:10:57.960+09:00 DEBUG 15060 --- [quality-service] [http-nio-8083-exec-15] org.hibernate.SQL                        : select is1_0.id,is1_0.abnormal_count,is1_0.abnormal_rate,is1_0.created_at,is1_0.normal_count,is1_0.normal_rate,is1_0.stanby_count,is1_0.total_count from inspection_summary is1_0
2026-06-12T13:10:57.960+09:00 DEBUG 15060 --- [quality-service] [http-nio-8083-exec-12] org.hibernate.SQL                        : select isd1_0.id,isd1_0.att,isd1_0.battery_voltage,isd1_0.car_code,isd1_0.created_at,isd1_0.fuel_rate,isd1_0.gear,isd1_0.inspection_no,isd1_0.inspection_result,isd1_0.issue_message,isd1_0.speed,isd1_0.status_score,isd1_0.vehicle_id from inspection_status_detail isd1_0
2026-06-12T13:10:57.960+09:00 DEBUG 15060 --- [quality-service] [http-nio-8083-exec-13] org.hibernate.SQL                        : select idd1_0.id,idd1_0.brake_pressure,idd1_0.car_code,idd1_0.created_at,idd1_0.drive_score,idd1_0.driving_pattern,idd1_0.inspection_no,idd1_0.inspection_result,idd1_0.issue_message,idd1_0.steering_angle,idd1_0.throttle_position,idd1_0.vehicle_id from inspection_drive_detail idd1_0
2026-06-12T13:10:57.960+09:00 DEBUG 15060 --- [quality-service] [http-nio-8083-exec-10] org.hibernate.SQL                        : select ip1_0.id,ip1_0.completed_count,ip1_0.created_at,ip1_0.process_name,ip1_0.process_status,ip1_0.progress_rate,ip1_0.total_vehicle_count,ip1_0.waiting_count from inspection_process ip1_0
2026-06-12T13:10:58.052+09:00 DEBUG 15060 --- [quality-service] [http-nio-8083-exec-5] org.hibernate.SQL                        : select ip1_0.id,ip1_0.completed_count,ip1_0.created_at,ip1_0.process_name,ip1_0.process_status,ip1_0.progress_rate,ip1_0.total_vehicle_count,ip1_0.waiting_count from inspection_process ip1_0
2026-06-12T13:10:58.052+09:00 DEBUG 15060 --- [quality-service] [http-nio-8083-exec-4] org.hibernate.SQL                        : select irh1_0.id,irh1_0.inspection_type,irh1_0.record_time,irh1_0.risk_score from inspection_risk_history irh1_0
2026-06-12T13:10:58.060+09:00 DEBUG 15060 --- [quality-service] [http-nio-8083-exec-2] org.hibernate.SQL                        : select is1_0.id,is1_0.abnormal_count,is1_0.abnormal_rate,is1_0.created_at,is1_0.normal_count,is1_0.normal_rate,is1_0.stanby_count,is1_0.total_count from inspection_summary is1_0
2026-06-12T13:10:58.080+09:00 DEBUG 15060 --- [quality-service] [http-nio-8083-exec-12] org.hibernate.SQL                        : select isd1_0.id,isd1_0.att,isd1_0.battery_voltage,isd1_0.car_code,isd1_0.created_at,isd1_0.fuel_rate,isd1_0.gear,isd1_0.inspection_no,isd1_0.inspection_result,isd1_0.issue_message,isd1_0.speed,isd1_0.status_score,isd1_0.vehicle_id from inspection_status_detail isd1_0
2026-06-12T13:10:58.080+09:00 DEBUG 15060 --- [quality-service] [http-nio-8083-exec-8] org.hibernate.SQL                        : select idd1_0.id,idd1_0.brake_pressure,idd1_0.car_code,idd1_0.created_at,idd1_0.drive_score,idd1_0.driving_pattern,idd1_0.inspection_no,idd1_0.inspection_result,idd1_0.issue_message,idd1_0.steering_angle,idd1_0.throttle_position,idd1_0.vehicle_id from inspection_drive_detail idd1_0
2026-06-12T13:22:10.925+09:00 DEBUG 15060 --- [quality-service] [http-nio-8083-exec-8] org.hibernate.SQL                        : select is1_0.id,is1_0.abnormal_count,is1_0.abnormal_rate,is1_0.created_at,is1_0.normal_count,is1_0.normal_rate,is1_0.stanby_count,is1_0.total_count from inspection_summary is1_0
2026-06-12T13:22:10.960+09:00 DEBUG 15060 --- [quality-service] [http-nio-8083-exec-12] org.hibernate.SQL                        : select irh1_0.id,irh1_0.inspection_type,irh1_0.record_time,irh1_0.risk_score from inspection_risk_history irh1_0
2026-06-12T13:22:10.960+09:00 DEBUG 15060 --- [quality-service] [http-nio-8083-exec-5] org.hibernate.SQL                        : select idd1_0.id,idd1_0.brake_pressure,idd1_0.car_code,idd1_0.created_at,idd1_0.drive_score,idd1_0.driving_pattern,idd1_0.inspection_no,idd1_0.inspection_result,idd1_0.issue_message,idd1_0.steering_angle,idd1_0.throttle_position,idd1_0.vehicle_id from inspection_drive_detail idd1_0
2026-06-12T13:22:10.960+09:00 DEBUG 15060 --- [quality-service] [http-nio-8083-exec-4] org.hibernate.SQL                        : select ip1_0.id,ip1_0.completed_count,ip1_0.created_at,ip1_0.process_name,ip1_0.process_status,ip1_0.progress_rate,ip1_0.total_vehicle_count,ip1_0.waiting_count from inspection_process ip1_0
2026-06-12T13:22:10.960+09:00 DEBUG 15060 --- [quality-service] [http-nio-8083-exec-6] org.hibernate.SQL                        : select isd1_0.id,isd1_0.att,isd1_0.battery_voltage,isd1_0.car_code,isd1_0.created_at,isd1_0.fuel_rate,isd1_0.gear,isd1_0.inspection_no,isd1_0.inspection_result,isd1_0.issue_message,isd1_0.speed,isd1_0.status_score,isd1_0.vehicle_id from inspection_status_detail isd1_0
2026-06-12T13:22:16.066+09:00 DEBUG 15060 --- [quality-service] [http-nio-8083-exec-2] org.hibernate.SQL                        : select is1_0.id,is1_0.abnormal_count,is1_0.abnormal_rate,is1_0.created_at,is1_0.normal_count,is1_0.normal_rate,is1_0.stanby_count,is1_0.total_count from inspection_summary is1_0
2026-06-12T13:22:16.066+09:00 DEBUG 15060 --- [quality-service] [http-nio-8083-exec-14] org.hibernate.SQL                        : select irh1_0.id,irh1_0.inspection_type,irh1_0.record_time,irh1_0.risk_score from inspection_risk_history irh1_0
2026-06-12T13:22:16.066+09:00 DEBUG 15060 --- [quality-service] [http-nio-8083-exec-15] org.hibernate.SQL                        : select ip1_0.id,ip1_0.completed_count,ip1_0.created_at,ip1_0.process_name,ip1_0.process_status,ip1_0.progress_rate,ip1_0.total_vehicle_count,ip1_0.waiting_count from inspection_process ip1_0
2026-06-12T13:22:16.066+09:00 DEBUG 15060 --- [quality-service] [http-nio-8083-exec-10] org.hibernate.SQL                        : select isd1_0.id,isd1_0.att,isd1_0.battery_voltage,isd1_0.car_code,isd1_0.created_at,isd1_0.fuel_rate,isd1_0.gear,isd1_0.inspection_no,isd1_0.inspection_result,isd1_0.issue_message,isd1_0.speed,isd1_0.status_score,isd1_0.vehicle_id from inspection_status_detail isd1_0
2026-06-12T13:22:16.076+09:00 DEBUG 15060 --- [quality-service] [http-nio-8083-exec-13] org.hibernate.SQL                        : select idd1_0.id,idd1_0.brake_pressure,idd1_0.car_code,idd1_0.created_at,idd1_0.drive_score,idd1_0.driving_pattern,idd1_0.inspection_no,idd1_0.inspection_result,idd1_0.issue_message,idd1_0.steering_angle,idd1_0.throttle_position,idd1_0.vehicle_id from inspection_drive_detail idd1_0
2026-06-12T13:22:16.163+09:00 DEBUG 15060 --- [quality-service] [http-nio-8083-exec-8] org.hibernate.SQL                        : select irh1_0.id,irh1_0.inspection_type,irh1_0.record_time,irh1_0.risk_score from inspection_risk_history irh1_0
2026-06-12T13:22:16.166+09:00 DEBUG 15060 --- [quality-service] [http-nio-8083-exec-12] org.hibernate.SQL                        : select ip1_0.id,ip1_0.completed_count,ip1_0.created_at,ip1_0.process_name,ip1_0.process_status,ip1_0.progress_rate,ip1_0.total_vehicle_count,ip1_0.waiting_count from inspection_process ip1_0
2026-06-12T13:22:16.166+09:00 DEBUG 15060 --- [quality-service] [http-nio-8083-exec-4] org.hibernate.SQL                        : select isd1_0.id,isd1_0.att,isd1_0.battery_voltage,isd1_0.car_code,isd1_0.created_at,isd1_0.fuel_rate,isd1_0.gear,isd1_0.inspection_no,isd1_0.inspection_result,isd1_0.issue_message,isd1_0.speed,isd1_0.status_score,isd1_0.vehicle_id from inspection_status_detail isd1_0
2026-06-12T13:22:16.182+09:00 DEBUG 15060 --- [quality-service] [http-nio-8083-exec-6] org.hibernate.SQL                        : select is1_0.id,is1_0.abnormal_count,is1_0.abnormal_rate,is1_0.created_at,is1_0.normal_count,is1_0.normal_rate,is1_0.stanby_count,is1_0.total_count from inspection_summary is1_0
2026-06-12T13:22:16.197+09:00 DEBUG 15060 --- [quality-service] [http-nio-8083-exec-5] org.hibernate.SQL                        : select idd1_0.id,idd1_0.brake_pressure,idd1_0.car_code,idd1_0.created_at,idd1_0.drive_score,idd1_0.driving_pattern,idd1_0.inspection_no,idd1_0.inspection_result,idd1_0.issue_message,idd1_0.steering_angle,idd1_0.throttle_position,idd1_0.vehicle_id from inspection_drive_detail idd1_0
2026-06-12T13:28:15.685+09:00 DEBUG 15060 --- [quality-service] [http-nio-8083-exec-4] org.hibernate.SQL                        : select is1_0.id,is1_0.abnormal_count,is1_0.abnormal_rate,is1_0.created_at,is1_0.normal_count,is1_0.normal_rate,is1_0.stanby_count,is1_0.total_count from inspection_summary is1_0
2026-06-12T13:28:15.694+09:00 DEBUG 15060 --- [quality-service] [http-nio-8083-exec-12] org.hibernate.SQL                        : select ip1_0.id,ip1_0.completed_count,ip1_0.created_at,ip1_0.process_name,ip1_0.process_status,ip1_0.progress_rate,ip1_0.total_vehicle_count,ip1_0.waiting_count from inspection_process ip1_0
2026-06-12T13:28:15.695+09:00 DEBUG 15060 --- [quality-service] [http-nio-8083-exec-13] org.hibernate.SQL                        : select idd1_0.id,idd1_0.brake_pressure,idd1_0.car_code,idd1_0.created_at,idd1_0.drive_score,idd1_0.driving_pattern,idd1_0.inspection_no,idd1_0.inspection_result,idd1_0.issue_message,idd1_0.steering_angle,idd1_0.throttle_position,idd1_0.vehicle_id from inspection_drive_detail idd1_0
2026-06-12T13:28:15.694+09:00 DEBUG 15060 --- [quality-service] [http-nio-8083-exec-5] org.hibernate.SQL                        : select isd1_0.id,isd1_0.att,isd1_0.battery_voltage,isd1_0.car_code,isd1_0.created_at,isd1_0.fuel_rate,isd1_0.gear,isd1_0.inspection_no,isd1_0.inspection_result,isd1_0.issue_message,isd1_0.speed,isd1_0.status_score,isd1_0.vehicle_id from inspection_status_detail isd1_0
2026-06-12T13:28:15.694+09:00 DEBUG 15060 --- [quality-service] [http-nio-8083-exec-6] org.hibernate.SQL                        : select irh1_0.id,irh1_0.inspection_type,irh1_0.record_time,irh1_0.risk_score from inspection_risk_history irh1_0
2026-06-12T13:28:15.829+09:00 DEBUG 15060 --- [quality-service] [http-nio-8083-exec-14] org.hibernate.SQL                        : select is1_0.id,is1_0.abnormal_count,is1_0.abnormal_rate,is1_0.created_at,is1_0.normal_count,is1_0.normal_rate,is1_0.stanby_count,is1_0.total_count from inspection_summary is1_0
2026-06-12T13:28:15.838+09:00 DEBUG 15060 --- [quality-service] [http-nio-8083-exec-10] org.hibernate.SQL                        : select ip1_0.id,ip1_0.completed_count,ip1_0.created_at,ip1_0.process_name,ip1_0.process_status,ip1_0.progress_rate,ip1_0.total_vehicle_count,ip1_0.waiting_count from inspection_process ip1_0
2026-06-12T13:28:15.838+09:00 DEBUG 15060 --- [quality-service] [http-nio-8083-exec-8] org.hibernate.SQL                        : select irh1_0.id,irh1_0.inspection_type,irh1_0.record_time,irh1_0.risk_score from inspection_risk_history irh1_0
2026-06-12T13:28:15.838+09:00 DEBUG 15060 --- [quality-service] [http-nio-8083-exec-2] org.hibernate.SQL                        : select isd1_0.id,isd1_0.att,isd1_0.battery_voltage,isd1_0.car_code,isd1_0.created_at,isd1_0.fuel_rate,isd1_0.gear,isd1_0.inspection_no,isd1_0.inspection_result,isd1_0.issue_message,isd1_0.speed,isd1_0.status_score,isd1_0.vehicle_id from inspection_status_detail isd1_0
2026-06-12T13:28:15.926+09:00 DEBUG 15060 --- [quality-service] [http-nio-8083-exec-15] org.hibernate.SQL                        : select idd1_0.id,idd1_0.brake_pressure,idd1_0.car_code,idd1_0.created_at,idd1_0.drive_score,idd1_0.driving_pattern,idd1_0.inspection_no,idd1_0.inspection_result,idd1_0.issue_message,idd1_0.steering_angle,idd1_0.throttle_position,idd1_0.vehicle_id from inspection_drive_detail idd1_0
